{"type":"FeatureCollection","features":[{"type":"Feature","geometry":{"type":"Point","coordinates":[-70.22267,-18.51334]},"properties":{"nombre":"Yacimientos arqueológicos y paleontológicos del Departamento de Arica","region":"Arica y Parinacota","provincia":"Multiterritorial","comuna":"Multiterritorial","codigo_cmn":"00044_MH_MT","categoria":"Monumento Histórico","tipo_decreto":"Decreto Supremo","n_decreto":"4867","fecha_decreto":"13-07-1967","decreto_url":"https://www.monumentos.gob.cl/sites/default/files/decretos/MH_00044_1967_D04867.PDF"}},{"type":"Feature","geometry":{"type":"Point","coordinates":[-70.33215,-18.48048]},"properties":{"nombre":"Ex Isla del Alacrán y restos de fortificación","region":"Arica y Parinacota","provincia":"Arica","comuna":"Arica","codigo_cmn":"00406_MH_15101","categoria":"Monumento Histórico","tipo_decreto":"Decreto Supremo","n_decreto":"1002","fecha_decreto":"13-12-1985","decreto_url":"https://www.monumentos.gob.cl/sites/default/files/decretos/MH_00406_1985_D01002.PDF"}},{"type":"Feature","geometry":{"type":"Point","coordinates":[-69.60756,-18.20233]},"properties":{"nombre":"Pictografías de Vilacaurani","region":"Arica y Parinacota","provincia":"Parinacota","comuna":"Putre","codigo_cmn":"00052_MH_15201","categoria":"Monumento Histórico","tipo_decreto":"Decreto Supremo","n_decreto":"5591","fecha_decreto":"31-05-1969","decreto_url":"https://www.monumentos.gob.cl/sites/default/files/decretos/MH_00052_1969_D05591.PDF"}},{"type":"Feature","geometry":{"type":"Point","coordinates":[-69.26814,-18.20184]},"properties":{"nombre":"Iglesia de Parinacota","region":"Arica y Parinacota","provincia":"Parinacota","comuna":"Putre","codigo_cmn":"00231_MH_15201","categoria":"Monumento Histórico","tipo_decreto":"Decreto Supremo","n_decreto":"1158","fecha_decreto":"04-05-1979","decreto_url":"https://www.monumentos.gob.cl/sites/default/files/decretos/MH_00231_1979_D01158.PDF"}},{"type":"Feature","geometry":{"type":"Point","coordinates":[-69.53979,-18.47607]},"properties":{"nombre":"Pucará de Belén o Huaihuarani e Incahullo","region":"Arica y Parinacota","provincia":"Parinacota","comuna":"Putre","codigo_cmn":"00319_MH_15201","categoria":"Monumento Histórico","tipo_decreto":"Decreto Supremo","n_decreto":"83","fecha_decreto":"19-01-1983","decreto_url":"https://www.monumentos.gob.cl/sites/default/files/decretos/MH_00319_1983_D00083.PDF"}},{"type":"Feature","geometry":{"type":"Point","coordinates":[-69.6149,-18.26759]},"properties":{"nombre":"Pucará de Calacruz","region":"Arica y Parinacota","provincia":"Parinacota","comuna":"Putre","codigo_cmn":"00320_MH_15201","categoria":"Monumento Histórico","tipo_decreto":"Decreto Supremo","n_decreto":"83","fecha_decreto":"19-01-1983","decreto_url":"https://www.monumentos.gob.cl/sites/default/files/decretos/MH_00319_1983_D00083.PDF"}},{"type":"Feature","geometry":{"type":"Point","coordinates":[-69.52573,-18.50859]},"properties":{"nombre":"Pucará de Lupica","region":"Arica y Parinacota","provincia":"Parinacota","comuna":"Putre","codigo_cmn":"00322_MH_15201","categoria":"Monumento Histórico","tipo_decreto":"Decreto Supremo","n_decreto":"83","fecha_decreto":"19-01-1983","decreto_url":"https://www.monumentos.gob.cl/sites/default/files/decretos/MH_00319_1983_D00083.PDF"}},{"type":"Feature","geometry":{"type":"Point","coordinates":[-69.51311,-18.54345]},"properties":{"nombre":"Pucará de Saxamar","region":"Arica y Parinacota","provincia":"Parinacota","comuna":"Putre","codigo_cmn":"00323_MH_15201","categoria":"Monumento Histórico","tipo_decreto":"Decreto Supremo","n_decreto":"83","fecha_decreto":"19-01-1983","decreto_url":"https://www.monumentos.gob.cl/sites/default/files/decretos/MH_00319_1983_D00083.PDF"}},{"type":"Feature","geometry":{"type":"Point","coordinates":[-69.13622,-18.29153]},"properties":{"nombre":"Tambo de Chungará","region":"Arica y Parinacota","provincia":"Parinacota","comuna":"Putre","codigo_cmn":"00324_MH_15201","categoria":"Monumento Histórico","tipo_decreto":"Decreto Supremo","n_decreto":"83","fecha_decreto":"19-01-1983","decreto_url":"https://www.monumentos.gob.cl/sites/default/files/decretos/MH_00319_1983_D00083.PDF"}},{"type":"Feature","geometry":{"type":"Point","coordinates":[-69.61833,-18.35325]},"properties":{"nombre":"Tambo de Zapahuira","region":"Arica y Parinacota","provincia":"Parinacota","comuna":"Putre","codigo_cmn":"00325_MH_15201","categoria":"Monumento Histórico","tipo_decreto":"Decreto Supremo","n_decreto":"83","fecha_decreto":"19-01-1983","decreto_url":"https://www.monumentos.gob.cl/sites/default/files/decretos/MH_00319_1983_D00083.PDF"}},{"type":"Feature","geometry":{"type":"Point","coordinates":[-70.15266,-20.21148]},"properties":{"nombre":"Edificio de la Aduana de Iquique","region":"Tarapacá","provincia":"Iquique","comuna":"Iquique","codigo_cmn":"00064_MH_01101","categoria":"Monumento Histórico","tipo_decreto":"Decreto Supremo","n_decreto":"1559","fecha_decreto":"28-06-1971","decreto_url":"https://www.monumentos.gob.cl/sites/default/files/decretos/MH_00064_1971_D01559.PDF"}},{"type":"Feature","geometry":{"type":"Point","coordinates":[-70.14847,-20.21062]},"properties":{"nombre":"Estación de Ferrocarril de Iquique a Pueblo Hundido","region":"Tarapacá","provincia":"Iquique","comuna":"Iquique","codigo_cmn":"00204_MH_01101","categoria":"Monumento Histórico","tipo_decreto":"Decreto Supremo","n_decreto":"928","fecha_decreto":"23-11-1977","decreto_url":"https://www.monumentos.gob.cl/sites/default/files/decretos/MH_00204_1977_D00928.PDF"}},{"type":"Feature","geometry":{"type":"Point","coordinates":[-70.14932,-20.21042]},"properties":{"nombre":"Estación de Ferrocarril de Iquique a Pueblo Hundido","region":"Tarapacá","provincia":"Iquique","comuna":"Iquique","codigo_cmn":"00205_MH_01101","categoria":"Monumento Histórico","tipo_decreto":"Decreto Supremo","n_decreto":"928","fecha_decreto":"23-11-1977","decreto_url":"https://www.monumentos.gob.cl/sites/default/files/decretos/MH_00204_1977_D00928.PDF"}},{"type":"Feature","geometry":{"type":"Point","coordinates":[-70.14798,-20.21066]},"properties":{"nombre":"Estación de Ferrocarril de Iquique a Pueblo Hundido","region":"Tarapacá","provincia":"Iquique","comuna":"Iquique","codigo_cmn":"00206_MH_01101","categoria":"Monumento Histórico","tipo_decreto":"Decreto Supremo","n_decreto":"928","fecha_decreto":"23-11-1977","decreto_url":"https://www.monumentos.gob.cl/sites/default/files/decretos/MH_00204_1977_D00928.PDF"}},{"type":"Feature","geometry":{"type":"Point","coordinates":[-70.1482,-20.21062]},"properties":{"nombre":"Estación de Ferrocarril de Iquique a Pueblo Hundido","region":"Tarapacá","provincia":"Iquique","comuna":"Iquique","codigo_cmn":"00208_MH_01101","categoria":"Monumento Histórico","tipo_decreto":"Decreto Supremo","n_decreto":"928","fecha_decreto":"23-11-1977","decreto_url":"https://www.monumentos.gob.cl/sites/default/files/decretos/MH_00204_1977_D00928.PDF"}},{"type":"Feature","geometry":{"type":"Point","coordinates":[-70.15248,-20.21495]},"properties":{"nombre":"Teatro Municipal de Iquique","region":"Tarapacá","provincia":"Iquique","comuna":"Iquique","codigo_cmn":"00215_MH_01101","categoria":"Monumento Histórico","tipo_decreto":"Decreto Supremo","n_decreto":"935","fecha_decreto":"25-11-1977","decreto_url":"https://www.monumentos.gob.cl/sites/default/files/decretos/MH_00215_1977_D00935.PDF"}},{"type":"Feature","geometry":{"type":"Point","coordinates":[-70.13861,-20.21355]},"properties":{"nombre":"Glorieta Hospital Dr. Ernesto Torres Galdames de Iquique","region":"Tarapacá","provincia":"Iquique","comuna":"Iquique","codigo_cmn":"00310_MH_01101","categoria":"Monumento Histórico","tipo_decreto":"Decreto Supremo","n_decreto":"771","fecha_decreto":"18-03-1982","decreto_url":"https://www.monumentos.gob.cl/sites/default/files/decretos/MH_00309_1982_D00771.pdf"}},{"type":"Feature","geometry":{"type":"Point","coordinates":[-70.13825,-20.21533]},"properties":{"nombre":"Capilla Hospital Dr. Ernesto Torres Galdames de Iquique","region":"Tarapacá","provincia":"Iquique","comuna":"Iquique","codigo_cmn":"00309_MH_01101","categoria":"Monumento Histórico","tipo_decreto":"Decreto Supremo","n_decreto":"771","fecha_decreto":"18-03-1982","decreto_url":"https://www.monumentos.gob.cl/sites/default/files/decretos/MH_00309_1982_D00771.pdf"}},{"type":"Feature","geometry":{"type":"Point","coordinates":[-70.16041,-20.20759]},"properties":{"nombre":"Faro Serrano de Iquique","region":"Tarapacá","provincia":"Iquique","comuna":"Iquique","codigo_cmn":"00414_MH_01101","categoria":"Monumento Histórico","tipo_decreto":"Decreto Supremo","n_decreto":"138","fecha_decreto":"10-04-1986","decreto_url":"https://www.monumentos.gob.cl/sites/default/files/decretos/MH_00414_1986_D00138.PDF"}},{"type":"Feature","geometry":{"type":"Point","coordinates":[-70.15373,-20.21111]},"properties":{"nombre":"Antiguo Muelle de pasajeros del Puerto de Iquique","region":"Tarapacá","provincia":"Iquique","comuna":"Iquique","codigo_cmn":"00458_MH_01101","categoria":"Monumento Histórico","tipo_decreto":"Decreto Supremo","n_decreto":"213","fecha_decreto":"15-05-1987","decreto_url":"https://www.monumentos.gob.cl/sites/default/files/decretos/MH_00458_1987_D00213.PDF"}},{"type":"Feature","geometry":{"type":"Point","coordinates":[-70.15243,-20.21408]},"properties":{"nombre":"Torre Reloj de la Plaza Prat","region":"Tarapacá","provincia":"Iquique","comuna":"Iquique","codigo_cmn":"00459_MH_01101","categoria":"Monumento Histórico","tipo_decreto":"Decreto Supremo","n_decreto":"433","fecha_decreto":"13-07-1987","decreto_url":"https://www.monumentos.gob.cl/sites/default/files/decretos/MH_00459_1987_D00433.PDF"}},{"type":"Feature","geometry":{"type":"Point","coordinates":[-70.15269,-20.21477]},"properties":{"nombre":"Edificio Sociedad Protectora de Empleados de Tarapacá","region":"Tarapacá","provincia":"Iquique","comuna":"Iquique","codigo_cmn":"00463_MH_01101","categoria":"Monumento Histórico","tipo_decreto":"Decreto Supremo","n_decreto":"99","fecha_decreto":"25-02-1988","decreto_url":"https://www.monumentos.gob.cl/sites/default/files/decretos/MH_00463_1988_D00099.PDF"}},{"type":"Feature","geometry":{"type":"Point","coordinates":[-70.14982,-20.21184]},"properties":{"nombre":"Catedral de Iquique","region":"Tarapacá","provincia":"Iquique","comuna":"Iquique","codigo_cmn":"00469_MH_01101","categoria":"Monumento Histórico","tipo_decreto":"Decreto Supremo","n_decreto":"180","fecha_decreto":"20-03-1989","decreto_url":"https://www.monumentos.gob.cl/sites/default/files/decretos/MH_00469_1989_D00583.pdf"}},{"type":"Feature","geometry":{"type":"Point","coordinates":[-70.1529,-20.21241]},"properties":{"nombre":"Edificio actual Sede Inacap","region":"Tarapacá","provincia":"Iquique","comuna":"Iquique","codigo_cmn":"00533_MH_01101","categoria":"Monumento Histórico","tipo_decreto":"Decreto Supremo","n_decreto":"138","fecha_decreto":"02-05-1991","decreto_url":"https://www.monumentos.gob.cl/sites/default/files/decretos/MH_00533_1991_D00138.PDF"}},{"type":"Feature","geometry":{"type":"Point","coordinates":[-70.13846,-20.22058]},"properties":{"nombre":"Iglesia  y Edificios anexos antigua comunidad Buen Pastor","region":"Tarapacá","provincia":"Iquique","comuna":"Iquique","codigo_cmn":"00613_MH_01101","categoria":"Monumento Histórico","tipo_decreto":"Decreto Exento","n_decreto":"505","fecha_decreto":"25-10-1994","decreto_url":"https://www.monumentos.gob.cl/sites/default/files/decretos/MH_00613_1994_D00505.PDF"}},{"type":"Feature","geometry":{"type":"Point","coordinates":[-70.15306,-20.21362]},"properties":{"nombre":"Edificio de la antigua Firma The Nitrate Agencies Limited","region":"Tarapacá","provincia":"Iquique","comuna":"Iquique","codigo_cmn":"00615_MH_01101","categoria":"Monumento Histórico","tipo_decreto":"Decreto Exento","n_decreto":"505","fecha_decreto":"25-10-1994","decreto_url":"https://www.monumentos.gob.cl/sites/default/files/decretos/MH_00613_1994_D00505.PDF"}},{"type":"Feature","geometry":{"type":"Point","coordinates":[-70.15181,-20.21812]},"properties":{"nombre":"Palacio Astoreca","region":"Tarapacá","provincia":"Iquique","comuna":"Iquique","codigo_cmn":"00616_MH_01101","categoria":"Monumento Histórico","tipo_decreto":"Decreto Exento","n_decreto":"505","fecha_decreto":"25-10-1994","decreto_url":"https://www.monumentos.gob.cl/sites/default/files/decretos/MH_00613_1994_D00505.PDF"}},{"type":"Feature","geometry":{"type":"Point","coordinates":[-70.14848,-20.22069]},"properties":{"nombre":"Casa Marinkovic","region":"Tarapacá","provincia":"Iquique","comuna":"Iquique","codigo_cmn":"00617_MH_01101","categoria":"Monumento Histórico","tipo_decreto":"Decreto Exento","n_decreto":"505","fecha_decreto":"25-10-1994","decreto_url":"https://www.monumentos.gob.cl/sites/default/files/decretos/MH_00613_1994_D00505.PDF"}},{"type":"Feature","geometry":{"type":"Point","coordinates":[-69.51121,-19.92367]},"properties":{"nombre":"Iglesia y Campanario San Lorenzo de Tarapacá","region":"Tarapacá","provincia":"Tamarugal","comuna":"Huara","codigo_cmn":"00018_MH_01404","categoria":"Monumento Histórico","tipo_decreto":"Decreto Supremo","n_decreto":"5058","fecha_decreto":"06-07-1951","decreto_url":"https://www.monumentos.gob.cl/sites/default/files/decretos/MH_00018_1951_D05058.PDF"}},{"type":"Feature","geometry":{"type":"Point","coordinates":[-69.77359,-19.99416]},"properties":{"nombre":"Capilla de Mocha","region":"Tarapacá","provincia":"Tamarugal","comuna":"Huara","codigo_cmn":"00019_MH_01404","categoria":"Monumento Histórico","tipo_decreto":"Decreto Supremo","n_decreto":"5058","fecha_decreto":"06-07-1951","decreto_url":"https://www.monumentos.gob.cl/sites/default/files/decretos/MH_00018_1951_D05058.PDF"}},{"type":"Feature","geometry":{"type":"Point","coordinates":[-69.2229,-19.79454]},"properties":{"nombre":"Iglesia de Huaviña","region":"Tarapacá","provincia":"Tamarugal","comuna":"Huara","codigo_cmn":"00033_MH_01404","categoria":"Monumento Histórico","tipo_decreto":"Decreto Supremo","n_decreto":"5705","fecha_decreto":"03-08-1953","decreto_url":"https://www.monumentos.gob.cl/sites/default/files/decretos/MH_00033_1953_D05705.PDF"}},{"type":"Feature","geometry":{"type":"Point","coordinates":[-69.21979,-19.74235]},"properties":{"nombre":"Iglesia de Usmagama","region":"Tarapacá","provincia":"Tamarugal","comuna":"Huara","codigo_cmn":"00034_MH_01404","categoria":"Monumento Histórico","tipo_decreto":"Decreto Supremo","n_decreto":"5705","fecha_decreto":"03-08-1953","decreto_url":"https://www.monumentos.gob.cl/sites/default/files/decretos/MH_00033_1953_D05705.PDF"}},{"type":"Feature","geometry":{"type":"Point","coordinates":[-69.23343,-19.5961]},"properties":{"nombre":"Iglesia de Sotoca","region":"Tarapacá","provincia":"Tamarugal","comuna":"Huara","codigo_cmn":"00035_MH_01404","categoria":"Monumento Histórico","tipo_decreto":"Decreto Supremo","n_decreto":"5705","fecha_decreto":"03-08-1953","decreto_url":"https://www.monumentos.gob.cl/sites/default/files/decretos/MH_00033_1953_D05705.PDF"}},{"type":"Feature","geometry":{"type":"Point","coordinates":[-69.94644,-19.54891]},"properties":{"nombre":"Cementerio de los Ingleses en Hacienda Tiliviche","region":"Tarapacá","provincia":"Tamarugal","comuna":"Huara","codigo_cmn":"00182_MH_01404","categoria":"Monumento Histórico","tipo_decreto":"Decreto Supremo","n_decreto":"582","fecha_decreto":"28-06-1976","decreto_url":"https://www.monumentos.gob.cl/sites/default/files/decretos/MH_00182_1976_D00582.PDF"}},{"type":"Feature","geometry":{"type":"Point","coordinates":[-70.21115,-19.59763]},"properties":{"nombre":"Torre Reloj de Pisagua","region":"Tarapacá","provincia":"Tamarugal","comuna":"Huara","codigo_cmn":"00194_MH_01404","categoria":"Monumento Histórico","tipo_decreto":"Decreto Supremo","n_decreto":"746","fecha_decreto":"05-10-1977","decreto_url":"https://www.monumentos.gob.cl/sites/default/files/decretos/MH_00193_1977_D00746.PDF"}},{"type":"Feature","geometry":{"type":"Point","coordinates":[-69.39855,-19.74528]},"properties":{"nombre":"Iglesia de Huasquiña","region":"Tarapacá","provincia":"Tamarugal","comuna":"Huara","codigo_cmn":"00348_MH_01404","categoria":"Monumento Histórico","tipo_decreto":"Decreto Supremo","n_decreto":"1638","fecha_decreto":"16-12-1983","decreto_url":"https://www.monumentos.gob.cl/sites/default/files/decretos/MH_00348_1983_D01638.PDF"}},{"type":"Feature","geometry":{"type":"Point","coordinates":[-70.21148,-19.5963]},"properties":{"nombre":"Iglesia de Pisagua y su edificio paredaño","region":"Tarapacá","provincia":"Tamarugal","comuna":"Huara","codigo_cmn":"00519_MH_01404","categoria":"Monumento Histórico","tipo_decreto":"Decreto Supremo","n_decreto":"780","fecha_decreto":"03-12-1990","decreto_url":"https://www.monumentos.gob.cl/sites/default/files/decretos/MH_00519_1990_D00780.PDF"}},{"type":"Feature","geometry":{"type":"Point","coordinates":[-70.21136,-19.5963]},"properties":{"nombre":"Iglesia de Pisagua y su edificio paredaño","region":"Tarapacá","provincia":"Tamarugal","comuna":"Huara","codigo_cmn":"00520_MH_01404","categoria":"Monumento Histórico","tipo_decreto":"Decreto Supremo","n_decreto":"780","fecha_decreto":"03-12-1990","decreto_url":"https://www.monumentos.gob.cl/sites/default/files/decretos/MH_00519_1990_D00780.PDF"}},{"type":"Feature","geometry":{"type":"Point","coordinates":[-70.21682,-19.59847]},"properties":{"nombre":"Hospital de Pisagua","region":"Tarapacá","provincia":"Tamarugal","comuna":"Huara","codigo_cmn":"00521_MH_01404","categoria":"Monumento Histórico","tipo_decreto":"Decreto Supremo","n_decreto":"780","fecha_decreto":"03-12-1990","decreto_url":"https://www.monumentos.gob.cl/sites/default/files/decretos/MH_00519_1990_D00780.PDF"}},{"type":"Feature","geometry":{"type":"Point","coordinates":[-69.7702,-19.99276]},"properties":{"nombre":"Edificio de Ferrocarriles de Huara","region":"Tarapacá","provincia":"Tamarugal","comuna":"Huara","codigo_cmn":"00534_MH_01404","categoria":"Monumento Histórico","tipo_decreto":"Decreto Supremo","n_decreto":"138","fecha_decreto":"02-05-1991","decreto_url":"https://www.monumentos.gob.cl/sites/default/files/decretos/MH_00533_1991_D00138.PDF"}},{"type":"Feature","geometry":{"type":"Point","coordinates":[-69.50928,-19.92319]},"properties":{"nombre":"La Casona de San Lorenzo de Tarapacá","region":"Tarapacá","provincia":"Tamarugal","comuna":"Huara","codigo_cmn":"00669_MH_01404","categoria":"Monumento Histórico","tipo_decreto":"Decreto Exento","n_decreto":"650","fecha_decreto":"02-12-1996","decreto_url":"https://www.monumentos.gob.cl/sites/default/files/decretos/MH_00669_1996_D00650.PDF"}},{"type":"Feature","geometry":{"type":"Point","coordinates":[-68.72238,-19.2513]},"properties":{"nombre":"Santuario de Isluga","region":"Tarapacá","provincia":"Tamarugal","comuna":"Colchane","codigo_cmn":"00155_MH_01403","categoria":"Monumento Histórico","tipo_decreto":"Decreto Supremo","n_decreto":"680","fecha_decreto":"25-08-1975","decreto_url":"https://www.monumentos.gob.cl/sites/default/files/decretos/MH_00155_1975_D00680.PDF"}},{"type":"Feature","geometry":{"type":"Point","coordinates":[-69.36152,-20.51385]},"properties":{"nombre":"Iglesia y Campanario del Pueblo de Matilla","region":"Tarapacá","provincia":"Tamarugal","comuna":"Pica","codigo_cmn":"00020_MH_01405","categoria":"Monumento Histórico","tipo_decreto":"Decreto Supremo","n_decreto":"5058","fecha_decreto":"06-07-1951","decreto_url":"https://www.monumentos.gob.cl/sites/default/files/decretos/MH_00018_1951_D05058.PDF"}},{"type":"Feature","geometry":{"type":"Point","coordinates":[-69.32932,-20.49169]},"properties":{"nombre":"Iglesia de Pica","region":"Tarapacá","provincia":"Tamarugal","comuna":"Pica","codigo_cmn":"00195_MH_01405","categoria":"Monumento Histórico","tipo_decreto":"Decreto Supremo","n_decreto":"745","fecha_decreto":"05-10-1977","decreto_url":"https://www.monumentos.gob.cl/sites/default/files/decretos/MH_00195_1977_D00745.PDF"}},{"type":"Feature","geometry":{"type":"Point","coordinates":[-69.36214,-20.51359]},"properties":{"nombre":"Lagar de Matilla","region":"Tarapacá","provincia":"Tamarugal","comuna":"Pica","codigo_cmn":"00196_MH_01405","categoria":"Monumento Histórico","tipo_decreto":"Decreto Supremo","n_decreto":"746","fecha_decreto":"05-10-1977","decreto_url":"https://www.monumentos.gob.cl/sites/default/files/decretos/MH_00193_1977_D00746.PDF"}},{"type":"Feature","geometry":{"type":"Point","coordinates":[-69.63138,-20.91077]},"properties":{"nombre":"Inmuebles de la Ex-Oficina Salitrera Iris","region":"Tarapacá","provincia":"Tamarugal","comuna":"Pozo Almonte","codigo_cmn":"00509_MH_01401","categoria":"Monumento Histórico","tipo_decreto":"Decreto Supremo","n_decreto":"706","fecha_decreto":"08-10-1990","decreto_url":"https://www.monumentos.gob.cl/sites/default/files/decretos/MH_00509_1990_D00706.pdf"}},{"type":"Feature","geometry":{"type":"Point","coordinates":[-69.63046,-20.91207]},"properties":{"nombre":"Inmuebles de la Ex-Oficina Salitrera Iris","region":"Tarapacá","provincia":"Tamarugal","comuna":"Pozo Almonte","codigo_cmn":"00510_MH_01401","categoria":"Monumento Histórico","tipo_decreto":"Decreto Supremo","n_decreto":"706","fecha_decreto":"08-10-1990","decreto_url":"https://www.monumentos.gob.cl/sites/default/files/decretos/MH_00509_1990_D00706.pdf"}},{"type":"Feature","geometry":{"type":"Point","coordinates":[-69.63057,-20.91172]},"properties":{"nombre":"Inmuebles de la Ex-Oficina Salitrera Iris","region":"Tarapacá","provincia":"Tamarugal","comuna":"Pozo Almonte","codigo_cmn":"00511_MH_01401","categoria":"Monumento Histórico","tipo_decreto":"Decreto Supremo","n_decreto":"706","fecha_decreto":"08-10-1990","decreto_url":"https://www.monumentos.gob.cl/sites/default/files/decretos/MH_00509_1990_D00706.pdf"}},{"type":"Feature","geometry":{"type":"Point","coordinates":[-69.33023,-20.49217]},"properties":{"nombre":"Inmueble ubicado en calle Balmaceda s/n°","region":"Tarapacá","provincia":"Tamarugal","comuna":"Pica","codigo_cmn":"00524_MH_01405","categoria":"Monumento Histórico","tipo_decreto":"Decreto Supremo","n_decreto":"813","fecha_decreto":"31-12-1990","decreto_url":"https://www.monumentos.gob.cl/sites/default/files/decretos/MH_00524_1990_D00813.PDF"}},{"type":"Feature","geometry":{"type":"Point","coordinates":[-69.67366,-20.61918]},"properties":{"nombre":"Geoglifos de Pintados","region":"Tarapacá","provincia":"Tamarugal","comuna":"Pozo Almonte","codigo_cmn":"00053_MH_01401","categoria":"Monumento Histórico","tipo_decreto":"Decreto Supremo","n_decreto":"5591","fecha_decreto":"31-05-1969","decreto_url":"https://www.monumentos.gob.cl/sites/default/files/decretos/MH_00052_1969_D05591.PDF"}},{"type":"Feature","geometry":{"type":"Point","coordinates":[-69.51418,-21.85339]},"properties":{"nombre":"Tranque Sloman","region":"Antofagasta","provincia":"Tocopilla","comuna":"María Elena","codigo_cmn":"00250_MH_02302","categoria":"Monumento Histórico","tipo_decreto":"Decreto Supremo","n_decreto":"433","fecha_decreto":"15-01-1980","decreto_url":"https://www.monumentos.gob.cl/sites/default/files/decretos/MH_00250_1991_D00266.pdf"}},{"type":"Feature","geometry":{"type":"Point","coordinates":[-70.19507,-22.08918]},"properties":{"nombre":"Escuela Arturo Prat Chacón E-12","region":"Antofagasta","provincia":"Tocopilla","comuna":"Tocopilla","codigo_cmn":"00904_MH_02301","categoria":"Monumento Histórico","tipo_decreto":"Decreto Exento","n_decreto":"480","fecha_decreto":"05-07-2004","decreto_url":"https://www.monumentos.gob.cl/sites/default/files/decretos/MH_00904_2004_D00480.PDF"}},{"type":"Feature","geometry":{"type":"Point","coordinates":[-70.19478,-22.0895]},"properties":{"nombre":"Escuela Pablo Neruda E-3","region":"Antofagasta","provincia":"Tocopilla","comuna":"Tocopilla","codigo_cmn":"00905_MH_02301","categoria":"Monumento Histórico","tipo_decreto":"Decreto Exento","n_decreto":"480","fecha_decreto":"05-07-2004","decreto_url":"https://www.monumentos.gob.cl/sites/default/files/decretos/MH_00904_2004_D00480.PDF"}},{"type":"Feature","geometry":{"type":"Point","coordinates":[-69.66798,-22.59734]},"properties":{"nombre":"Oficina Salitrera Pedro de Valdivia","region":"Antofagasta","provincia":"Tocopilla","comuna":"María Elena","codigo_cmn":"00654_MH_02302","categoria":"Monumento Histórico","tipo_decreto":"Decreto Exento","n_decreto":"269","fecha_decreto":"12-04-1996","decreto_url":"https://www.monumentos.gob.cl/sites/default/files/decretos/MH_00654_1996_D00269.PDF"}},{"type":"Feature","geometry":{"type":"Point","coordinates":[-69.66094,-22.34581]},"properties":{"nombre":"Edificios que conforman el barrio cívico de la Oficina Salitrera María Elena","region":"Antofagasta","provincia":"Tocopilla","comuna":"María Elena","codigo_cmn":"00771_MH_02302","categoria":"Monumento Histórico","tipo_decreto":"Decreto Exento","n_decreto":"400","fecha_decreto":"22-11-1999","decreto_url":"https://www.monumentos.gob.cl/sites/default/files/decretos/MH_00771_1999_D00400.PDF"}},{"type":"Feature","geometry":{"type":"Point","coordinates":[-69.66237,-22.3445]},"properties":{"nombre":"Edificios que conforman el barrio cívico de la Oficina Salitrera María Elena","region":"Antofagasta","provincia":"Tocopilla","comuna":"María Elena","codigo_cmn":"00772_MH_02302","categoria":"Monumento Histórico","tipo_decreto":"Decreto Exento","n_decreto":"400","fecha_decreto":"22-11-1999","decreto_url":"https://www.monumentos.gob.cl/sites/default/files/decretos/MH_00771_1999_D00400.PDF"}},{"type":"Feature","geometry":{"type":"Point","coordinates":[-69.66266,-22.34483]},"properties":{"nombre":"Edificios que conforman el barrio cívico de la Oficina Salitrera María Elena","region":"Antofagasta","provincia":"Tocopilla","comuna":"María Elena","codigo_cmn":"00773_MH_02302","categoria":"Monumento Histórico","tipo_decreto":"Decreto Exento","n_decreto":"400","fecha_decreto":"22-11-1999","decreto_url":"https://www.monumentos.gob.cl/sites/default/files/decretos/MH_00771_1999_D00400.PDF"}},{"type":"Feature","geometry":{"type":"Point","coordinates":[-69.66208,-22.34585]},"properties":{"nombre":"Edificios que conforman el barrio cívico de la Oficina Salitrera María Elena","region":"Antofagasta","provincia":"Tocopilla","comuna":"María Elena","codigo_cmn":"00774_MH_02302","categoria":"Monumento Histórico","tipo_decreto":"Decreto Exento","n_decreto":"400","fecha_decreto":"22-11-1999","decreto_url":"https://www.monumentos.gob.cl/sites/default/files/decretos/MH_00771_1999_D00400.PDF"}},{"type":"Feature","geometry":{"type":"Point","coordinates":[-69.66063,-22.34511]},"properties":{"nombre":"Edificios que conforman el barrio cívico de la Oficina Salitrera María Elena","region":"Antofagasta","provincia":"Tocopilla","comuna":"María Elena","codigo_cmn":"00775_MH_02302","categoria":"Monumento Histórico","tipo_decreto":"Decreto Exento","n_decreto":"400","fecha_decreto":"22-11-1999","decreto_url":"https://www.monumentos.gob.cl/sites/default/files/decretos/MH_00771_1999_D00400.PDF"}},{"type":"Feature","geometry":{"type":"Point","coordinates":[-69.66227,-22.34573]},"properties":{"nombre":"Edificios que conforman el barrio cívico de la Oficina Salitrera María Elena","region":"Antofagasta","provincia":"Tocopilla","comuna":"María Elena","codigo_cmn":"00776_MH_02302","categoria":"Monumento Histórico","tipo_decreto":"Decreto Exento","n_decreto":"400","fecha_decreto":"22-11-1999","decreto_url":"https://www.monumentos.gob.cl/sites/default/files/decretos/MH_00771_1999_D00400.PDF"}},{"type":"Feature","geometry":{"type":"Point","coordinates":[-69.66119,-22.34476]},"properties":{"nombre":"Edificios que conforman el barrio cívico de la Oficina Salitrera María Elena","region":"Antofagasta","provincia":"Tocopilla","comuna":"María Elena","codigo_cmn":"00777_MH_02302","categoria":"Monumento Histórico","tipo_decreto":"Decreto Exento","n_decreto":"400","fecha_decreto":"22-11-1999","decreto_url":"https://www.monumentos.gob.cl/sites/default/files/decretos/MH_00771_1999_D00400.PDF"}},{"type":"Feature","geometry":{"type":"Point","coordinates":[-69.6616,-22.34453]},"properties":{"nombre":"Edificios que conforman el barrio cívico de la Oficina Salitrera María Elena","region":"Antofagasta","provincia":"Tocopilla","comuna":"María Elena","codigo_cmn":"00778_MH_02302","categoria":"Monumento Histórico","tipo_decreto":"Decreto Exento","n_decreto":"400","fecha_decreto":"22-11-1999","decreto_url":"https://www.monumentos.gob.cl/sites/default/files/decretos/MH_00771_1999_D00400.PDF"}},{"type":"Feature","geometry":{"type":"Point","coordinates":[-69.66049,-22.34478]},"properties":{"nombre":"Edificios que conforman el barrio cívico de la Oficina Salitrera María Elena","region":"Antofagasta","provincia":"Tocopilla","comuna":"María Elena","codigo_cmn":"00779_MH_02302","categoria":"Monumento Histórico","tipo_decreto":"Decreto Exento","n_decreto":"400","fecha_decreto":"22-11-1999","decreto_url":"https://www.monumentos.gob.cl/sites/default/files/decretos/MH_00771_1999_D00400.PDF"}},{"type":"Feature","geometry":{"type":"Point","coordinates":[-68.65052,-22.34292]},"properties":{"nombre":"Iglesia de San Francisco de Chiu-Chiu","region":"Antofagasta","provincia":"El Loa","comuna":"Calama","codigo_cmn":"00021_MH_02201","categoria":"Monumento Histórico","tipo_decreto":"Decreto Supremo","n_decreto":"5058","fecha_decreto":"06-07-1951","decreto_url":"https://www.monumentos.gob.cl/sites/default/files/decretos/MH_00018_1951_D05058.PDF"}},{"type":"Feature","geometry":{"type":"Point","coordinates":[-68.21272,-22.33068]},"properties":{"nombre":"Iglesia y campanario de Caspana","region":"Antofagasta","provincia":"El Loa","comuna":"Calama","codigo_cmn":"00022_MH_02201","categoria":"Monumento Histórico","tipo_decreto":"Decreto Supremo","n_decreto":"5058","fecha_decreto":"06-07-1951","decreto_url":"https://www.monumentos.gob.cl/sites/default/files/decretos/MH_00018_1951_D05058.PDF"}},{"type":"Feature","geometry":{"type":"Point","coordinates":[-68.63079,-22.26969]},"properties":{"nombre":"Pucará de Lasana","region":"Antofagasta","provincia":"El Loa","comuna":"Calama","codigo_cmn":"00303_MH_02201","categoria":"Monumento Histórico","tipo_decreto":"Decreto Supremo","n_decreto":"36","fecha_decreto":"07-01-1982","decreto_url":"https://www.monumentos.gob.cl/sites/default/files/decretos/MH_00303_1982_D00036.PDF"}},{"type":"Feature","geometry":{"type":"Point","coordinates":[-68.27683,-22.23403]},"properties":{"nombre":"Pucará de Turi","region":"Antofagasta","provincia":"El Loa","comuna":"Calama","codigo_cmn":"00304_MH_02201","categoria":"Monumento Histórico","tipo_decreto":"Decreto Supremo","n_decreto":"36","fecha_decreto":"07-01-1982","decreto_url":"https://www.monumentos.gob.cl/sites/default/files/decretos/MH_00303_1982_D00036.PDF"}},{"type":"Feature","geometry":{"type":"Point","coordinates":[-68.72854,-21.95598]},"properties":{"nombre":"Iglesia Colonial de Conchi Viejo","region":"Antofagasta","provincia":"El Loa","comuna":"Calama","codigo_cmn":"00655_MH_02201","categoria":"Monumento Histórico","tipo_decreto":"Decreto Exento","n_decreto":"274","fecha_decreto":"14-05-1996","decreto_url":"https://www.monumentos.gob.cl/sites/default/files/decretos/MH_00655_1996_D00274.PDF"}},{"type":"Feature","geometry":{"type":"Point","coordinates":[-68.20054,-22.91095]},"properties":{"nombre":"Iglesia de San Pedro de Atacama","region":"Antofagasta","provincia":"El Loa","comuna":"San Pedro de Atacama","codigo_cmn":"00023_MH_02203","categoria":"Monumento Histórico","tipo_decreto":"Decreto Supremo","n_decreto":"5058","fecha_decreto":"06-07-1951","decreto_url":"https://www.monumentos.gob.cl/sites/default/files/decretos/MH_00018_1951_D05058.PDF"}},{"type":"Feature","geometry":{"type":"Point","coordinates":[-68.00691,-23.19066]},"properties":{"nombre":"Campanario de Toconao","region":"Antofagasta","provincia":"El Loa","comuna":"San Pedro de Atacama","codigo_cmn":"00024_MH_02203","categoria":"Monumento Histórico","tipo_decreto":"Decreto Supremo","n_decreto":"5058","fecha_decreto":"06-07-1951","decreto_url":"https://www.monumentos.gob.cl/sites/default/files/decretos/MH_00018_1951_D05058.PDF"}},{"type":"Feature","geometry":{"type":"Point","coordinates":[-68.06171,-23.68073]},"properties":{"nombre":"Ruinas de la Capilla de Misiones de Peine Viejo","region":"Antofagasta","provincia":"El Loa","comuna":"San Pedro de Atacama","codigo_cmn":"00025_MH_02203","categoria":"Monumento Histórico","tipo_decreto":"Decreto Supremo","n_decreto":"5058","fecha_decreto":"06-07-1951","decreto_url":"https://www.monumentos.gob.cl/sites/default/files/decretos/MH_00018_1951_D05058.PDF"}},{"type":"Feature","geometry":{"type":"Point","coordinates":[-68.06217,-23.68082]},"properties":{"nombre":"Pueblo Abierto de Peine","region":"Antofagasta","provincia":"El Loa","comuna":"San Pedro de Atacama","codigo_cmn":"00305_MH_02203","categoria":"Monumento Histórico","tipo_decreto":"Decreto Supremo","n_decreto":"36","fecha_decreto":"07-01-1982","decreto_url":"https://www.monumentos.gob.cl/sites/default/files/decretos/MH_00303_1982_D00036.PDF"}},{"type":"Feature","geometry":{"type":"Point","coordinates":[-68.21492,-22.89115]},"properties":{"nombre":"Pucará de Quitor","region":"Antofagasta","provincia":"El Loa","comuna":"San Pedro de Atacama","codigo_cmn":"00306_MH_02203","categoria":"Monumento Histórico","tipo_decreto":"Decreto Supremo","n_decreto":"36","fecha_decreto":"07-01-1982","decreto_url":"https://www.monumentos.gob.cl/sites/default/files/decretos/MH_00303_1982_D00036.PDF"}},{"type":"Feature","geometry":{"type":"Point","coordinates":[-68.06857,-23.67836]},"properties":{"nombre":"Tambo Incaico de Peine","region":"Antofagasta","provincia":"El Loa","comuna":"San Pedro de Atacama","codigo_cmn":"00308_MH_02203","categoria":"Monumento Histórico","tipo_decreto":"Decreto Supremo","n_decreto":"171","fecha_decreto":"21-01-1982","decreto_url":"https://www.monumentos.gob.cl/sites/default/files/decretos/MH_00308_1982_D00171.PDF"}},{"type":"Feature","geometry":{"type":"Point","coordinates":[-70.39805,-23.64405]},"properties":{"nombre":"Edificio de la antigua Aduana de Antofagasta","region":"Antofagasta","provincia":"Antofagasta","comuna":"Antofagasta","codigo_cmn":"00094_MH_02101","categoria":"Monumento Histórico","tipo_decreto":"Decreto Supremo","n_decreto":"2017","fecha_decreto":"24-10-1972","decreto_url":"https://www.monumentos.gob.cl/sites/default/files/decretos/MH_00094_1976_D01211.PDF"}},{"type":"Feature","geometry":{"type":"Point","coordinates":[-70.41135,-23.68623]},"properties":{"nombre":"Ruinas de la Fundición de Metales Huanchaca","region":"Antofagasta","provincia":"Antofagasta","comuna":"Antofagasta","codigo_cmn":"00128_MH_02101","categoria":"Monumento Histórico","tipo_decreto":"Decreto Supremo","n_decreto":"9","fecha_decreto":"07-01-1974","decreto_url":"https://www.monumentos.gob.cl/sites/default/files/decretos/MH_00128_1996_D00078.pdf"}},{"type":"Feature","geometry":{"type":"Point","coordinates":[-70.39784,-23.64441]},"properties":{"nombre":"Primera Gobernación Marítima de Antofagasta","region":"Antofagasta","provincia":"Antofagasta","comuna":"Antofagasta","codigo_cmn":"00225_MH_02101","categoria":"Monumento Histórico","tipo_decreto":"Decreto Supremo","n_decreto":"980","fecha_decreto":"12-09-1978","decreto_url":"https://www.monumentos.gob.cl/sites/default/files/decretos/MH_00225_1978_D00980.PDF"}},{"type":"Feature","geometry":{"type":"Point","coordinates":[-70.39833,-23.64309]},"properties":{"nombre":"Antiguo Muelle Salitrero de la Ex compañía Melbourne Clark","region":"Antofagasta","provincia":"Antofagasta","comuna":"Antofagasta","codigo_cmn":"00226_MH_02101","categoria":"Monumento Histórico","tipo_decreto":"Decreto Supremo","n_decreto":"980","fecha_decreto":"12-09-1978","decreto_url":"https://www.monumentos.gob.cl/sites/default/files/decretos/MH_00225_1978_D00980.PDF"}},{"type":"Feature","geometry":{"type":"Point","coordinates":[-70.42203,-23.70047]},"properties":{"nombre":"Plaza José Francisco Vergara","region":"Antofagasta","provincia":"Antofagasta","comuna":"Antofagasta","codigo_cmn":"00261_MH_02101","categoria":"Monumento Histórico","tipo_decreto":"Decreto Supremo","n_decreto":"10224","fecha_decreto":"02-12-1980","decreto_url":"https://www.monumentos.gob.cl/sites/default/files/decretos/MH_00261_1980_D10224.PDF"}},{"type":"Feature","geometry":{"type":"Point","coordinates":[-70.39702,-23.64448]},"properties":{"nombre":"Estación de Ferrocarril de Antofagasta a Bolivia","region":"Antofagasta","provincia":"Antofagasta","comuna":"Antofagasta","codigo_cmn":"00263_MH_02101","categoria":"Monumento Histórico","tipo_decreto":"Decreto Supremo","n_decreto":"74","fecha_decreto":"12-01-1981","decreto_url":"https://www.monumentos.gob.cl/sites/default/files/decretos/MH_00263_1981_D00074.PDF"}},{"type":"Feature","geometry":{"type":"Point","coordinates":[-70.3988,-23.64095]},"properties":{"nombre":"Molo y Muelle de la Ex Compañía de Salitre de Antofagasta","region":"Antofagasta","provincia":"Antofagasta","comuna":"Antofagasta","codigo_cmn":"00317_MH_02101","categoria":"Monumento Histórico","tipo_decreto":"Decreto Supremo","n_decreto":"3803","fecha_decreto":"16-11-1982","decreto_url":"https://www.monumentos.gob.cl/sites/default/files/decretos/MH_00317_1982_D03803.PDF"}},{"type":"Feature","geometry":{"type":"Point","coordinates":[-70.39907,-23.64398]},"properties":{"nombre":"Muelle Miraflores","region":"Antofagasta","provincia":"Antofagasta","comuna":"Antofagasta","codigo_cmn":"00318_MH_02101","categoria":"Monumento Histórico","tipo_decreto":"Decreto Supremo","n_decreto":"3803","fecha_decreto":"16-11-1982","decreto_url":"https://www.monumentos.gob.cl/sites/default/files/decretos/MH_00317_1982_D03803.PDF"}},{"type":"Feature","geometry":{"type":"Point","coordinates":[-70.39768,-23.64942]},"properties":{"nombre":"Escuela D 73 (ex Escuela N° 2)","region":"Antofagasta","provincia":"Antofagasta","comuna":"Antofagasta","codigo_cmn":"00407_MH_02101","categoria":"Monumento Histórico","tipo_decreto":"Decreto Supremo","n_decreto":"1001","fecha_decreto":"13-12-1985","decreto_url":"https://www.monumentos.gob.cl/sites/default/files/decretos/MH_00407_1985_D01001.PDF"}},{"type":"Feature","geometry":{"type":"Point","coordinates":[-70.39797,-23.64638]},"properties":{"nombre":"Torre - Reloj de la Plaza Colón","region":"Antofagasta","provincia":"Antofagasta","comuna":"Antofagasta","codigo_cmn":"00415_MH_02101","categoria":"Monumento Histórico","tipo_decreto":"Decreto Supremo","n_decreto":"151","fecha_decreto":"18-04-1986","decreto_url":"https://www.monumentos.gob.cl/sites/default/files/decretos/MH_00415_1986_D00151.PDF"}},{"type":"Feature","geometry":{"type":"Point","coordinates":[-70.3974,-23.64501]},"properties":{"nombre":"Edificio del Banco Mercantil de Bolivia","region":"Antofagasta","provincia":"Antofagasta","comuna":"Antofagasta","codigo_cmn":"00555_MH_02101","categoria":"Monumento Histórico","tipo_decreto":"Decreto Supremo","n_decreto":"468","fecha_decreto":"05-12-1991","decreto_url":"https://www.monumentos.gob.cl/sites/default/files/decretos/MH_00554_1991_D00468.PDF"}},{"type":"Feature","geometry":{"type":"Point","coordinates":[-70.39725,-23.64492]},"properties":{"nombre":"Edificio colindante al del Banco Mercantil de Bolivia","region":"Antofagasta","provincia":"Antofagasta","comuna":"Antofagasta","codigo_cmn":"00554_MH_02101","categoria":"Monumento Histórico","tipo_decreto":"Decreto Supremo","n_decreto":"468","fecha_decreto":"05-12-1991","decreto_url":"https://www.monumentos.gob.cl/sites/default/files/decretos/MH_00554_1991_D00468.PDF"}},{"type":"Feature","geometry":{"type":"Point","coordinates":[-70.39588,-23.64742]},"properties":{"nombre":"Cuartel General de Bomberos de Antofagasta","region":"Antofagasta","provincia":"Antofagasta","comuna":"Antofagasta","codigo_cmn":"00576_MH_02101","categoria":"Monumento Histórico","tipo_decreto":"Decreto Supremo","n_decreto":"340","fecha_decreto":"01-07-1992","decreto_url":"https://www.monumentos.gob.cl/sites/default/files/decretos/MH_00576_1992_D00340.PDF"}},{"type":"Feature","geometry":{"type":"Point","coordinates":[-70.39795,-23.64678]},"properties":{"nombre":"Kiosco de retreta de Plaza Colón","region":"Antofagasta","provincia":"Antofagasta","comuna":"Antofagasta","codigo_cmn":"00641_MH_02101","categoria":"Monumento Histórico","tipo_decreto":"Decreto Exento","n_decreto":"512","fecha_decreto":"30-08-1995","decreto_url":"https://www.monumentos.gob.cl/sites/default/files/decretos/MH_00641_1995_D00512.PDF"}},{"type":"Feature","geometry":{"type":"Point","coordinates":[-70.39793,-23.64828]},"properties":{"nombre":"Edificio de la Ilustre Municipalidad de Antofagasta","region":"Antofagasta","provincia":"Antofagasta","comuna":"Antofagasta","codigo_cmn":"00759_MH_02101","categoria":"Monumento Histórico","tipo_decreto":"Decreto Exento","n_decreto":"1","fecha_decreto":"11-01-1999","decreto_url":"https://www.monumentos.gob.cl/sites/default/files/decretos/MH_00759_1999_D00001.PDF"}},{"type":"Feature","geometry":{"type":"Point","coordinates":[-69.83958,-23.33515]},"properties":{"nombre":"Construcciones y material rodante ferroviario de Baquedano","region":"Antofagasta","provincia":"Antofagasta","comuna":"Sierra Gorda","codigo_cmn":"00350_MH_02103","categoria":"Monumento Histórico","tipo_decreto":"Decreto Supremo","n_decreto":"1639","fecha_decreto":"16-12-1983","decreto_url":"https://www.monumentos.gob.cl/sites/default/files/decretos/MH_00349_1983_D01639.PDF"}},{"type":"Feature","geometry":{"type":"Point","coordinates":[-69.83928,-23.33519]},"properties":{"nombre":"Construcciones y material rodante ferroviario de Baquedano","region":"Antofagasta","provincia":"Antofagasta","comuna":"Sierra Gorda","codigo_cmn":"00351_MH_02103","categoria":"Monumento Histórico","tipo_decreto":"Decreto Supremo","n_decreto":"1639","fecha_decreto":"16-12-1983","decreto_url":"https://www.monumentos.gob.cl/sites/default/files/decretos/MH_00349_1983_D01639.PDF"}},{"type":"Feature","geometry":{"type":"Point","coordinates":[-69.83905,-23.33403]},"properties":{"nombre":"Construcciones y material rodante ferroviario de Baquedano","region":"Antofagasta","provincia":"Antofagasta","comuna":"Sierra Gorda","codigo_cmn":"00352_MH_02103","categoria":"Monumento Histórico","tipo_decreto":"Decreto Supremo","n_decreto":"1639","fecha_decreto":"16-12-1983","decreto_url":"https://www.monumentos.gob.cl/sites/default/files/decretos/MH_00349_1983_D01639.PDF"}},{"type":"Feature","geometry":{"type":"Point","coordinates":[-69.83931,-23.33448]},"properties":{"nombre":"Construcciones y material rodante ferroviario de Baquedano","region":"Antofagasta","provincia":"Antofagasta","comuna":"Sierra Gorda","codigo_cmn":"00353_MH_02103","categoria":"Monumento Histórico","tipo_decreto":"Decreto Supremo","n_decreto":"1639","fecha_decreto":"16-12-1983","decreto_url":"https://www.monumentos.gob.cl/sites/default/files/decretos/MH_00349_1983_D01639.PDF"}},{"type":"Feature","geometry":{"type":"Point","coordinates":[-69.83838,-23.3346]},"properties":{"nombre":"Construcciones y material rodante ferroviario de Baquedano","region":"Antofagasta","provincia":"Antofagasta","comuna":"Sierra Gorda","codigo_cmn":"00354_MH_02103","categoria":"Monumento Histórico","tipo_decreto":"Decreto Supremo","n_decreto":"1639","fecha_decreto":"16-12-1983","decreto_url":"https://www.monumentos.gob.cl/sites/default/files/decretos/MH_00349_1983_D01639.PDF"}},{"type":"Feature","geometry":{"type":"Point","coordinates":[-69.8391,-23.3347]},"properties":{"nombre":"Construcciones y material rodante ferroviario de Baquedano","region":"Antofagasta","provincia":"Antofagasta","comuna":"Sierra Gorda","codigo_cmn":"00355_MH_02103","categoria":"Monumento Histórico","tipo_decreto":"Decreto Supremo","n_decreto":"1639","fecha_decreto":"16-12-1983","decreto_url":"https://www.monumentos.gob.cl/sites/default/files/decretos/MH_00349_1983_D01639.PDF"}},{"type":"Feature","geometry":{"type":"Point","coordinates":[-69.83921,-23.33464]},"properties":{"nombre":"Construcciones y material rodante ferroviario de Baquedano","region":"Antofagasta","provincia":"Antofagasta","comuna":"Sierra Gorda","codigo_cmn":"00356_MH_02103","categoria":"Monumento Histórico","tipo_decreto":"Decreto Supremo","n_decreto":"1639","fecha_decreto":"16-12-1983","decreto_url":"https://www.monumentos.gob.cl/sites/default/files/decretos/MH_00349_1983_D01639.PDF"}},{"type":"Feature","geometry":{"type":"Point","coordinates":[-69.66148,-23.18417]},"properties":{"nombre":"Ruinas de la ex - Oficina Salitrera Francisco Puelma","region":"Antofagasta","provincia":"Antofagasta","comuna":"Sierra Gorda","codigo_cmn":"00471_MH_02103","categoria":"Monumento Histórico","tipo_decreto":"Decreto Supremo","n_decreto":"281","fecha_decreto":"23-05-1989","decreto_url":"https://www.monumentos.gob.cl/sites/default/files/decretos/MH_00471_1989_D00281.PDF"}},{"type":"Feature","geometry":{"type":"Point","coordinates":[-70.48194,-25.40379]},"properties":{"nombre":"Recinto del Ex Ferrocarril Salitrero de Taltal","region":"Antofagasta","provincia":"Antofagasta","comuna":"Taltal","codigo_cmn":"00338_MH_02104","categoria":"Monumento Histórico","tipo_decreto":"Decreto Supremo","n_decreto":"1294","fecha_decreto":"15-11-1983","decreto_url":"https://www.monumentos.gob.cl/sites/default/files/decretos/MH_00338_1988_D00308.pdf"}},{"type":"Feature","geometry":{"type":"Point","coordinates":[-70.62183,-26.34786]},"properties":{"nombre":"Iglesia de Chañaral","region":"Atacama","provincia":"Chañaral","comuna":"Chañaral","codigo_cmn":"00396_MH_03201","categoria":"Monumento Histórico","tipo_decreto":"Decreto Supremo","n_decreto":"727","fecha_decreto":"14-10-1985","decreto_url":"https://www.monumentos.gob.cl/sites/default/files/decretos/MH_00396_1985_D00727.PDF"}},{"type":"Feature","geometry":{"type":"Point","coordinates":[-70.61976,-26.34326]},"properties":{"nombre":"Templo Presbiteriano de Chañaral","region":"Atacama","provincia":"Chañaral","comuna":"Chañaral","codigo_cmn":"00619_MH_03201","categoria":"Monumento Histórico","tipo_decreto":"Decreto Exento","n_decreto":"542","fecha_decreto":"08-11-1994","decreto_url":"https://www.monumentos.gob.cl/sites/default/files/decretos/MH_00619_1994_D00542.pdf"}},{"type":"Feature","geometry":{"type":"Point","coordinates":[-70.3402,-27.36325]},"properties":{"nombre":"Casa de los Hermanos Matta","region":"Atacama","provincia":"Copiapó","comuna":"Copiapó","codigo_cmn":"00234_MH_03101","categoria":"Monumento Histórico","tipo_decreto":"Decreto Supremo","n_decreto":"1813","fecha_decreto":"29-06-1979","decreto_url":"https://www.monumentos.gob.cl/sites/default/files/decretos/MH_00234_1979_D01813.PDF"}},{"type":"Feature","geometry":{"type":"Point","coordinates":[-70.34422,-27.35924]},"properties":{"nombre":"Estación de Ferrocarriles de Copiapó","region":"Atacama","provincia":"Copiapó","comuna":"Copiapó","codigo_cmn":"00297_MH_03101","categoria":"Monumento Histórico","tipo_decreto":"Decreto Supremo","n_decreto":"7817","fecha_decreto":"29-10-1981","decreto_url":"https://www.monumentos.gob.cl/sites/default/files/decretos/MH_00297_1981_D07817.PDF"}},{"type":"Feature","geometry":{"type":"Point","coordinates":[-70.34102,-27.36143]},"properties":{"nombre":"Casa de los empleados de Ferrocarriles de Copiapó","region":"Atacama","provincia":"Copiapó","comuna":"Copiapó","codigo_cmn":"00298_MH_03101","categoria":"Monumento Histórico","tipo_decreto":"Decreto Supremo","n_decreto":"7817","fecha_decreto":"29-10-1981","decreto_url":"https://www.monumentos.gob.cl/sites/default/files/decretos/ZT_00535_1991_D00268.PDF"}},{"type":"Feature","geometry":{"type":"Point","coordinates":[-70.33313,-27.36628]},"properties":{"nombre":"Catedral de Copiapó","region":"Atacama","provincia":"Copiapó","comuna":"Copiapó","codigo_cmn":"00299_MH_03101","categoria":"Monumento Histórico","tipo_decreto":"Decreto Supremo","n_decreto":"7817","fecha_decreto":"29-10-1981","decreto_url":"https://www.monumentos.gob.cl/sites/default/files/decretos/MH_00297_1981_D07817.PDF"}},{"type":"Feature","geometry":{"type":"Point","coordinates":[-70.34898,-27.36143]},"properties":{"nombre":"Villa Viña de Cristo","region":"Atacama","provincia":"Copiapó","comuna":"Copiapó","codigo_cmn":"00300_MH_03101","categoria":"Monumento Histórico","tipo_decreto":"Decreto Supremo","n_decreto":"7817","fecha_decreto":"29-10-1981","decreto_url":"https://www.monumentos.gob.cl/sites/default/files/decretos/MH_00297_1981_D07817.PDF"}},{"type":"Feature","geometry":{"type":"Point","coordinates":[-70.3332,-27.36673]},"properties":{"nombre":"Edificio Consistorial de Copiapó","region":"Atacama","provincia":"Copiapó","comuna":"Copiapó","codigo_cmn":"00598_MH_03101","categoria":"Monumento Histórico","tipo_decreto":"Decreto Supremo","n_decreto":"664","fecha_decreto":"22-09-1993","decreto_url":"https://www.monumentos.gob.cl/sites/default/files/decretos/MH_00598_1993_D00664.PDF"}},{"type":"Feature","geometry":{"type":"Point","coordinates":[-70.33264,-27.36634]},"properties":{"nombre":"Estatua de Mármol (1) en el interior de la Plaza de Armas de Copiapó","region":"Atacama","provincia":"Copiapó","comuna":"Copiapó","codigo_cmn":"00599_MH_03101","categoria":"Monumento Histórico","tipo_decreto":"Decreto Supremo","n_decreto":"664","fecha_decreto":"22-09-1993","decreto_url":"https://www.monumentos.gob.cl/sites/default/files/decretos/MH_00598_1993_D00664.PDF"}},{"type":"Feature","geometry":{"type":"Point","coordinates":[-70.33196,-27.36673]},"properties":{"nombre":"Estatua de Mármol (2) en el interior de la Plaza de Armas de Copiapó","region":"Atacama","provincia":"Copiapó","comuna":"Copiapó","codigo_cmn":"00600_MH_03101","categoria":"Monumento Histórico","tipo_decreto":"Decreto Supremo","n_decreto":"664","fecha_decreto":"22-09-1993","decreto_url":"https://www.monumentos.gob.cl/sites/default/files/decretos/MH_00598_1993_D00664.PDF"}},{"type":"Feature","geometry":{"type":"Point","coordinates":[-70.33259,-27.36636]},"properties":{"nombre":"Estatua de Mármol (3) en el interior de la Plaza de Armas de Copiapó","region":"Atacama","provincia":"Copiapó","comuna":"Copiapó","codigo_cmn":"00601_MH_03101","categoria":"Monumento Histórico","tipo_decreto":"Decreto Supremo","n_decreto":"664","fecha_decreto":"22-09-1993","decreto_url":"https://www.monumentos.gob.cl/sites/default/files/decretos/MH_00598_1993_D00664.PDF"}},{"type":"Feature","geometry":{"type":"Point","coordinates":[-70.33234,-27.36654]},"properties":{"nombre":"Estatua de Mármol (4) en el interior de la Plaza de Armas de Copiapó","region":"Atacama","provincia":"Copiapó","comuna":"Copiapó","codigo_cmn":"00602_MH_03101","categoria":"Monumento Histórico","tipo_decreto":"Decreto Supremo","n_decreto":"664","fecha_decreto":"22-09-1993","decreto_url":"https://www.monumentos.gob.cl/sites/default/files/decretos/MH_00598_1993_D00664.PDF"}},{"type":"Feature","geometry":{"type":"Point","coordinates":[-70.33234,-27.36654]},"properties":{"nombre":"Fuente Central de la Plaza de Armas de Copiapó","region":"Atacama","provincia":"Copiapó","comuna":"Copiapó","codigo_cmn":"00603_MH_03101","categoria":"Monumento Histórico","tipo_decreto":"Decreto Supremo","n_decreto":"664","fecha_decreto":"22-09-1993","decreto_url":"https://www.monumentos.gob.cl/sites/default/files/decretos/MH_00598_1993_D00664.PDF"}},{"type":"Feature","geometry":{"type":"Point","coordinates":[-70.82308,-27.06476]},"properties":{"nombre":"Estación de Ferrocarriles de Caldera","region":"Atacama","provincia":"Copiapó","comuna":"Caldera","codigo_cmn":"00042_MH_03102","categoria":"Monumento Histórico","tipo_decreto":"Decreto Supremo","n_decreto":"9045","fecha_decreto":"20-07-1964","decreto_url":"https://www.monumentos.gob.cl/sites/default/files/decretos/MH_00042_1964_D09045.PDF"}},{"type":"Feature","geometry":{"type":"Point","coordinates":[-70.81395,-27.06709]},"properties":{"nombre":"Cementerio Laico de Caldera","region":"Atacama","provincia":"Copiapó","comuna":"Caldera","codigo_cmn":"00658_MH_03102","categoria":"Monumento Histórico","tipo_decreto":"Decreto Exento","n_decreto":"316","fecha_decreto":"03-06-1996","decreto_url":"https://www.monumentos.gob.cl/sites/default/files/decretos/MH_00658_1996_D00316.PDF"}},{"type":"Feature","geometry":{"type":"Point","coordinates":[-70.24486,-27.60837]},"properties":{"nombre":"Casa de José Joaquín Vallejos (Jotabeche)","region":"Atacama","provincia":"Copiapó","comuna":"Tierra Amarilla","codigo_cmn":"00217_MH_03103","categoria":"Monumento Histórico","tipo_decreto":"Decreto Supremo","n_decreto":"1026","fecha_decreto":"14-12-1977","decreto_url":"https://www.monumentos.gob.cl/sites/default/files/decretos/MH_00217_1977_D01026.PDF"}},{"type":"Feature","geometry":{"type":"Point","coordinates":[-70.12932,-27.82362]},"properties":{"nombre":"Palacio Incaico de La Puerta","region":"Atacama","provincia":"Copiapó","comuna":"Tierra Amarilla","codigo_cmn":"00314_MH_03103","categoria":"Monumento Histórico","tipo_decreto":"Decreto Supremo","n_decreto":"2558","fecha_decreto":"13-07-1982","decreto_url":"https://www.monumentos.gob.cl/sites/default/files/decretos/MH_00314_1982_D02558.PDF"}},{"type":"Feature","geometry":{"type":"Point","coordinates":[-70.15086,-27.78436]},"properties":{"nombre":"Pucará de Punta Brava","region":"Atacama","provincia":"Copiapó","comuna":"Tierra Amarilla","codigo_cmn":"00315_MH_03103","categoria":"Monumento Histórico","tipo_decreto":"Decreto Supremo","n_decreto":"2558","fecha_decreto":"13-07-1982","decreto_url":"https://www.monumentos.gob.cl/sites/default/files/decretos/MH_00314_1982_D02558.PDF"}},{"type":"Feature","geometry":{"type":"Point","coordinates":[-70.03102,-27.90237]},"properties":{"nombre":"Establecimiento metalurgista de Viña del Cerro","region":"Atacama","provincia":"Copiapó","comuna":"Tierra Amarilla","codigo_cmn":"00316_MH_03103","categoria":"Monumento Histórico","tipo_decreto":"Decreto Supremo","n_decreto":"2558","fecha_decreto":"13-07-1982","decreto_url":"https://www.monumentos.gob.cl/sites/default/files/decretos/MH_00314_1982_D02558.PDF"}},{"type":"Feature","geometry":{"type":"Point","coordinates":[-70.27039,-27.53938]},"properties":{"nombre":"Casa de la Ex-Hacienda  de Nantoco","region":"Atacama","provincia":"Copiapó","comuna":"Tierra Amarilla","codigo_cmn":"00389_MH_03103","categoria":"Monumento Histórico","tipo_decreto":"Decreto Supremo","n_decreto":"1030","fecha_decreto":"12-12-1984","decreto_url":"https://www.monumentos.gob.cl/sites/default/files/decretos/MH_00389_1984_D01030.PDF"}},{"type":"Feature","geometry":{"type":"Point","coordinates":[-70.27043,-27.53975]},"properties":{"nombre":"Iglesia de la Ex-Hacienda  de Nantoco","region":"Atacama","provincia":"Copiapó","comuna":"Tierra Amarilla","codigo_cmn":"00390_MH_03103","categoria":"Monumento Histórico","tipo_decreto":"Decreto Supremo","n_decreto":"1030","fecha_decreto":"12-12-1984","decreto_url":"https://www.monumentos.gob.cl/sites/default/files/decretos/MH_00389_1984_D01030.PDF"}},{"type":"Feature","geometry":{"type":"Point","coordinates":[-70.89836,-29.03675]},"properties":{"nombre":"Estación de Ferrocarriles de Cachiyuyo","region":"Atacama","provincia":"Huasco","comuna":"Vallenar","codigo_cmn":"00663_MH_03301","categoria":"Monumento Histórico","tipo_decreto":"Decreto Exento","n_decreto":"478","fecha_decreto":"27-08-1996","decreto_url":"https://www.monumentos.gob.cl/sites/default/files/decretos/MH_00663_1996_D00478.PDF"}},{"type":"Feature","geometry":{"type":"Point","coordinates":[-71.07853,-28.509]},"properties":{"nombre":"Iglesia Parroquial de Freirina","region":"Atacama","provincia":"Huasco","comuna":"Freirina","codigo_cmn":"00256_MH_03303","categoria":"Monumento Histórico","tipo_decreto":"Decreto Supremo","n_decreto":"8377","fecha_decreto":"02-10-1980","decreto_url":"https://www.monumentos.gob.cl/sites/default/files/decretos/MH_00256_1980_D08377.PDF"}},{"type":"Feature","geometry":{"type":"Point","coordinates":[-71.07801,-28.50847]},"properties":{"nombre":"Edificio Los Portales","region":"Atacama","provincia":"Huasco","comuna":"Freirina","codigo_cmn":"00257_MH_03303","categoria":"Monumento Histórico","tipo_decreto":"Decreto Supremo","n_decreto":"8377","fecha_decreto":"02-10-1980","decreto_url":"https://www.monumentos.gob.cl/sites/default/files/decretos/MH_00256_1980_D08377.PDF"}},{"type":"Feature","geometry":{"type":"Point","coordinates":[-71.2522,-29.89816]},"properties":{"nombre":"Iglesia de Santa Inés","region":"Coquimbo","provincia":"Elqui","comuna":"La Serena","codigo_cmn":"00209_MH_04101","categoria":"Monumento Histórico","tipo_decreto":"Decreto Supremo","n_decreto":"933","fecha_decreto":"24-11-1977","decreto_url":"https://www.monumentos.gob.cl/sites/default/files/decretos/MH_00209_1977_D00933.PDF"}},{"type":"Feature","geometry":{"type":"Point","coordinates":[-71.24979,-29.90459]},"properties":{"nombre":"Iglesia de San Francisco de La Serena","region":"Coquimbo","provincia":"Elqui","comuna":"La Serena","codigo_cmn":"00218_MH_04101","categoria":"Monumento Histórico","tipo_decreto":"Decreto Supremo","n_decreto":"1025","fecha_decreto":"14-12-1977","decreto_url":"https://www.monumentos.gob.cl/sites/default/files/decretos/MH_00218_1977_D01025.PDF"}},{"type":"Feature","geometry":{"type":"Point","coordinates":[-71.24949,-29.90766]},"properties":{"nombre":"Capilla del Hospital San Juan de Dios","region":"Coquimbo","provincia":"Elqui","comuna":"La Serena","codigo_cmn":"00282_MH_04101","categoria":"Monumento Histórico","tipo_decreto":"Decreto Supremo","n_decreto":"499","fecha_decreto":"12-02-1981","decreto_url":"https://www.monumentos.gob.cl/sites/default/files/decretos/MH_00272_1981_D00499.PDF"}},{"type":"Feature","geometry":{"type":"Point","coordinates":[-71.25099,-29.903]},"properties":{"nombre":"Catedral de La Serena","region":"Coquimbo","provincia":"Elqui","comuna":"La Serena","codigo_cmn":"00272_MH_04101","categoria":"Monumento Histórico","tipo_decreto":"Decreto Supremo","n_decreto":"499","fecha_decreto":"12-02-1981","decreto_url":"https://www.monumentos.gob.cl/sites/default/files/decretos/MH_00272_1981_D00499.PDF"}},{"type":"Feature","geometry":{"type":"Point","coordinates":[-71.24088,-29.90216]},"properties":{"nombre":"Capilla de la Casa de la Providencia, Casa de la Providencia, claustro y dependencias que la conforman","region":"Coquimbo","provincia":"Elqui","comuna":"La Serena","codigo_cmn":"00273_MH_04101","categoria":"Monumento Histórico","tipo_decreto":"Decreto Supremo","n_decreto":"499","fecha_decreto":"12-02-1981","decreto_url":"https://www.monumentos.gob.cl/sites/default/files/decretos/MH_00389_1984_D01030.PDF"}},{"type":"Feature","geometry":{"type":"Point","coordinates":[-71.24078,-29.90241]},"properties":{"nombre":"Capilla de la Casa de la Providencia, Casa de la Providencia, claustro y dependencias que la conforman","region":"Coquimbo","provincia":"Elqui","comuna":"La Serena","codigo_cmn":"00274_MH_04101","categoria":"Monumento Histórico","tipo_decreto":"Decreto Supremo","n_decreto":"499","fecha_decreto":"12-02-1981","decreto_url":"https://www.monumentos.gob.cl/sites/default/files/decretos/MH_00389_1984_D01030.PDF"}},{"type":"Feature","geometry":{"type":"Point","coordinates":[-71.24053,-29.90243]},"properties":{"nombre":"Capilla de la Casa de la Providencia, Casa de la Providencia, claustro y dependencias que la conforman","region":"Coquimbo","provincia":"Elqui","comuna":"La Serena","codigo_cmn":"00275_MH_04101","categoria":"Monumento Histórico","tipo_decreto":"Decreto Supremo","n_decreto":"499","fecha_decreto":"12-02-1981","decreto_url":"https://www.monumentos.gob.cl/sites/default/files/decretos/MH_00389_1984_D01030.PDF"}},{"type":"Feature","geometry":{"type":"Point","coordinates":[-71.25054,-29.90178]},"properties":{"nombre":"Casa Piñera","region":"Coquimbo","provincia":"Elqui","comuna":"La Serena","codigo_cmn":"00276_MH_04101","categoria":"Monumento Histórico","tipo_decreto":"Decreto Supremo","n_decreto":"499","fecha_decreto":"12-02-1981","decreto_url":"https://www.monumentos.gob.cl/sites/default/files/decretos/MH_00272_1981_D00499.PDF"}},{"type":"Feature","geometry":{"type":"Point","coordinates":[-71.24995,-29.90962]},"properties":{"nombre":"Casa Carmona","region":"Coquimbo","provincia":"Elqui","comuna":"La Serena","codigo_cmn":"00277_MH_04101","categoria":"Monumento Histórico","tipo_decreto":"Decreto Supremo","n_decreto":"499","fecha_decreto":"12-02-1981","decreto_url":"https://www.monumentos.gob.cl/sites/default/files/decretos/MH_00272_1981_D00499.PDF"}},{"type":"Feature","geometry":{"type":"Point","coordinates":[-71.25262,-29.90145]},"properties":{"nombre":"Casa Herreros","region":"Coquimbo","provincia":"Elqui","comuna":"La Serena","codigo_cmn":"00278_MH_04101","categoria":"Monumento Histórico","tipo_decreto":"Decreto Supremo","n_decreto":"499","fecha_decreto":"12-02-1981","decreto_url":"https://www.monumentos.gob.cl/sites/default/files/decretos/MH_00272_1981_D00499.PDF"}},{"type":"Feature","geometry":{"type":"Point","coordinates":[-71.2511,-29.90073]},"properties":{"nombre":"Casa Chadwick","region":"Coquimbo","provincia":"Elqui","comuna":"La Serena","codigo_cmn":"00279_MH_04101","categoria":"Monumento Histórico","tipo_decreto":"Decreto Supremo","n_decreto":"499","fecha_decreto":"12-02-1981","decreto_url":"https://www.monumentos.gob.cl/sites/default/files/decretos/MH_00272_1981_D00499.PDF"}},{"type":"Feature","geometry":{"type":"Point","coordinates":[-71.25281,-29.9031]},"properties":{"nombre":"Casa González Videla","region":"Coquimbo","provincia":"Elqui","comuna":"La Serena","codigo_cmn":"00280_MH_04101","categoria":"Monumento Histórico","tipo_decreto":"Decreto Supremo","n_decreto":"499","fecha_decreto":"12-02-1981","decreto_url":"https://www.monumentos.gob.cl/sites/default/files/decretos/MH_00272_1981_D00499.PDF"}},{"type":"Feature","geometry":{"type":"Point","coordinates":[-71.26356,-29.90535]},"properties":{"nombre":"Casa que fuera de Gabriela Mistral","region":"Coquimbo","provincia":"Elqui","comuna":"La Serena","codigo_cmn":"00499_MH_04101","categoria":"Monumento Histórico","tipo_decreto":"Decreto Supremo","n_decreto":"482","fecha_decreto":"27-03-1990","decreto_url":"https://www.monumentos.gob.cl/sites/default/files/decretos/MH_00499_1990_D00482.PDF"}},{"type":"Feature","geometry":{"type":"Point","coordinates":[-71.25682,-29.9027]},"properties":{"nombre":"Mural del pintor Gregorio De la Fuente, pintado en la ex Estación de Ferrocarriles de La Serena","region":"Coquimbo","provincia":"Elqui","comuna":"La Serena","codigo_cmn":"00562_MH_04101","categoria":"Monumento Histórico","tipo_decreto":"Decreto Supremo","n_decreto":"265","fecha_decreto":"25-05-1992","decreto_url":"https://www.monumentos.gob.cl/sites/default/files/decretos/MH_00562_1992_D00265.PDF"}},{"type":"Feature","geometry":{"type":"Point","coordinates":[-71.24599,-29.91031]},"properties":{"nombre":"Edificio Isabel Bongard","region":"Coquimbo","provincia":"Elqui","comuna":"La Serena","codigo_cmn":"00633_MH_04101","categoria":"Monumento Histórico","tipo_decreto":"Decreto Exento","n_decreto":"382","fecha_decreto":"23-06-1995","decreto_url":"https://www.monumentos.gob.cl/sites/default/files/decretos/MH_00633_1995_D00382.PDF"}},{"type":"Feature","geometry":{"type":"Point","coordinates":[-71.25342,-29.90543]},"properties":{"nombre":"Edificio ubicado en Av. Francisco de Aguirre Nº 260","region":"Coquimbo","provincia":"Elqui","comuna":"La Serena","codigo_cmn":"00861_MH_04101","categoria":"Monumento Histórico","tipo_decreto":"Decreto Exento","n_decreto":"1074","fecha_decreto":"31-10-2002","decreto_url":"https://www.monumentos.gob.cl/sites/default/files/decretos/MH_00861_2002_D01074.PDF"}},{"type":"Feature","geometry":{"type":"Point","coordinates":[-71.34658,-29.967]},"properties":{"nombre":"Iglesia de Guayacán","region":"Coquimbo","provincia":"Elqui","comuna":"Coquimbo","codigo_cmn":"00219_MH_04102","categoria":"Monumento Histórico","tipo_decreto":"Decreto Supremo","n_decreto":"1025","fecha_decreto":"14-12-1977","decreto_url":"https://www.monumentos.gob.cl/sites/default/files/decretos/MH_00218_1977_D01025.PDF"}},{"type":"Feature","geometry":{"type":"Point","coordinates":[-71.34666,-29.96638]},"properties":{"nombre":"Casa de Administración del Establecimiento de Guayacán","region":"Coquimbo","provincia":"Elqui","comuna":"Coquimbo","codigo_cmn":"00539_MH_04102","categoria":"Monumento Histórico","tipo_decreto":"Decreto Supremo","n_decreto":"721","fecha_decreto":"25-10-1990","decreto_url":"https://www.monumentos.gob.cl/sites/default/files/decretos/MH_00514_1990_D00721.PDF"}},{"type":"Feature","geometry":{"type":"Point","coordinates":[-71.08549,-30.23227]},"properties":{"nombre":"Iglesia Parroquial de Andacollo","region":"Coquimbo","provincia":"Elqui","comuna":"Andacollo","codigo_cmn":"00265_MH_04103","categoria":"Monumento Histórico","tipo_decreto":"Decreto Supremo","n_decreto":"72","fecha_decreto":"12-01-1981","decreto_url":"https://www.monumentos.gob.cl/sites/default/files/decretos/MH_00265_1981_D00072.PDF"}},{"type":"Feature","geometry":{"type":"Point","coordinates":[-70.49571,-30.09524]},"properties":{"nombre":"Tumba de Gabriela Mistral","region":"Coquimbo","provincia":"Elqui","comuna":"Paiguano","codigo_cmn":"00039_MH_04105","categoria":"Monumento Histórico","tipo_decreto":"Ley","n_decreto":"14693","fecha_decreto":"28-11-1961","decreto_url":"https://www.monumentos.gob.cl/sites/default/files/decretos/MH_00039_1969_D05309.pdf"}},{"type":"Feature","geometry":{"type":"Point","coordinates":[-70.4942,-30.093]},"properties":{"nombre":"Casa escuela rural de Monte Grande donde vivió y estudió Gabriela Mistral","region":"Coquimbo","provincia":"Elqui","comuna":"Paiguano","codigo_cmn":"00241_MH_04105","categoria":"Monumento Histórico","tipo_decreto":"Decreto Supremo","n_decreto":"2174","fecha_decreto":"24-08-1979","decreto_url":"https://www.monumentos.gob.cl/sites/default/files/decretos/MH_00241_1979_D02174.PDF"}},{"type":"Feature","geometry":{"type":"Point","coordinates":[-71.48104,-30.65634]},"properties":{"nombre":"Iglesia San Antonio de Barraza","region":"Coquimbo","provincia":"Limarí","comuna":"Ovalle","codigo_cmn":"00220_MH_04301","categoria":"Monumento Histórico","tipo_decreto":"Decreto Supremo","n_decreto":"1025","fecha_decreto":"14-12-1977","decreto_url":"https://www.monumentos.gob.cl/sites/default/files/decretos/MH_00218_1977_D01025.PDF"}},{"type":"Feature","geometry":{"type":"Point","coordinates":[-70.88171,-30.39664]},"properties":{"nombre":"Bosque petrificado al norte de Pichasca y yacimiento de huesos de dinosaurio","region":"Coquimbo","provincia":"Limarí","comuna":"Río Hurtado","codigo_cmn":"00057_MH_04305","categoria":"Monumento Histórico","tipo_decreto":"Decreto Supremo","n_decreto":"7365","fecha_decreto":"29-07-1969","decreto_url":"https://www.monumentos.gob.cl/sites/default/files/decretos/MH_00057_1969_D07365.PDF"}},{"type":"Feature","geometry":{"type":"Point","coordinates":[-71.44571,-31.58726]},"properties":{"nombre":"Iglesia Parroquial de Mincha","region":"Coquimbo","provincia":"Choapa","comuna":"Canela","codigo_cmn":"00255_MH_04202","categoria":"Monumento Histórico","tipo_decreto":"Decreto Supremo","n_decreto":"6487","fecha_decreto":"31-07-1980","decreto_url":"https://www.monumentos.gob.cl/sites/default/files/decretos/MH_00255_1980_D06487.PDF"}},{"type":"Feature","geometry":{"type":"Point","coordinates":[-71.18851,-32.47506]},"properties":{"nombre":"Antigua Escuela Rural","region":"Valparaíso","provincia":"Petorca","comuna":"La Ligua","codigo_cmn":"00525_MH_05401","categoria":"Monumento Histórico","tipo_decreto":"Decreto Supremo","n_decreto":"814","fecha_decreto":"31-12-1990","decreto_url":"https://www.monumentos.gob.cl/sites/default/files/decretos/MH_00525_1990_D00814.PDF"}},{"type":"Feature","geometry":{"type":"Point","coordinates":[-70.93363,-32.25231]},"properties":{"nombre":"Casa donde nació el Presidente Manuel Montt","region":"Valparaíso","provincia":"Petorca","comuna":"Petorca","codigo_cmn":"00011_MH_05404","categoria":"Monumento Histórico","tipo_decreto":"Ley","n_decreto":"4542","fecha_decreto":"25-01-1929","decreto_url":"https://www.monumentos.gob.cl/sites/default/files/decretos/MH_00011_1929_D04542.PDF"}},{"type":"Feature","geometry":{"type":"Point","coordinates":[-71.45894,-32.55311]},"properties":{"nombre":"Pila de bronce de la Plaza de Zapallar","region":"Valparaíso","provincia":"Petorca","comuna":"Zapallar","codigo_cmn":"00088_MH_05405","categoria":"Monumento Histórico","tipo_decreto":"Decreto Supremo","n_decreto":"542","fecha_decreto":"09-03-1972","decreto_url":"https://www.monumentos.gob.cl/sites/default/files/decretos/MH_00088_1972_D00542.PDF"}},{"type":"Feature","geometry":{"type":"Point","coordinates":[-71.46109,-32.55291]},"properties":{"nombre":"Casa Hildesheim Baviera (Réplica de casa construida en el siglo XVII en Hildesheim)","region":"Valparaíso","provincia":"Petorca","comuna":"Zapallar","codigo_cmn":"00157_MH_05405","categoria":"Monumento Histórico","tipo_decreto":"Decreto Supremo","n_decreto":"761","fecha_decreto":"26-09-1975","decreto_url":"https://www.monumentos.gob.cl/sites/default/files/decretos/MH_00157_1975_D00761.PDF"}},{"type":"Feature","geometry":{"type":"Point","coordinates":[-71.44956,-32.50644]},"properties":{"nombre":"Iglesia Nuestra Señora de Las Mercedes","region":"Valparaíso","provincia":"Petorca","comuna":"Papudo","codigo_cmn":"00642_MH_05403","categoria":"Monumento Histórico","tipo_decreto":"Decreto Exento","n_decreto":"532","fecha_decreto":"20-09-1995","decreto_url":"https://www.monumentos.gob.cl/sites/default/files/decretos/MH_00642_1995_D00532.PDF"}},{"type":"Feature","geometry":{"type":"Point","coordinates":[-70.68929,-32.78411]},"properties":{"nombre":"Iglesia y Convento de San Francisco de Curimón","region":"Valparaíso","provincia":"San Felipe de Aconcagua","comuna":"San Felipe","codigo_cmn":"00070_MH_05701","categoria":"Monumento Histórico","tipo_decreto":"Decreto Supremo","n_decreto":"1749","fecha_decreto":"26-07-1971","decreto_url":"https://www.monumentos.gob.cl/sites/default/files/decretos/MH_00102_1972_D17813.PDF"}},{"type":"Feature","geometry":{"type":"Point","coordinates":[-70.68935,-32.78446]},"properties":{"nombre":"Iglesia y Convento de San Francisco de Curimón","region":"Valparaíso","provincia":"San Felipe de Aconcagua","comuna":"San Felipe","codigo_cmn":"00071_MH_05701","categoria":"Monumento Histórico","tipo_decreto":"Decreto Supremo","n_decreto":"1749","fecha_decreto":"26-07-1971","decreto_url":"https://www.monumentos.gob.cl/sites/default/files/decretos/MH_00102_1972_D17813.PDF"}},{"type":"Feature","geometry":{"type":"Point","coordinates":[-70.69276,-32.74946]},"properties":{"nombre":"Iglesia y Convento de San Francisco del Almendral","region":"Valparaíso","provincia":"San Felipe de Aconcagua","comuna":"San Felipe","codigo_cmn":"00102_MH_05701","categoria":"Monumento Histórico","tipo_decreto":"Ley","n_decreto":"17813","fecha_decreto":"17-11-1972","decreto_url":"https://www.monumentos.gob.cl/sites/default/files/decretos/MH_00102_1972_D17813.PDF"}},{"type":"Feature","geometry":{"type":"Point","coordinates":[-70.69245,-32.74945]},"properties":{"nombre":"Iglesia y Convento de San Francisco del Almendral","region":"Valparaíso","provincia":"San Felipe de Aconcagua","comuna":"San Felipe","codigo_cmn":"00103_MH_05701","categoria":"Monumento Histórico","tipo_decreto":"Ley","n_decreto":"17813","fecha_decreto":"17-11-1972","decreto_url":"https://www.monumentos.gob.cl/sites/default/files/decretos/MH_00102_1972_D17813.PDF"}},{"type":"Feature","geometry":{"type":"Point","coordinates":[-70.718,-32.74718]},"properties":{"nombre":"Casona Mardones","region":"Valparaíso","provincia":"San Felipe de Aconcagua","comuna":"San Felipe","codigo_cmn":"00467_MH_05701","categoria":"Monumento Histórico","tipo_decreto":"Decreto Supremo","n_decreto":"309","fecha_decreto":"14-07-1988","decreto_url":"https://www.monumentos.gob.cl/sites/default/files/decretos/MH_00467_1988_D00309.PDF"}},{"type":"Feature","geometry":{"type":"Point","coordinates":[-70.72448,-32.75022]},"properties":{"nombre":"Catedral de San Felipe","region":"Valparaíso","provincia":"San Felipe de Aconcagua","comuna":"San Felipe","codigo_cmn":"00473_MH_05701","categoria":"Monumento Histórico","tipo_decreto":"Decreto Supremo","n_decreto":"490","fecha_decreto":"29-09-1989","decreto_url":"https://www.monumentos.gob.cl/sites/default/files/decretos/MH_00473_1989_D00490.PDF"}},{"type":"Feature","geometry":{"type":"Point","coordinates":[-70.71992,-32.75572]},"properties":{"nombre":"Iglesia del Buen Pastor","region":"Valparaíso","provincia":"San Felipe de Aconcagua","comuna":"San Felipe","codigo_cmn":"00474_MH_05701","categoria":"Monumento Histórico","tipo_decreto":"Decreto Supremo","n_decreto":"490","fecha_decreto":"29-09-1989","decreto_url":"https://www.monumentos.gob.cl/sites/default/files/decretos/MH_00473_1989_D00490.PDF"}},{"type":"Feature","geometry":{"type":"Point","coordinates":[-70.7168,-32.62572]},"properties":{"nombre":"Casa donde nació José Antonio Salinas","region":"Valparaíso","provincia":"San Felipe de Aconcagua","comuna":"Putaendo","codigo_cmn":"00104_MH_05705","categoria":"Monumento Histórico","tipo_decreto":"Ley","n_decreto":"17813","fecha_decreto":"17-11-1972","decreto_url":"https://www.monumentos.gob.cl/sites/default/files/decretos/MH_00102_1972_D17813.PDF"}},{"type":"Feature","geometry":{"type":"Point","coordinates":[-70.15231,-32.86616]},"properties":{"nombre":"Refugio de Correos","region":"Valparaíso","provincia":"Los Andes","comuna":"Los Andes","codigo_cmn":"00377_MH_05301","categoria":"Monumento Histórico","tipo_decreto":"Decreto Supremo","n_decreto":"409","fecha_decreto":"24-07-1984","decreto_url":"https://www.monumentos.gob.cl/sites/default/files/decretos/MH_00377_1984_D00409.PDF"}},{"type":"Feature","geometry":{"type":"Point","coordinates":[-70.60312,-32.83267]},"properties":{"nombre":"Iglesia y coro adyacente de las Carmelitas descalzas de Los Andes","region":"Valparaíso","provincia":"Los Andes","comuna":"Los Andes","codigo_cmn":"00461_MH_05301","categoria":"Monumento Histórico","tipo_decreto":"Decreto Supremo","n_decreto":"788","fecha_decreto":"23-09-1987","decreto_url":"https://www.monumentos.gob.cl/sites/default/files/decretos/MH_00461_1988_D00057.pdf"}},{"type":"Feature","geometry":{"type":"Point","coordinates":[-70.60323,-32.8326]},"properties":{"nombre":"Iglesia y coro adyacente de las Carmelitas descalzas de Los Andes","region":"Valparaíso","provincia":"Los Andes","comuna":"Los Andes","codigo_cmn":"00462_MH_05301","categoria":"Monumento Histórico","tipo_decreto":"Decreto Supremo","n_decreto":"788","fecha_decreto":"23-09-1987","decreto_url":"https://www.monumentos.gob.cl/sites/default/files/decretos/MH_00461_1988_D00057.pdf"}},{"type":"Feature","geometry":{"type":"Point","coordinates":[-70.59836,-32.83291]},"properties":{"nombre":"Edificio de la Gobernación Provincial de Los Andes","region":"Valparaíso","provincia":"Los Andes","comuna":"Los Andes","codigo_cmn":"00784_MH_05301","categoria":"Monumento Histórico","tipo_decreto":"Decreto Exento","n_decreto":"9","fecha_decreto":"12-01-2000","decreto_url":"https://www.monumentos.gob.cl/sites/default/files/decretos/MH_00784_2000_D00009.PDF"}},{"type":"Feature","geometry":{"type":"Point","coordinates":[-70.61592,-32.86932]},"properties":{"nombre":"Casa donde nació el Presidente Pedro Aguirre Cerda","region":"Valparaíso","provincia":"Los Andes","comuna":"Calle Larga","codigo_cmn":"00105_MH_05302","categoria":"Monumento Histórico","tipo_decreto":"Ley","n_decreto":"17813","fecha_decreto":"17-11-1972","decreto_url":"https://www.monumentos.gob.cl/sites/default/files/decretos/MH_00102_1972_D17813.PDF"}},{"type":"Feature","geometry":{"type":"Point","coordinates":[-70.61587,-32.86917]},"properties":{"nombre":"Escuela F-511","region":"Valparaíso","provincia":"Los Andes","comuna":"Calle Larga","codigo_cmn":"00249_MH_05302","categoria":"Monumento Histórico","tipo_decreto":"Decreto Supremo","n_decreto":"4067","fecha_decreto":"11-12-1979","decreto_url":"https://www.monumentos.gob.cl/sites/default/files/decretos/MH_00249_1979_D04067.PDF"}},{"type":"Feature","geometry":{"type":"Point","coordinates":[-70.58933,-32.87999]},"properties":{"nombre":"Casa Patronal (sector antigua)  del conjunto de la Ex Hacienda San Vicente Ferrer","region":"Valparaíso","provincia":"Los Andes","comuna":"Calle Larga","codigo_cmn":"00620_MH_05302","categoria":"Monumento Histórico","tipo_decreto":"Decreto Exento","n_decreto":"550","fecha_decreto":"11-11-1994"}},{"type":"Feature","geometry":{"type":"Point","coordinates":[-70.58859,-32.87943]},"properties":{"nombre":"Bodega más antigua del conjunto de la Ex Hacienda San Vicente Ferrer","region":"Valparaíso","provincia":"Los Andes","comuna":"Calle Larga","codigo_cmn":"00621_MH_05302","categoria":"Monumento Histórico","tipo_decreto":"Decreto Exento","n_decreto":"550","fecha_decreto":"11-11-1994"}},{"type":"Feature","geometry":{"type":"Point","coordinates":[-70.6165,-32.86887]},"properties":{"nombre":"Casa de don Domingo Faustino Sarmiento","region":"Valparaíso","provincia":"Los Andes","comuna":"Calle Larga","codigo_cmn":"00674_MH_05302","categoria":"Monumento Histórico","tipo_decreto":"Decreto Exento","n_decreto":"787","fecha_decreto":"11-07-1997","decreto_url":"https://www.monumentos.gob.cl/sites/default/files/decretos/MH_00674_1997_D00787.PDF"}},{"type":"Feature","geometry":{"type":"Point","coordinates":[-71.24831,-32.88089]},"properties":{"nombre":"Casa Colonial de Quillota","region":"Valparaíso","provincia":"Quillota","comuna":"Quillota","codigo_cmn":"00159_MH_05501","categoria":"Monumento Histórico","tipo_decreto":"Decreto Supremo","n_decreto":"556","fecha_decreto":"10-06-1976","decreto_url":"https://www.monumentos.gob.cl/sites/default/files/decretos/MH_00159_1999_D00322.pdf"}},{"type":"Feature","geometry":{"type":"Point","coordinates":[-71.06175,-33.06118]},"properties":{"nombre":"Capilla de La Dormida","region":"Valparaíso","provincia":"Marga Marga","comuna":"Olmué","codigo_cmn":"00468_MH_05803","categoria":"Monumento Histórico","tipo_decreto":"Decreto Supremo","n_decreto":"20","fecha_decreto":"04-01-1989","decreto_url":"https://www.monumentos.gob.cl/sites/default/files/decretos/MH_00468_1989_D00020.PDF"}},{"type":"Feature","geometry":{"type":"Point","coordinates":[-71.62913,-33.02768]},"properties":{"nombre":"Fuerte Esmeralda","region":"Valparaíso","provincia":"Valparaíso","comuna":"Valparaíso","codigo_cmn":"00013_MH_05101","categoria":"Monumento Histórico","tipo_decreto":"Decreto Supremo","n_decreto":"1510","fecha_decreto":"26-03-1938","decreto_url":"https://www.monumentos.gob.cl/sites/default/files/decretos/MH_00013_1938_D01510.PDF"}},{"type":"Feature","geometry":{"type":"Point","coordinates":[-71.63024,-33.03865]},"properties":{"nombre":"Castillo San José","region":"Valparaíso","provincia":"Valparaíso","comuna":"Valparaíso","codigo_cmn":"00040_MH_05101","categoria":"Monumento Histórico","tipo_decreto":"Decreto Supremo","n_decreto":"2372","fecha_decreto":"19-03-1963","decreto_url":"https://www.monumentos.gob.cl/sites/default/files/decretos/MH_00040_1963_D02372.PDF"}},{"type":"Feature","geometry":{"type":"Point","coordinates":[-71.63193,-33.03643]},"properties":{"nombre":"Iglesia La Matriz del Salvador","region":"Valparaíso","provincia":"Valparaíso","comuna":"Valparaíso","codigo_cmn":"00084_MH_05101","categoria":"Monumento Histórico","tipo_decreto":"Decreto Supremo","n_decreto":"2412","fecha_decreto":"06-10-1971","decreto_url":"https://www.monumentos.gob.cl/sites/default/files/decretos/MH_00081_1971_D02412.PDF"}},{"type":"Feature","geometry":{"type":"Point","coordinates":[-71.60496,-33.04174]},"properties":{"nombre":"Torre Reloj de la Estación Barón de Ferrocarriles de Valparaíso","region":"Valparaíso","provincia":"Valparaíso","comuna":"Valparaíso","codigo_cmn":"00095_MH_05101","categoria":"Monumento Histórico","tipo_decreto":"Decreto Supremo","n_decreto":"2017","fecha_decreto":"24-10-1972","decreto_url":"https://www.monumentos.gob.cl/sites/default/files/decretos/MH_00094_1972_D02017.PDF"}},{"type":"Feature","geometry":{"type":"Point","coordinates":[-71.60057,-33.05103]},"properties":{"nombre":"Ascensor Polanco","region":"Valparaíso","provincia":"Valparaíso","comuna":"Valparaíso","codigo_cmn":"00160_MH_05101","categoria":"Monumento Histórico","tipo_decreto":"Decreto Supremo","n_decreto":"556","fecha_decreto":"10-06-1976","decreto_url":"https://www.monumentos.gob.cl/sites/default/files/decretos/MH_00159_1976_D00556.PDF"}},{"type":"Feature","geometry":{"type":"Point","coordinates":[-71.623,-33.04435]},"properties":{"nombre":"Palacio Ross","region":"Valparaíso","provincia":"Valparaíso","comuna":"Valparaíso","codigo_cmn":"00161_MH_05101","categoria":"Monumento Histórico","tipo_decreto":"Decreto Supremo","n_decreto":"556","fecha_decreto":"10-06-1976","decreto_url":"https://www.monumentos.gob.cl/sites/default/files/decretos/MH_00159_1976_D00556.PDF"}},{"type":"Feature","geometry":{"type":"Point","coordinates":[-71.62475,-33.04239]},"properties":{"nombre":"Edificio de calle Esmeralda Nº 1118","region":"Valparaíso","provincia":"Valparaíso","comuna":"Valparaíso","codigo_cmn":"00162_MH_05101","categoria":"Monumento Histórico","tipo_decreto":"Decreto Supremo","n_decreto":"556","fecha_decreto":"10-06-1976","decreto_url":"https://www.monumentos.gob.cl/sites/default/files/decretos/MH_00159_1976_D00556.PDF"}},{"type":"Feature","geometry":{"type":"Point","coordinates":[-71.63045,-33.0339]},"properties":{"nombre":"Aduana de Valparaíso","region":"Valparaíso","provincia":"Valparaíso","comuna":"Valparaíso","codigo_cmn":"00163_MH_05101","categoria":"Monumento Histórico","tipo_decreto":"Decreto Supremo","n_decreto":"556","fecha_decreto":"10-06-1976","decreto_url":"https://www.monumentos.gob.cl/sites/default/files/decretos/MH_00159_1976_D00556.PDF"}},{"type":"Feature","geometry":{"type":"Point","coordinates":[-71.6295,-33.03887]},"properties":{"nombre":"Intendencia de Valparaíso","region":"Valparaíso","provincia":"Valparaíso","comuna":"Valparaíso","codigo_cmn":"00229_MH_05101","categoria":"Monumento Histórico","tipo_decreto":"Decreto Supremo","n_decreto":"170","fecha_decreto":"23-01-1979","decreto_url":"https://www.monumentos.gob.cl/sites/default/files/decretos/MH_00229_1979_D00170.PDF"}},{"type":"Feature","geometry":{"type":"Point","coordinates":[-71.62739,-33.04226]},"properties":{"nombre":"Iglesia Anglicana de San Pablo","region":"Valparaíso","provincia":"Valparaíso","comuna":"Valparaíso","codigo_cmn":"00238_MH_05101","categoria":"Monumento Histórico","tipo_decreto":"Decreto Supremo","n_decreto":"1876","fecha_decreto":"19-07-1979","decreto_url":"https://www.monumentos.gob.cl/sites/default/files/decretos/MH_00237_1979_D01876.PDF"}},{"type":"Feature","geometry":{"type":"Point","coordinates":[-71.62127,-33.04657]},"properties":{"nombre":"Palacio Lyon","region":"Valparaíso","provincia":"Valparaíso","comuna":"Valparaíso","codigo_cmn":"00244_MH_05101","categoria":"Monumento Histórico","tipo_decreto":"Decreto Supremo","n_decreto":"2669","fecha_decreto":"02-10-1979","decreto_url":"https://www.monumentos.gob.cl/sites/default/files/decretos/MH_00244_1979_D02669.PDF"}},{"type":"Feature","geometry":{"type":"Point","coordinates":[-71.60059,-33.03973]},"properties":{"nombre":"Iglesia y Convento San Francisco (de Barón)","region":"Valparaíso","provincia":"Valparaíso","comuna":"Valparaíso","codigo_cmn":"00335_MH_05101","categoria":"Monumento Histórico","tipo_decreto":"Decreto Supremo","n_decreto":"687","fecha_decreto":"18-07-1983","decreto_url":"https://www.monumentos.gob.cl/sites/default/files/decretos/MH_00335_1983_D00687.PDF"}},{"type":"Feature","geometry":{"type":"Point","coordinates":[-71.60051,-33.03955]},"properties":{"nombre":"Iglesia y Convento San Francisco (de Barón)","region":"Valparaíso","provincia":"Valparaíso","comuna":"Valparaíso","codigo_cmn":"00336_MH_05101","categoria":"Monumento Histórico","tipo_decreto":"Decreto Supremo","n_decreto":"687","fecha_decreto":"18-07-1983","decreto_url":"https://www.monumentos.gob.cl/sites/default/files/decretos/MH_00335_1983_D00687.PDF"}},{"type":"Feature","geometry":{"type":"Point","coordinates":[-71.60318,-33.03806]},"properties":{"nombre":"Viejos galpones de La Maestranza y antigua tornamesa del ferrocarril de la Estación Barón","region":"Valparaíso","provincia":"Valparaíso","comuna":"Valparaíso","codigo_cmn":"00427_MH_05101","categoria":"Monumento Histórico","tipo_decreto":"Decreto Supremo","n_decreto":"1552","fecha_decreto":"03-12-1986","decreto_url":"https://www.monumentos.gob.cl/sites/default/files/decretos/MH_00427_1986_D01552.PDF"}},{"type":"Feature","geometry":{"type":"Point","coordinates":[-71.60259,-33.03763]},"properties":{"nombre":"Viejos galpones de La Maestranza y antigua tornamesa del ferrocarril de la Estación Barón","region":"Valparaíso","provincia":"Valparaíso","comuna":"Valparaíso","codigo_cmn":"00428_MH_05101","categoria":"Monumento Histórico","tipo_decreto":"Decreto Supremo","n_decreto":"1552","fecha_decreto":"03-12-1986","decreto_url":"https://www.monumentos.gob.cl/sites/default/files/decretos/MH_00427_1986_D01552.PDF"}},{"type":"Feature","geometry":{"type":"Point","coordinates":[-71.62503,-33.04079]},"properties":{"nombre":"Edificio Luis Cousiño","region":"Valparaíso","provincia":"Valparaíso","comuna":"Valparaíso","codigo_cmn":"00610_MH_05101","categoria":"Monumento Histórico","tipo_decreto":"Decreto Exento","n_decreto":"316","fecha_decreto":"19-07-1994","decreto_url":"https://www.monumentos.gob.cl/sites/default/files/decretos/MH_00610_1994_D00316.PDF"}},{"type":"Feature","geometry":{"type":"Point","coordinates":[-71.60437,-33.04291]},"properties":{"nombre":"Ascensor Barón","region":"Valparaíso","provincia":"Valparaíso","comuna":"Valparaíso","codigo_cmn":"00741_MH_05101","categoria":"Monumento Histórico","tipo_decreto":"Decreto Exento","n_decreto":"866","fecha_decreto":"01-09-1998","decreto_url":"https://www.monumentos.gob.cl/sites/default/files/decretos/MH_00741_1998_D00866.PDF"}},{"type":"Feature","geometry":{"type":"Point","coordinates":[-71.62955,-33.03994]},"properties":{"nombre":"Ascensor El Peral","region":"Valparaíso","provincia":"Valparaíso","comuna":"Valparaíso","codigo_cmn":"00742_MH_05101","categoria":"Monumento Histórico","tipo_decreto":"Decreto Exento","n_decreto":"866","fecha_decreto":"01-09-1998","decreto_url":"https://www.monumentos.gob.cl/sites/default/files/decretos/MH_00741_1998_D00866.PDF"}},{"type":"Feature","geometry":{"type":"Point","coordinates":[-71.62633,-33.04397]},"properties":{"nombre":"Ascensor Reina Victoria","region":"Valparaíso","provincia":"Valparaíso","comuna":"Valparaíso","codigo_cmn":"00743_MH_05101","categoria":"Monumento Histórico","tipo_decreto":"Decreto Exento","n_decreto":"866","fecha_decreto":"01-09-1998","decreto_url":"https://www.monumentos.gob.cl/sites/default/files/decretos/MH_00741_1998_D00866.PDF"}},{"type":"Feature","geometry":{"type":"Point","coordinates":[-71.63232,-33.0404]},"properties":{"nombre":"Ascensor San Agustín","region":"Valparaíso","provincia":"Valparaíso","comuna":"Valparaíso","codigo_cmn":"00744_MH_05101","categoria":"Monumento Histórico","tipo_decreto":"Decreto Exento","n_decreto":"866","fecha_decreto":"01-09-1998","decreto_url":"https://www.monumentos.gob.cl/sites/default/files/decretos/MH_00741_1998_D00866.PDF"}},{"type":"Feature","geometry":{"type":"Point","coordinates":[-71.62029,-33.05001]},"properties":{"nombre":"Ascensor Florida","region":"Valparaíso","provincia":"Valparaíso","comuna":"Valparaíso","codigo_cmn":"00745_MH_05101","categoria":"Monumento Histórico","tipo_decreto":"Decreto Exento","n_decreto":"866","fecha_decreto":"01-09-1998","decreto_url":"https://www.monumentos.gob.cl/sites/default/files/decretos/MH_00741_1998_D00866.PDF"}},{"type":"Feature","geometry":{"type":"Point","coordinates":[-71.61808,-33.05081]},"properties":{"nombre":"Ascensor Mariposas","region":"Valparaíso","provincia":"Valparaíso","comuna":"Valparaíso","codigo_cmn":"00746_MH_05101","categoria":"Monumento Histórico","tipo_decreto":"Decreto Exento","n_decreto":"866","fecha_decreto":"01-09-1998","decreto_url":"https://www.monumentos.gob.cl/sites/default/files/decretos/MH_00741_1998_D00866.PDF"}},{"type":"Feature","geometry":{"type":"Point","coordinates":[-71.61456,-33.05243]},"properties":{"nombre":"Ascensor Monjas","region":"Valparaíso","provincia":"Valparaíso","comuna":"Valparaíso","codigo_cmn":"00747_MH_05101","categoria":"Monumento Histórico","tipo_decreto":"Decreto Exento","n_decreto":"866","fecha_decreto":"01-09-1998","decreto_url":"https://www.monumentos.gob.cl/sites/default/files/decretos/MH_00741_1998_D00866.PDF"}},{"type":"Feature","geometry":{"type":"Point","coordinates":[-71.63029,-33.03333]},"properties":{"nombre":"Ascensor Artillería","region":"Valparaíso","provincia":"Valparaíso","comuna":"Valparaíso","codigo_cmn":"00748_MH_05101","categoria":"Monumento Histórico","tipo_decreto":"Decreto Exento","n_decreto":"866","fecha_decreto":"01-09-1998","decreto_url":"https://www.monumentos.gob.cl/sites/default/files/decretos/MH_00741_1998_D00866.PDF"}},{"type":"Feature","geometry":{"type":"Point","coordinates":[-71.63066,-33.03794]},"properties":{"nombre":"Ascensor Cordillera","region":"Valparaíso","provincia":"Valparaíso","comuna":"Valparaíso","codigo_cmn":"00749_MH_05101","categoria":"Monumento Histórico","tipo_decreto":"Decreto Exento","n_decreto":"866","fecha_decreto":"01-09-1998","decreto_url":"https://www.monumentos.gob.cl/sites/default/files/decretos/MH_00741_1998_D00866.PDF"}},{"type":"Feature","geometry":{"type":"Point","coordinates":[-71.62638,-33.04127]},"properties":{"nombre":"Ascensor Concepción","region":"Valparaíso","provincia":"Valparaíso","comuna":"Valparaíso","codigo_cmn":"00750_MH_05101","categoria":"Monumento Histórico","tipo_decreto":"Decreto Exento","n_decreto":"866","fecha_decreto":"01-09-1998","decreto_url":"https://www.monumentos.gob.cl/sites/default/files/decretos/MH_00741_1998_D00866.PDF"}},{"type":"Feature","geometry":{"type":"Point","coordinates":[-71.60249,-33.04653]},"properties":{"nombre":"Ascensor Larraín","region":"Valparaíso","provincia":"Valparaíso","comuna":"Valparaíso","codigo_cmn":"00751_MH_05101","categoria":"Monumento Histórico","tipo_decreto":"Decreto Exento","n_decreto":"866","fecha_decreto":"01-09-1998","decreto_url":"https://www.monumentos.gob.cl/sites/default/files/decretos/MH_00741_1998_D00866.PDF"}},{"type":"Feature","geometry":{"type":"Point","coordinates":[-71.62123,-33.04738]},"properties":{"nombre":"Ascensor Espíritu Santo","region":"Valparaíso","provincia":"Valparaíso","comuna":"Valparaíso","codigo_cmn":"00752_MH_05101","categoria":"Monumento Histórico","tipo_decreto":"Decreto Exento","n_decreto":"866","fecha_decreto":"01-09-1998","decreto_url":"https://www.monumentos.gob.cl/sites/default/files/decretos/MH_00741_1998_D00866.PDF"}},{"type":"Feature","geometry":{"type":"Point","coordinates":[-71.63086,-33.03012]},"properties":{"nombre":"Ascensor Villaseca","region":"Valparaíso","provincia":"Valparaíso","comuna":"Valparaíso","codigo_cmn":"00753_MH_05101","categoria":"Monumento Histórico","tipo_decreto":"Decreto Exento","n_decreto":"866","fecha_decreto":"01-09-1998","decreto_url":"https://www.monumentos.gob.cl/sites/default/files/decretos/MH_00741_1998_D00866.PDF"}},{"type":"Feature","geometry":{"type":"Point","coordinates":[-71.60293,-33.04444]},"properties":{"nombre":"Ascensor Lecheros","region":"Valparaíso","provincia":"Valparaíso","comuna":"Valparaíso","codigo_cmn":"00754_MH_05101","categoria":"Monumento Histórico","tipo_decreto":"Decreto Exento","n_decreto":"866","fecha_decreto":"01-09-1998","decreto_url":"https://www.monumentos.gob.cl/sites/default/files/decretos/MH_00741_1998_D00866.PDF"}},{"type":"Feature","geometry":{"type":"Point","coordinates":[-71.61956,-33.04504]},"properties":{"nombre":"Biblioteca Santiago Severín y su entorno","region":"Valparaíso","provincia":"Valparaíso","comuna":"Valparaíso","codigo_cmn":"00755_MH_05101","categoria":"Monumento Histórico","tipo_decreto":"Decreto Exento","n_decreto":"919","fecha_decreto":"25-09-1998","decreto_url":"https://www.monumentos.gob.cl/sites/default/files/decretos/MH_00755_1998_D00919.PDF"}},{"type":"Feature","geometry":{"type":"Point","coordinates":[-71.5466,-33.02072]},"properties":{"nombre":"Palacio Rioja","region":"Valparaíso","provincia":"Valparaíso","comuna":"Viña del Mar","codigo_cmn":"00392_MH_05109","categoria":"Monumento Histórico","tipo_decreto":"Decreto Supremo","n_decreto":"262","fecha_decreto":"14-05-1985","decreto_url":"https://www.monumentos.gob.cl/sites/default/files/decretos/MH_00392_1985_D00262.PDF"}},{"type":"Feature","geometry":{"type":"Point","coordinates":[-71.55064,-33.02021]},"properties":{"nombre":"Edificio de Avenida Libertad N° 250 (Palacio Carrasco) y parque circundante","region":"Valparaíso","provincia":"Valparaíso","comuna":"Viña del Mar","codigo_cmn":"00422_MH_05109","categoria":"Monumento Histórico","tipo_decreto":"Decreto Supremo","n_decreto":"791","fecha_decreto":"08-08-1986","decreto_url":"https://www.monumentos.gob.cl/sites/default/files/decretos/MH_00422_1986_D00791.PDF"}},{"type":"Feature","geometry":{"type":"Point","coordinates":[-71.56486,-33.01928]},"properties":{"nombre":"Castillo Wülff","region":"Valparaíso","provincia":"Valparaíso","comuna":"Viña del Mar","codigo_cmn":"00643_MH_05109","categoria":"Monumento Histórico","tipo_decreto":"Decreto Exento","n_decreto":"530","fecha_decreto":"20-09-1995","decreto_url":"https://www.monumentos.gob.cl/sites/default/files/decretos/MH_00643_1995_D00530.PDF"}},{"type":"Feature","geometry":{"type":"Point","coordinates":[-71.44506,-32.92194]},"properties":{"nombre":"Casas Patronales de la Hacienda Santa Rosa de Colmo","region":"Valparaíso","provincia":"Valparaíso","comuna":"Quintero","codigo_cmn":"00431_MH_05107","categoria":"Monumento Histórico","tipo_decreto":"Decreto Supremo","n_decreto":"50","fecha_decreto":"29-01-1987","decreto_url":"https://www.monumentos.gob.cl/sites/default/files/decretos/MH_00431_1987_D00314.pdf"}},{"type":"Feature","geometry":{"type":"Point","coordinates":[-71.44304,-32.93387]},"properties":{"nombre":"Réplica del Monolito erigido en memoria de los soldados y marinos caídos en la Batalla de Concón","region":"Valparaíso","provincia":"Valparaíso","comuna":"Concón","codigo_cmn":"00770_MH_05103","categoria":"Monumento Histórico","tipo_decreto":"Decreto Exento","n_decreto":"320","fecha_decreto":"14-10-1999","decreto_url":"https://www.monumentos.gob.cl/sites/default/files/decretos/MH_00770_1999_D00320.PDF"}},{"type":"Feature","geometry":{"type":"Point","coordinates":[-71.613,-33.58616]},"properties":{"nombre":"Grúa 82","region":"Valparaíso","provincia":"San Antonio","comuna":"San Antonio","codigo_cmn":"00638_MH_05601","categoria":"Monumento Histórico","tipo_decreto":"Decreto Exento","n_decreto":"465","fecha_decreto":"02-08-1995","decreto_url":"https://www.monumentos.gob.cl/sites/default/files/decretos/MH_00638_1995_D00465.PDF"}},{"type":"Feature","geometry":{"type":"Point","coordinates":[-71.59962,-33.5548]},"properties":{"nombre":"Tumba de Vicente Huidobro","region":"Valparaíso","provincia":"San Antonio","comuna":"Cartagena","codigo_cmn":"00560_MH_05603","categoria":"Monumento Histórico","tipo_decreto":"Decreto Supremo","n_decreto":"171","fecha_decreto":"02-04-1992","decreto_url":"https://www.monumentos.gob.cl/sites/default/files/decretos/MH_00560_1992_D00171.PDF"}},{"type":"Feature","geometry":{"type":"Point","coordinates":[-71.6126,-33.55227]},"properties":{"nombre":"Estación de Ferrocarriles de Cartagena","region":"Valparaíso","provincia":"San Antonio","comuna":"Cartagena","codigo_cmn":"00609_MH_05603","categoria":"Monumento Histórico","tipo_decreto":"Decreto Exento","n_decreto":"287","fecha_decreto":"01-07-1994","decreto_url":"https://www.monumentos.gob.cl/sites/default/files/decretos/MH_00609_1994_D00287.PDF"}},{"type":"Feature","geometry":{"type":"Point","coordinates":[-71.66392,-33.45349]},"properties":{"nombre":"Casona El Tabo","region":"Valparaíso","provincia":"San Antonio","comuna":"El Tabo","codigo_cmn":"00578_MH_05605","categoria":"Monumento Histórico","tipo_decreto":"Decreto Supremo","n_decreto":"374","fecha_decreto":"28-07-1992","decreto_url":"https://www.monumentos.gob.cl/sites/default/files/decretos/MH_00578_1992_D00374.PDF"}},{"type":"Feature","geometry":{"type":"Point","coordinates":[-71.68417,-33.44272]},"properties":{"nombre":"Casa de Pablo Neruda","region":"Valparaíso","provincia":"San Antonio","comuna":"El Quisco","codigo_cmn":"00503_MH_05604","categoria":"Monumento Histórico","tipo_decreto":"Decreto Supremo","n_decreto":"569","fecha_decreto":"08-06-1990","decreto_url":"https://www.monumentos.gob.cl/sites/default/files/decretos/MH_00503_1990_D00569.PDF"}},{"type":"Feature","geometry":{"type":"Point","coordinates":[-71.56203,-33.02175]},"properties":{"nombre":"Castillo Brunet","region":"Valparaíso","provincia":"Valparaíso","comuna":"Viña del Mar","codigo_cmn":"00933_MH_05109","categoria":"Monumento Histórico","tipo_decreto":"Decreto Exento","n_decreto":"660","fecha_decreto":"26-05-2005","decreto_url":"https://www.monumentos.gob.cl/sites/default/files/decretos/MH_00933_2005_D00660.PDF"}},{"type":"Feature","geometry":{"type":"Point","coordinates":[-70.74012,-34.16904]},"properties":{"nombre":"Iglesia de La Merced","region":"Libertador General Bernardo O'Higgins","provincia":"Cachapoal","comuna":"Rancagua","codigo_cmn":"00037_MH_06101","categoria":"Monumento Histórico","tipo_decreto":"Decreto Supremo","n_decreto":"10616","fecha_decreto":"11-11-1954","decreto_url":"https://www.monumentos.gob.cl/sites/default/files/decretos/MH_00037_1954_D10616.PDF"}},{"type":"Feature","geometry":{"type":"Point","coordinates":[-70.74159,-34.1735]},"properties":{"nombre":"Inmueble de calle Estado N° 685. Casa de Don Calixto Rodríguez","region":"Libertador General Bernardo O'Higgins","provincia":"Cachapoal","comuna":"Rancagua","codigo_cmn":"00251_MH_06101","categoria":"Monumento Histórico","tipo_decreto":"Decreto Supremo","n_decreto":"725","fecha_decreto":"24-01-1980","decreto_url":"https://www.monumentos.gob.cl/sites/default/files/decretos/MH_00251_1980_D00725.PDF"}},{"type":"Feature","geometry":{"type":"Point","coordinates":[-70.74123,-34.17352]},"properties":{"nombre":"Inmuebles de calle Estado N° 682 - 684. Casa del Pilar de Piedra","region":"Libertador General Bernardo O'Higgins","provincia":"Cachapoal","comuna":"Rancagua","codigo_cmn":"00252_MH_06101","categoria":"Monumento Histórico","tipo_decreto":"Decreto Supremo","n_decreto":"725","fecha_decreto":"24-01-1980","decreto_url":"https://www.monumentos.gob.cl/sites/default/files/decretos/MH_00251_1980_D00725.PDF"}},{"type":"Feature","geometry":{"type":"Point","coordinates":[-70.74165,-34.17539]},"properties":{"nombre":"Casa en calle Millán s/n°, esq. Avenida Cachapoal (Casa Patronal de Ex Fundo El Puente)","region":"Libertador General Bernardo O'Higgins","provincia":"Cachapoal","comuna":"Rancagua","codigo_cmn":"00374_MH_06101","categoria":"Monumento Histórico","tipo_decreto":"Decreto Supremo","n_decreto":"304","fecha_decreto":"29-05-1984","decreto_url":"https://www.monumentos.gob.cl/sites/default/files/decretos/MH_00374_1984_D00304.PDF"}},{"type":"Feature","geometry":{"type":"Point","coordinates":[-70.74013,-34.17062]},"properties":{"nombre":"Gobernación Provincial de Cachapoal","region":"Libertador General Bernardo O'Higgins","provincia":"Cachapoal","comuna":"Rancagua","codigo_cmn":"00608_MH_06101","categoria":"Monumento Histórico","tipo_decreto":"Decreto Exento","n_decreto":"284","fecha_decreto":"24-06-1994"}},{"type":"Feature","geometry":{"type":"Point","coordinates":[-70.68345,-34.06814]},"properties":{"nombre":"Pucará del Cerro La Compañía","region":"Libertador General Bernardo O'Higgins","provincia":"Cachapoal","comuna":"Graneros","codigo_cmn":"00558_MH_06106","categoria":"Monumento Histórico","tipo_decreto":"Decreto Supremo","n_decreto":"119","fecha_decreto":"11-03-1992","decreto_url":"https://www.monumentos.gob.cl/sites/default/files/decretos/MH_00192_1992_D00119.PDF"}},{"type":"Feature","geometry":{"type":"Point","coordinates":[-71.01576,-34.35342]},"properties":{"nombre":"Iglesia de Guacarhue","region":"Libertador General Bernardo O'Higgins","provincia":"Cachapoal","comuna":"Quinta de Tilcoco","codigo_cmn":"00537_MH_06114","categoria":"Monumento Histórico","tipo_decreto":"Decreto Supremo","n_decreto":"344","fecha_decreto":"16-09-1991","decreto_url":"https://www.monumentos.gob.cl/sites/default/files/decretos/MH_00537_1991_D00344.PDF"}},{"type":"Feature","geometry":{"type":"Point","coordinates":[-71.18914,-34.41415]},"properties":{"nombre":"17 Azudas de Larmahue (Ruedas de Agua )","region":"Libertador General Bernardo O'Higgins","provincia":"Cachapoal","comuna":"Pichidegua","codigo_cmn":"00723_MH_06113","categoria":"Monumento Histórico","tipo_decreto":"Decreto Exento","n_decreto":"830","fecha_decreto":"10-08-1998","decreto_url":"https://www.monumentos.gob.cl/sites/default/files/decretos/MH_00723_1998_D00830.PDF"}},{"type":"Feature","geometry":{"type":"Point","coordinates":[-71.18992,-34.4139]},"properties":{"nombre":"17 Azudas de Larmahue (Ruedas de Agua )","region":"Libertador General Bernardo O'Higgins","provincia":"Cachapoal","comuna":"Pichidegua","codigo_cmn":"00724_MH_06113","categoria":"Monumento Histórico","tipo_decreto":"Decreto Exento","n_decreto":"830","fecha_decreto":"10-08-1998","decreto_url":"https://www.monumentos.gob.cl/sites/default/files/decretos/MH_00723_1998_D00830.PDF"}},{"type":"Feature","geometry":{"type":"Point","coordinates":[-71.19104,-34.4139]},"properties":{"nombre":"17 Azudas de Larmahue (Ruedas de Agua )","region":"Libertador General Bernardo O'Higgins","provincia":"Cachapoal","comuna":"Pichidegua","codigo_cmn":"00725_MH_06113","categoria":"Monumento Histórico","tipo_decreto":"Decreto Exento","n_decreto":"830","fecha_decreto":"10-08-1998","decreto_url":"https://www.monumentos.gob.cl/sites/default/files/decretos/MH_00723_1998_D00830.PDF"}},{"type":"Feature","geometry":{"type":"Point","coordinates":[-71.19183,-34.41397]},"properties":{"nombre":"17 Azudas de Larmahue (Ruedas de Agua )","region":"Libertador General Bernardo O'Higgins","provincia":"Cachapoal","comuna":"Pichidegua","codigo_cmn":"00726_MH_06113","categoria":"Monumento Histórico","tipo_decreto":"Decreto Exento","n_decreto":"830","fecha_decreto":"10-08-1998","decreto_url":"https://www.monumentos.gob.cl/sites/default/files/decretos/MH_00723_1998_D00830.PDF"}},{"type":"Feature","geometry":{"type":"Point","coordinates":[-71.19393,-34.41334]},"properties":{"nombre":"17 Azudas de Larmahue (Ruedas de Agua )","region":"Libertador General Bernardo O'Higgins","provincia":"Cachapoal","comuna":"Pichidegua","codigo_cmn":"00727_MH_06113","categoria":"Monumento Histórico","tipo_decreto":"Decreto Exento","n_decreto":"830","fecha_decreto":"10-08-1998","decreto_url":"https://www.monumentos.gob.cl/sites/default/files/decretos/MH_00723_1998_D00830.PDF"}},{"type":"Feature","geometry":{"type":"Point","coordinates":[-71.20094,-34.41156]},"properties":{"nombre":"17 Azudas de Larmahue (Ruedas de Agua )","region":"Libertador General Bernardo O'Higgins","provincia":"Cachapoal","comuna":"Pichidegua","codigo_cmn":"00728_MH_06113","categoria":"Monumento Histórico","tipo_decreto":"Decreto Exento","n_decreto":"830","fecha_decreto":"10-08-1998","decreto_url":"https://www.monumentos.gob.cl/sites/default/files/decretos/MH_00723_1998_D00830.PDF"}},{"type":"Feature","geometry":{"type":"Point","coordinates":[-71.21085,-34.40841]},"properties":{"nombre":"17 Azudas de Larmahue (Ruedas de Agua )","region":"Libertador General Bernardo O'Higgins","provincia":"Cachapoal","comuna":"Pichidegua","codigo_cmn":"00729_MH_06113","categoria":"Monumento Histórico","tipo_decreto":"Decreto Exento","n_decreto":"830","fecha_decreto":"10-08-1998","decreto_url":"https://www.monumentos.gob.cl/sites/default/files/decretos/MH_00723_1998_D00830.PDF"}},{"type":"Feature","geometry":{"type":"Point","coordinates":[-71.21728,-34.41205]},"properties":{"nombre":"17 Azudas de Larmahue (Ruedas de Agua )","region":"Libertador General Bernardo O'Higgins","provincia":"Cachapoal","comuna":"Pichidegua","codigo_cmn":"00730_MH_06113","categoria":"Monumento Histórico","tipo_decreto":"Decreto Exento","n_decreto":"830","fecha_decreto":"10-08-1998","decreto_url":"https://www.monumentos.gob.cl/sites/default/files/decretos/MH_00723_1998_D00830.PDF"}},{"type":"Feature","geometry":{"type":"Point","coordinates":[-71.21859,-34.41268]},"properties":{"nombre":"17 Azudas de Larmahue (Ruedas de Agua )","region":"Libertador General Bernardo O'Higgins","provincia":"Cachapoal","comuna":"Pichidegua","codigo_cmn":"00731_MH_06113","categoria":"Monumento Histórico","tipo_decreto":"Decreto Exento","n_decreto":"830","fecha_decreto":"10-08-1998","decreto_url":"https://www.monumentos.gob.cl/sites/default/files/decretos/MH_00723_1998_D00830.PDF"}},{"type":"Feature","geometry":{"type":"Point","coordinates":[-71.22,-34.41338]},"properties":{"nombre":"17 Azudas de Larmahue (Ruedas de Agua )","region":"Libertador General Bernardo O'Higgins","provincia":"Cachapoal","comuna":"Pichidegua","codigo_cmn":"00732_MH_06113","categoria":"Monumento Histórico","tipo_decreto":"Decreto Exento","n_decreto":"830","fecha_decreto":"10-08-1998","decreto_url":"https://www.monumentos.gob.cl/sites/default/files/decretos/MH_00723_1998_D00830.PDF"}},{"type":"Feature","geometry":{"type":"Point","coordinates":[-71.2218,-34.41416]},"properties":{"nombre":"17 Azudas de Larmahue (Ruedas de Agua )","region":"Libertador General Bernardo O'Higgins","provincia":"Cachapoal","comuna":"Pichidegua","codigo_cmn":"00733_MH_06113","categoria":"Monumento Histórico","tipo_decreto":"Decreto Exento","n_decreto":"830","fecha_decreto":"10-08-1998","decreto_url":"https://www.monumentos.gob.cl/sites/default/files/decretos/MH_00723_1998_D00830.PDF"}},{"type":"Feature","geometry":{"type":"Point","coordinates":[-71.22394,-34.41514]},"properties":{"nombre":"17 Azudas de Larmahue (Ruedas de Agua )","region":"Libertador General Bernardo O'Higgins","provincia":"Cachapoal","comuna":"Pichidegua","codigo_cmn":"00734_MH_06113","categoria":"Monumento Histórico","tipo_decreto":"Decreto Exento","n_decreto":"830","fecha_decreto":"10-08-1998","decreto_url":"https://www.monumentos.gob.cl/sites/default/files/decretos/MH_00723_1998_D00830.PDF"}},{"type":"Feature","geometry":{"type":"Point","coordinates":[-71.22651,-34.41472]},"properties":{"nombre":"17 Azudas de Larmahue (Ruedas de Agua )","region":"Libertador General Bernardo O'Higgins","provincia":"Cachapoal","comuna":"Pichidegua","codigo_cmn":"00735_MH_06113","categoria":"Monumento Histórico","tipo_decreto":"Decreto Exento","n_decreto":"830","fecha_decreto":"10-08-1998","decreto_url":"https://www.monumentos.gob.cl/sites/default/files/decretos/MH_00723_1998_D00830.PDF"}},{"type":"Feature","geometry":{"type":"Point","coordinates":[-71.22866,-34.41374]},"properties":{"nombre":"17 Azudas de Larmahue (Ruedas de Agua )","region":"Libertador General Bernardo O'Higgins","provincia":"Cachapoal","comuna":"Pichidegua","codigo_cmn":"00736_MH_06113","categoria":"Monumento Histórico","tipo_decreto":"Decreto Exento","n_decreto":"830","fecha_decreto":"10-08-1998","decreto_url":"https://www.monumentos.gob.cl/sites/default/files/decretos/MH_00723_1998_D00830.PDF"}},{"type":"Feature","geometry":{"type":"Point","coordinates":[-71.23229,-34.41192]},"properties":{"nombre":"17 Azudas de Larmahue (Ruedas de Agua )","region":"Libertador General Bernardo O'Higgins","provincia":"Cachapoal","comuna":"Pichidegua","codigo_cmn":"00737_MH_06113","categoria":"Monumento Histórico","tipo_decreto":"Decreto Exento","n_decreto":"830","fecha_decreto":"10-08-1998","decreto_url":"https://www.monumentos.gob.cl/sites/default/files/decretos/MH_00723_1998_D00830.PDF"}},{"type":"Feature","geometry":{"type":"Point","coordinates":[-71.24685,-34.4126]},"properties":{"nombre":"17 Azudas de Larmahue (Ruedas de Agua )","region":"Libertador General Bernardo O'Higgins","provincia":"Cachapoal","comuna":"Pichidegua","codigo_cmn":"00738_MH_06113","categoria":"Monumento Histórico","tipo_decreto":"Decreto Exento","n_decreto":"830","fecha_decreto":"10-08-1998","decreto_url":"https://www.monumentos.gob.cl/sites/default/files/decretos/MH_00723_1998_D00830.PDF"}},{"type":"Feature","geometry":{"type":"Point","coordinates":[-71.23123,-34.41243]},"properties":{"nombre":"17 Azudas de Larmahue (Ruedas de Agua )","region":"Libertador General Bernardo O'Higgins","provincia":"Cachapoal","comuna":"Pichidegua","codigo_cmn":"00739_MH_06113","categoria":"Monumento Histórico","tipo_decreto":"Decreto Exento","n_decreto":"830","fecha_decreto":"10-08-1998","decreto_url":"https://www.monumentos.gob.cl/sites/default/files/decretos/MH_00723_1998_D00830.PDF"}},{"type":"Feature","geometry":{"type":"Point","coordinates":[-70.81875,-34.28776]},"properties":{"nombre":"Casas Patronales del Fundo Los Perales","region":"Libertador General Bernardo O'Higgins","provincia":"Cachapoal","comuna":"Requínoa","codigo_cmn":"00625_MH_06116","categoria":"Monumento Histórico","tipo_decreto":"Decreto Exento","n_decreto":"351","fecha_decreto":"05-06-1995","decreto_url":"https://www.monumentos.gob.cl/sites/default/files/decretos/MH_00625_1995_D00351.PDF"}},{"type":"Feature","geometry":{"type":"Point","coordinates":[-70.81822,-34.28846]},"properties":{"nombre":"Casas Patronales del Fundo Los Perales","region":"Libertador General Bernardo O'Higgins","provincia":"Cachapoal","comuna":"Requínoa","codigo_cmn":"00626_MH_06116","categoria":"Monumento Histórico","tipo_decreto":"Decreto Exento","n_decreto":"351","fecha_decreto":"05-06-1995","decreto_url":"https://www.monumentos.gob.cl/sites/default/files/decretos/MH_00625_1995_D00351.PDF"}},{"type":"Feature","geometry":{"type":"Point","coordinates":[-70.81966,-34.28864]},"properties":{"nombre":"Casas Patronales del Fundo Los Perales","region":"Libertador General Bernardo O'Higgins","provincia":"Cachapoal","comuna":"Requínoa","codigo_cmn":"00627_MH_06116","categoria":"Monumento Histórico","tipo_decreto":"Decreto Exento","n_decreto":"351","fecha_decreto":"05-06-1995","decreto_url":"https://www.monumentos.gob.cl/sites/default/files/decretos/MH_00625_1995_D00351.PDF"}},{"type":"Feature","geometry":{"type":"Point","coordinates":[-70.81908,-34.28895]},"properties":{"nombre":"Casas Patronales del Fundo Los Perales","region":"Libertador General Bernardo O'Higgins","provincia":"Cachapoal","comuna":"Requínoa","codigo_cmn":"00628_MH_06116","categoria":"Monumento Histórico","tipo_decreto":"Decreto Exento","n_decreto":"351","fecha_decreto":"05-06-1995","decreto_url":"https://www.monumentos.gob.cl/sites/default/files/decretos/MH_00625_1995_D00351.PDF"}},{"type":"Feature","geometry":{"type":"Point","coordinates":[-70.81898,-34.28839]},"properties":{"nombre":"Casas Patronales del Fundo Los Perales","region":"Libertador General Bernardo O'Higgins","provincia":"Cachapoal","comuna":"Requínoa","codigo_cmn":"00629_MH_06116","categoria":"Monumento Histórico","tipo_decreto":"Decreto Exento","n_decreto":"351","fecha_decreto":"05-06-1995","decreto_url":"https://www.monumentos.gob.cl/sites/default/files/decretos/MH_00625_1995_D00351.PDF"}},{"type":"Feature","geometry":{"type":"Point","coordinates":[-70.82004,-34.28928]},"properties":{"nombre":"Casas Patronales del Fundo Los Perales","region":"Libertador General Bernardo O'Higgins","provincia":"Cachapoal","comuna":"Requínoa","codigo_cmn":"00630_MH_06116","categoria":"Monumento Histórico","tipo_decreto":"Decreto Exento","n_decreto":"351","fecha_decreto":"05-06-1995","decreto_url":"https://www.monumentos.gob.cl/sites/default/files/decretos/MH_00625_1995_D00351.PDF"}},{"type":"Feature","geometry":{"type":"Point","coordinates":[-70.81995,-34.2895]},"properties":{"nombre":"Casas Patronales del Fundo Los Perales","region":"Libertador General Bernardo O'Higgins","provincia":"Cachapoal","comuna":"Requínoa","codigo_cmn":"00631_MH_06116","categoria":"Monumento Histórico","tipo_decreto":"Decreto Exento","n_decreto":"351","fecha_decreto":"05-06-1995","decreto_url":"https://www.monumentos.gob.cl/sites/default/files/decretos/MH_00625_1995_D00351.PDF"}},{"type":"Feature","geometry":{"type":"Point","coordinates":[-70.42452,-34.95685]},"properties":{"nombre":"Huellas de Animales Extinguidos","region":"Libertador General Bernardo O'Higgins","provincia":"Colchagua","comuna":"San Fernando","codigo_cmn":"00045_MH_06301","categoria":"Monumento Histórico","tipo_decreto":"Decreto Supremo","n_decreto":"4866","fecha_decreto":"13-07-1967","decreto_url":"https://www.monumentos.gob.cl/sites/default/files/decretos/MH_00045_1967_D04866.PDF"}},{"type":"Feature","geometry":{"type":"Point","coordinates":[-70.99213,-34.57352]},"properties":{"nombre":"Casa Patronal del Fundo de Nilcunlauta","region":"Libertador General Bernardo O'Higgins","provincia":"Colchagua","comuna":"San Fernando","codigo_cmn":"00266_MH_06301","categoria":"Monumento Histórico","tipo_decreto":"Decreto Supremo","n_decreto":"71","fecha_decreto":"12-01-1981","decreto_url":"https://www.monumentos.gob.cl/sites/default/files/decretos/MH_00266_1981_D00071.PDF"}},{"type":"Feature","geometry":{"type":"Point","coordinates":[-70.98947,-34.58728]},"properties":{"nombre":"Iglesia de San Francisco  y Patio","region":"Libertador General Bernardo O'Higgins","provincia":"Colchagua","comuna":"San Fernando","codigo_cmn":"00387_MH_06301","categoria":"Monumento Histórico","tipo_decreto":"Decreto Supremo","n_decreto":"936","fecha_decreto":"16-11-1984","decreto_url":"https://www.monumentos.gob.cl/sites/default/files/decretos/MH_00387_1984_D00936.PDF"}},{"type":"Feature","geometry":{"type":"Point","coordinates":[-70.99192,-34.57575]},"properties":{"nombre":"Capilla de las Hijas de la Caridad de San Vicente de Paul","region":"Libertador General Bernardo O'Higgins","provincia":"Colchagua","comuna":"San Fernando","codigo_cmn":"00388_MH_06301","categoria":"Monumento Histórico","tipo_decreto":"Decreto Supremo","n_decreto":"936","fecha_decreto":"16-11-1984","decreto_url":"https://www.monumentos.gob.cl/sites/default/files/decretos/MH_00387_1984_D00936.PDF"}},{"type":"Feature","geometry":{"type":"Point","coordinates":[-70.98854,-34.58323]},"properties":{"nombre":"Liceo Neandro Schilling","region":"Libertador General Bernardo O'Higgins","provincia":"Colchagua","comuna":"San Fernando","codigo_cmn":"00646_MH_06301","categoria":"Monumento Histórico","tipo_decreto":"Decreto Exento","n_decreto":"665","fecha_decreto":"06-12-1995","decreto_url":"https://www.monumentos.gob.cl/sites/default/files/decretos/MH_00646_1995_D00665.PDF"}},{"type":"Feature","geometry":{"type":"Point","coordinates":[-71.12058,-34.63758]},"properties":{"nombre":"Estación de Ferrocarriles de Placilla","region":"Libertador General Bernardo O'Higgins","provincia":"Colchagua","comuna":"Placilla","codigo_cmn":"00587_MH_06308","categoria":"Monumento Histórico","tipo_decreto":"Decreto Supremo","n_decreto":"192","fecha_decreto":"13-04-1993","decreto_url":"https://www.monumentos.gob.cl/sites/default/files/decretos/MH_00587_1993_D00192.PDF"}},{"type":"Feature","geometry":{"type":"Point","coordinates":[-71.37315,-34.52695]},"properties":{"nombre":"Casa Patronal, Capilla y dependencias contiguas de la Hacienda San José del Carmen El Huique","region":"Libertador General Bernardo O'Higgins","provincia":"Colchagua","comuna":"Palmilla","codigo_cmn":"00086_MH_06306","categoria":"Monumento Histórico","tipo_decreto":"Decreto Supremo","n_decreto":"2412","fecha_decreto":"06-10-1971","decreto_url":"https://www.monumentos.gob.cl/sites/default/files/decretos/MH_00081_1971_D02412.PDF"}},{"type":"Feature","geometry":{"type":"Point","coordinates":[-71.40229,-34.54916]},"properties":{"nombre":"Estación de Ferrocarriles de Colchagua","region":"Libertador General Bernardo O'Higgins","provincia":"Colchagua","comuna":"Palmilla","codigo_cmn":"00588_MH_06306","categoria":"Monumento Histórico","tipo_decreto":"Decreto Supremo","n_decreto":"192","fecha_decreto":"13-04-1993","decreto_url":"https://www.monumentos.gob.cl/sites/default/files/decretos/MH_00587_1993_D00192.PDF"}},{"type":"Feature","geometry":{"type":"Point","coordinates":[-72.00964,-34.38661]},"properties":{"nombre":"Casino (antiguo) de Pichilemu","region":"Libertador General Bernardo O'Higgins","provincia":"Cardenal Caro","comuna":"Pichilemu","codigo_cmn":"00464_MH_06201","categoria":"Monumento Histórico","tipo_decreto":"Decreto Supremo","n_decreto":"100","fecha_decreto":"25-02-1988","decreto_url":"https://www.monumentos.gob.cl/sites/default/files/decretos/MH_00464_1988_D00100.PDF"}},{"type":"Feature","geometry":{"type":"Point","coordinates":[-72.00052,-34.38568]},"properties":{"nombre":"Estación de Ferrocarriles de Pichilemu","region":"Libertador General Bernardo O'Higgins","provincia":"Cardenal Caro","comuna":"Pichilemu","codigo_cmn":"00604_MH_06201","categoria":"Monumento Histórico","tipo_decreto":"Decreto Supremo","n_decreto":"116","fecha_decreto":"16-03-1994"}},{"type":"Feature","geometry":{"type":"Point","coordinates":[-71.8385,-34.76643]},"properties":{"nombre":"Iglesia San Pedro de Alcántara","region":"Libertador General Bernardo O'Higgins","provincia":"Cardenal Caro","comuna":"Paredones","codigo_cmn":"00106_MH_06206","categoria":"Monumento Histórico","tipo_decreto":"Ley","n_decreto":"17813","fecha_decreto":"17-11-1972","decreto_url":"https://www.monumentos.gob.cl/sites/default/files/decretos/MH_00106_1974_D00011.PDF"}},{"type":"Feature","geometry":{"type":"Point","coordinates":[-71.09898,-34.35565]},"properties":{"nombre":"Parroquia Nuestra Señora de la Merced","region":"Libertador General Bernardo O'Higgins","provincia":"Cachapoal","comuna":"San Vicente","codigo_cmn":"00920_MH_06117","categoria":"Monumento Histórico","tipo_decreto":"Decreto Exento","n_decreto":"26","fecha_decreto":"11-01-2005","decreto_url":"https://www.monumentos.gob.cl/sites/default/files/decretos/MH_00920_2005_D00026.PDF"}},{"type":"Feature","geometry":{"type":"Point","coordinates":[-71.09856,-34.35583]},"properties":{"nombre":"Casa Parroquial Nuestra Señora de la Merced","region":"Libertador General Bernardo O'Higgins","provincia":"Cachapoal","comuna":"San Vicente","codigo_cmn":"00921_MH_06117","categoria":"Monumento Histórico","tipo_decreto":"Decreto Exento","n_decreto":"26","fecha_decreto":"11-01-2005","decreto_url":"https://www.monumentos.gob.cl/sites/default/files/decretos/MH_00920_2005_D00026.PDF"}},{"type":"Feature","geometry":{"type":"Point","coordinates":[-71.09825,-34.35558]},"properties":{"nombre":"Casa Guillermo Cáceres","region":"Libertador General Bernardo O'Higgins","provincia":"Cachapoal","comuna":"San Vicente","codigo_cmn":"00922_MH_06117","categoria":"Monumento Histórico","tipo_decreto":"Decreto Exento","n_decreto":"26","fecha_decreto":"11-01-2005","decreto_url":"https://www.monumentos.gob.cl/sites/default/files/decretos/MH_00920_2005_D00026.PDF"}},{"type":"Feature","geometry":{"type":"Point","coordinates":[-71.09792,-34.35551]},"properties":{"nombre":"Casa Carmen Galafe","region":"Libertador General Bernardo O'Higgins","provincia":"Cachapoal","comuna":"San Vicente","codigo_cmn":"00923_MH_06117","categoria":"Monumento Histórico","tipo_decreto":"Decreto Exento","n_decreto":"26","fecha_decreto":"11-01-2005","decreto_url":"https://www.monumentos.gob.cl/sites/default/files/decretos/MH_00920_2005_D00026.PDF"}},{"type":"Feature","geometry":{"type":"Point","coordinates":[-71.23896,-34.98539]},"properties":{"nombre":"Kiosco Cívico de la Plaza de Armas de Curicó","region":"Maule","provincia":"Curicó","comuna":"Curicó","codigo_cmn":"00224_MH_07301","categoria":"Monumento Histórico","tipo_decreto":"Decreto Supremo","n_decreto":"789","fecha_decreto":"27-07-1978","decreto_url":"https://www.monumentos.gob.cl/sites/default/files/decretos/MH_00224_1978_D00789.PDF"}},{"type":"Feature","geometry":{"type":"Point","coordinates":[-71.23056,-34.98659]},"properties":{"nombre":"Iglesia de San Francisco de Curicó","region":"Maule","provincia":"Curicó","comuna":"Curicó","codigo_cmn":"00424_MH_07301","categoria":"Monumento Histórico","tipo_decreto":"Decreto Supremo","n_decreto":"1107","fecha_decreto":"23-10-1986","decreto_url":"https://www.monumentos.gob.cl/sites/default/files/decretos/MH_00424_1986_D01107.PDF"}},{"type":"Feature","geometry":{"type":"Point","coordinates":[-71.24455,-34.98482]},"properties":{"nombre":"Escuela Presidente José Manuel Balmaceda (D-2)","region":"Maule","provincia":"Curicó","comuna":"Curicó","codigo_cmn":"00909_MH_07301","categoria":"Monumento Histórico","tipo_decreto":"Decreto Exento","n_decreto":"764","fecha_decreto":"13-09-2004","decreto_url":"https://www.monumentos.gob.cl/sites/default/files/decretos/MH_00909_2004_D00764.PDF"}},{"type":"Feature","geometry":{"type":"Point","coordinates":[-70.81118,-34.99986]},"properties":{"nombre":"Aduana de Los Queñes","region":"Maule","provincia":"Curicó","comuna":"Romeral","codigo_cmn":"00758_MH_07306","categoria":"Monumento Histórico","tipo_decreto":"Decreto Exento","n_decreto":"1076","fecha_decreto":"11-12-1998","decreto_url":"https://www.monumentos.gob.cl/sites/default/files/decretos/MH_00758_1998_D01076.PDF"}},{"type":"Feature","geometry":{"type":"Point","coordinates":[-71.66411,-35.42587]},"properties":{"nombre":"Propiedad del Museo O'Higginiano y de Bellas Artes de Talca y la propiedad colindante","region":"Maule","provincia":"Talca","comuna":"Talca","codigo_cmn":"00072_MH_07101","categoria":"Monumento Histórico","tipo_decreto":"Decreto Supremo","n_decreto":"1749","fecha_decreto":"26-07-1971","decreto_url":"https://www.monumentos.gob.cl/sites/default/files/decretos/MH_00065_1971_D01749.PDF"}},{"type":"Feature","geometry":{"type":"Point","coordinates":[-71.66407,-35.42559]},"properties":{"nombre":"Propiedad del Museo O'Higginiano y de Bellas Artes de Talca y la propiedad colindante","region":"Maule","provincia":"Talca","comuna":"Talca","codigo_cmn":"00073_MH_07101","categoria":"Monumento Histórico","tipo_decreto":"Decreto Supremo","n_decreto":"1749","fecha_decreto":"26-07-1971","decreto_url":"https://www.monumentos.gob.cl/sites/default/files/decretos/MH_00065_1971_D01749.PDF"}},{"type":"Feature","geometry":{"type":"Point","coordinates":[-71.57713,-35.46221]},"properties":{"nombre":"Casa Patronal de Huilquilemu","region":"Maule","provincia":"Talca","comuna":"Talca","codigo_cmn":"00423_MH_07101","categoria":"Monumento Histórico","tipo_decreto":"Decreto Supremo","n_decreto":"1092","fecha_decreto":"15-10-1986","decreto_url":"https://www.monumentos.gob.cl/sites/default/files/decretos/MH_00423_1986_D01092.PDF"}},{"type":"Feature","geometry":{"type":"Point","coordinates":[-71.57475,-35.35303]},"properties":{"nombre":"Puente Ferroviario sobre el Río Pangue","region":"Maule","provincia":"Talca","comuna":"Multiterritorial","codigo_cmn":"00478_MH_MT","categoria":"Monumento Histórico","tipo_decreto":"Decreto Supremo","n_decreto":"499","fecha_decreto":"05-10-1989","decreto_url":"https://www.monumentos.gob.cl/sites/default/files/decretos/MH_00478_1989_D00499.PDF"}},{"type":"Feature","geometry":{"type":"Point","coordinates":[-71.67345,-35.42891]},"properties":{"nombre":"Iglesia de la Comunidad Apóstol Pedro o del Buen Pastor","region":"Maule","provincia":"Talca","comuna":"Talca","codigo_cmn":"00592_MH_07101","categoria":"Monumento Histórico","tipo_decreto":"Decreto Supremo","n_decreto":"281","fecha_decreto":"08-06-1993","decreto_url":"https://www.monumentos.gob.cl/sites/default/files/decretos/MH_00592_1993_D00281.PDF"}},{"type":"Feature","geometry":{"type":"Point","coordinates":[-71.66055,-35.42697]},"properties":{"nombre":"Mercado Central Municipal de Talca","region":"Maule","provincia":"Talca","comuna":"Talca","codigo_cmn":"00688_MH_07101","categoria":"Monumento Histórico","tipo_decreto":"Decreto Exento","n_decreto":"620","fecha_decreto":"28-05-1998","decreto_url":"https://www.monumentos.gob.cl/sites/default/files/decretos/MH_00688_1998_D00620.PDF"}},{"type":"Feature","geometry":{"type":"Point","coordinates":[-71.69654,-35.5536]},"properties":{"nombre":"Puente Ferroviario sobre el Río Maule","region":"Maule","provincia":"Multiterritorial","comuna":"Multiterritorial","codigo_cmn":"00595_MH_MT","categoria":"Monumento Histórico","tipo_decreto":"Decreto Supremo","n_decreto":"635","fecha_decreto":"10-09-1993","decreto_url":"https://www.monumentos.gob.cl/sites/default/files/decretos/MH_00595_1993_D00635.PDF"}},{"type":"Feature","geometry":{"type":"Point","coordinates":[-71.69642,-35.55353]},"properties":{"nombre":"Puente Carretero (1) sobre el Río Maule","region":"Maule","provincia":"Multiterritorial","comuna":"Multiterritorial","codigo_cmn":"00596_MH_MT","categoria":"Monumento Histórico","tipo_decreto":"Decreto Supremo","n_decreto":"635","fecha_decreto":"10-09-1993","decreto_url":"https://www.monumentos.gob.cl/sites/default/files/decretos/MH_00595_1993_D00635.PDF"}},{"type":"Feature","geometry":{"type":"Point","coordinates":[-71.69664,-35.55368]},"properties":{"nombre":"Puente Carretero (2) sobre el Río Maule","region":"Maule","provincia":"Multiterritorial","comuna":"Multiterritorial","codigo_cmn":"00597_MH_MT","categoria":"Monumento Histórico","tipo_decreto":"Decreto Supremo","n_decreto":"635","fecha_decreto":"10-09-1993","decreto_url":"https://www.monumentos.gob.cl/sites/default/files/decretos/MH_00595_1993_D00635.PDF"}},{"type":"Feature","geometry":{"type":"Point","coordinates":[-72.18283,-35.13172]},"properties":{"nombre":"Capilla de Huenchullami","region":"Maule","provincia":"Talca","comuna":"Curepto","codigo_cmn":"00585_MH_07103","categoria":"Monumento Histórico","tipo_decreto":"Decreto Supremo","n_decreto":"814","fecha_decreto":"30-11-1992","decreto_url":"https://www.monumentos.gob.cl/sites/default/files/decretos/MH_00585_1992_D00814.PDF"}},{"type":"Feature","geometry":{"type":"Point","coordinates":[-71.60229,-35.84686]},"properties":{"nombre":"Parroquia Corazón de María de Linares","region":"Maule","provincia":"Linares","comuna":"Linares","codigo_cmn":"00647_MH_07401","categoria":"Monumento Histórico","tipo_decreto":"Decreto Exento","n_decreto":"677","fecha_decreto":"15-12-1995","decreto_url":"https://www.monumentos.gob.cl/sites/default/files/decretos/MH_00647_1995_D00677.PDF"}},{"type":"Feature","geometry":{"type":"Point","coordinates":[-71.59638,-35.84988]},"properties":{"nombre":"Casa ubicada en Valentín Letelier Nº 580","region":"Maule","provincia":"Linares","comuna":"Linares","codigo_cmn":"00662_MH_07401","categoria":"Monumento Histórico","tipo_decreto":"Decreto Exento","n_decreto":"389","fecha_decreto":"18-07-1996","decreto_url":"https://www.monumentos.gob.cl/sites/default/files/decretos/MH_00662_1996_D00389.PDF"}},{"type":"Feature","geometry":{"type":"Point","coordinates":[-71.7422,-35.6742]},"properties":{"nombre":"Templo Parroquial del Niño Jesús de Villa Alegre","region":"Maule","provincia":"Linares","comuna":"Villa Alegre","codigo_cmn":"00242_MH_07407","categoria":"Monumento Histórico","tipo_decreto":"Decreto Supremo","n_decreto":"2248","fecha_decreto":"03-09-1979","decreto_url":"https://www.monumentos.gob.cl/sites/default/files/decretos/MH_00242_1979_D02248.PDF"}},{"type":"Feature","geometry":{"type":"Point","coordinates":[-71.74215,-35.67491]},"properties":{"nombre":"Museo Municipal y Casa de la Cultura de Villa Alegre","region":"Maule","provincia":"Linares","comuna":"Villa Alegre","codigo_cmn":"00756_MH_07407","categoria":"Monumento Histórico","tipo_decreto":"Decreto Exento","n_decreto":"1013","fecha_decreto":"26-10-1998","decreto_url":"https://www.monumentos.gob.cl/sites/default/files/decretos/MH_00756_1998_D01013.PDF"}},{"type":"Feature","geometry":{"type":"Point","coordinates":[-71.88419,-36.26064]},"properties":{"nombre":"Puente Ferroviario de Perquilauquén","region":"Multiterritorial","provincia":"Multiterritorial","comuna":"Multiterritorial","codigo_cmn":"00786_MH_MT","categoria":"Monumento Histórico","tipo_decreto":"Decreto Exento","n_decreto":"11","fecha_decreto":"13-01-2000","decreto_url":"https://www.monumentos.gob.cl/sites/default/files/decretos/MH_00786_2000_D00011.PDF"}},{"type":"Feature","geometry":{"type":"Point","coordinates":[-72.09135,-35.54358]},"properties":{"nombre":"Iglesia de Nirivilo","region":"Maule","provincia":"Linares","comuna":"San Javier","codigo_cmn":"00379_MH_07406","categoria":"Monumento Histórico","tipo_decreto":"Decreto Supremo","n_decreto":"502","fecha_decreto":"14-08-1984","decreto_url":"https://www.monumentos.gob.cl/sites/default/files/decretos/MH_00379_1984_D00502.PDF"}},{"type":"Feature","geometry":{"type":"Point","coordinates":[-71.58142,-35.74724]},"properties":{"nombre":"Casa del Brigadier Antonio Pareja en Yerbas Buenas","region":"Maule","provincia":"Linares","comuna":"Yerbas Buenas","codigo_cmn":"00380_MH_07408","categoria":"Monumento Histórico","tipo_decreto":"Decreto Supremo","n_decreto":"511","fecha_decreto":"22-08-1984","decreto_url":"https://www.monumentos.gob.cl/sites/default/files/decretos/MH_00380_1984_D00511.PDF"}},{"type":"Feature","geometry":{"type":"Point","coordinates":[-72.11892,-36.61901]},"properties":{"nombre":"Capilla del Hospital San Juan de Dios de Chillán","region":"Ñuble","provincia":"Diguillín","comuna":"Chillán","codigo_cmn":"00107_MH_16101","categoria":"Monumento Histórico","tipo_decreto":"Ley","n_decreto":"17813","fecha_decreto":"17-11-1972","decreto_url":"https://www.monumentos.gob.cl/sites/default/files/decretos/MH_00107_1989_D00246.pdf"}},{"type":"Feature","geometry":{"type":"Point","coordinates":[-72.10776,-36.60153]},"properties":{"nombre":"Murales de la Escuela México","region":"Ñuble","provincia":"Diguillín","comuna":"Chillán","codigo_cmn":"00900_MH_16101","categoria":"Monumento Histórico","tipo_decreto":"Decreto Exento","n_decreto":"331","fecha_decreto":"20-05-2004","decreto_url":"https://www.monumentos.gob.cl/sites/default/files/decretos/MH_00899_2004_D00331.PDF"}},{"type":"Feature","geometry":{"type":"Point","coordinates":[-72.10768,-36.6013]},"properties":{"nombre":"Murales de la Escuela México","region":"Ñuble","provincia":"Diguillín","comuna":"Chillán","codigo_cmn":"00899_MH_16101","categoria":"Monumento Histórico","tipo_decreto":"Decreto Exento","n_decreto":"331","fecha_decreto":"20-05-2004","decreto_url":"https://www.monumentos.gob.cl/sites/default/files/decretos/MH_00899_2004_D00331.PDF"}},{"type":"Feature","geometry":{"type":"Point","coordinates":[-71.95468,-36.4271]},"properties":{"nombre":"Casa donde nació Violeta Parra","region":"Ñuble","provincia":"Punilla","comuna":"San Carlos","codigo_cmn":"00581_MH_16301","categoria":"Monumento Histórico","tipo_decreto":"Decreto Supremo","n_decreto":"668","fecha_decreto":"29-09-1992","decreto_url":"https://www.monumentos.gob.cl/sites/default/files/decretos/MH_00581_1992_D00668.PDF"}},{"type":"Feature","geometry":{"type":"Point","coordinates":[-72.4291,-36.39636]},"properties":{"nombre":"Casa cuna de Arturo Prat y terrenos adyacentes","region":"Ñuble","provincia":"Itata","comuna":"Ninhue","codigo_cmn":"00051_MH_16204","categoria":"Monumento Histórico","tipo_decreto":"Ley","n_decreto":"16980","fecha_decreto":"15-10-1968","decreto_url":"https://www.monumentos.gob.cl/sites/default/files/decretos/MH_00051_1968_D16980.PDF"}},{"type":"Feature","geometry":{"type":"Point","coordinates":[-73.17139,-37.09458]},"properties":{"nombre":"Fuerte de Lota","region":"Biobío","provincia":"Concepción","comuna":"Lota","codigo_cmn":"00002_MH_08106","categoria":"Monumento Histórico","tipo_decreto":"Decreto Supremo","n_decreto":"744","fecha_decreto":"24-03-1926","decreto_url":"https://www.monumentos.gob.cl/sites/default/files/decretos/MH_00001_1926_D00744.PDF"}},{"type":"Feature","geometry":{"type":"Point","coordinates":[-73.16084,-37.10617]},"properties":{"nombre":"Fuerte de Colcura","region":"Biobío","provincia":"Concepción","comuna":"Lota","codigo_cmn":"00197_MH_08106","categoria":"Monumento Histórico","tipo_decreto":"Decreto Supremo","n_decreto":"803","fecha_decreto":"26-10-1977","decreto_url":"https://www.monumentos.gob.cl/sites/default/files/decretos/MH_00197_1977_D00803.PDF"}},{"type":"Feature","geometry":{"type":"Point","coordinates":[-73.1439,-37.13749]},"properties":{"nombre":"Planta Hidroeléctrica de Chivilingo","region":"Biobío","provincia":"Concepción","comuna":"Lota","codigo_cmn":"00514_MH_08106","categoria":"Monumento Histórico","tipo_decreto":"Decreto Supremo","n_decreto":"721","fecha_decreto":"25-10-1990","decreto_url":"https://www.monumentos.gob.cl/sites/default/files/decretos/MH_00514_1990_D00721.PDF"}},{"type":"Feature","geometry":{"type":"Point","coordinates":[-72.27636,-37.59932]},"properties":{"nombre":"Fuerte San Carlos de Purén","region":"Biobío","provincia":"Biobío","comuna":"Los Angeles","codigo_cmn":"00154_MH_08301","categoria":"Monumento Histórico","tipo_decreto":"Decreto Supremo","n_decreto":"630","fecha_decreto":"31-07-1975","decreto_url":"https://www.monumentos.gob.cl/sites/default/files/decretos/MH_00154_2004_D00954.pdf"}},{"type":"Feature","geometry":{"type":"Point","coordinates":[-71.94274,-37.29914]},"properties":{"nombre":"El Fuerte San Diego de Tucapel","region":"Biobío","provincia":"Biobío","comuna":"Tucapel","codigo_cmn":"00096_MH_08312","categoria":"Monumento Histórico","tipo_decreto":"Decreto Supremo","n_decreto":"2017","fecha_decreto":"24-10-1972","decreto_url":"https://www.monumentos.gob.cl/sites/default/files/decretos/MH_00094_1972_D02017.PDF"}},{"type":"Feature","geometry":{"type":"Point","coordinates":[-73.04833,-36.8236]},"properties":{"nombre":"Restos Muros de Piedra Convento de la Merced","region":"Biobío","provincia":"Concepción","comuna":"Concepción","codigo_cmn":"00210_MH_08101","categoria":"Monumento Histórico","tipo_decreto":"Decreto Supremo","n_decreto":"933","fecha_decreto":"24-11-1977","decreto_url":"https://www.monumentos.gob.cl/sites/default/files/decretos/MH_00209_1977_D00933.PDF"}},{"type":"Feature","geometry":{"type":"Point","coordinates":[-73.07135,-36.81904]},"properties":{"nombre":"Mausoleo del General Don José María de la Cruz","region":"Biobío","provincia":"Concepción","comuna":"Concepción","codigo_cmn":"00475_MH_08101","categoria":"Monumento Histórico","tipo_decreto":"Decreto Supremo","n_decreto":"488","fecha_decreto":"29-09-1989","decreto_url":"https://www.monumentos.gob.cl/sites/default/files/decretos/MH_00475_1989_D00488.PDF"}},{"type":"Feature","geometry":{"type":"Point","coordinates":[-73.04739,-36.82541]},"properties":{"nombre":"Casa de calle Barros Arana esquina Castellón ó Casa de Don Pedro del Río","region":"Biobío","provincia":"Concepción","comuna":"Concepción","codigo_cmn":"00644_MH_08101","categoria":"Monumento Histórico","tipo_decreto":"Decreto Exento","n_decreto":"531","fecha_decreto":"20-09-1995","decreto_url":"https://www.monumentos.gob.cl/sites/default/files/decretos/MH_00644_1995_D00531.PDF"}},{"type":"Feature","geometry":{"type":"Point","coordinates":[-73.15265,-36.79725]},"properties":{"nombre":"Casas Patronales y Parque Fundo Hualpén","region":"Biobío","provincia":"Concepción","comuna":"Hualpén","codigo_cmn":"00167_MH_08112","categoria":"Monumento Histórico","tipo_decreto":"Decreto Supremo","n_decreto":"556","fecha_decreto":"10-06-1976","decreto_url":"https://www.monumentos.gob.cl/sites/default/files/decretos/MH_00159_1976_D00556.PDF"}},{"type":"Feature","geometry":{"type":"Point","coordinates":[-72.99597,-36.73658]},"properties":{"nombre":"Fuerte la Planchada","region":"Biobío","provincia":"Concepción","comuna":"Penco","codigo_cmn":"00198_MH_08107","categoria":"Monumento Histórico","tipo_decreto":"Decreto Supremo","n_decreto":"803","fecha_decreto":"26-10-1977","decreto_url":"https://www.monumentos.gob.cl/sites/default/files/decretos/MH_00197_1977_D00803.PDF"}},{"type":"Feature","geometry":{"type":"Point","coordinates":[-72.94132,-37.16905]},"properties":{"nombre":"Fuerte de Santa Juana","region":"Biobío","provincia":"Concepción","comuna":"Santa Juana","codigo_cmn":"00199_MH_08109","categoria":"Monumento Histórico","tipo_decreto":"Decreto Supremo","n_decreto":"803","fecha_decreto":"26-10-1977","decreto_url":"https://www.monumentos.gob.cl/sites/default/files/decretos/MH_00197_1977_D00803.PDF"}},{"type":"Feature","geometry":{"type":"Point","coordinates":[-73.46105,-37.62792]},"properties":{"nombre":"Inmueble Casona Eyheramendy Casa Francesa de los Álamos","region":"Biobío","provincia":"Arauco","comuna":"Los Alamos","codigo_cmn":"00670_MH_08206","categoria":"Monumento Histórico","tipo_decreto":"Decreto Exento","n_decreto":"150","fecha_decreto":"23-01-1997","decreto_url":"https://www.monumentos.gob.cl/sites/default/files/decretos/MH_00670_1997_D00150.PDF"}},{"type":"Feature","geometry":{"type":"Point","coordinates":[-72.70868,-37.7988]},"properties":{"nombre":"Espejos de agua y las 4 esculturas de mármol blanco de la Plaza de Angol","region":"La Araucanía","provincia":"Malleco","comuna":"Angol","codigo_cmn":"00417_MH_09201","categoria":"Monumento Histórico","tipo_decreto":"Decreto Supremo","n_decreto":"777","fecha_decreto":"04-08-1986","decreto_url":"https://www.monumentos.gob.cl/sites/default/files/decretos/MH_00417_1986_D00777.PDF"}},{"type":"Feature","geometry":{"type":"Point","coordinates":[-72.70872,-37.79889]},"properties":{"nombre":"Espejos de agua y las 4 esculturas de mármol blanco de la Plaza de Angol","region":"La Araucanía","provincia":"Malleco","comuna":"Angol","codigo_cmn":"00418_MH_09201","categoria":"Monumento Histórico","tipo_decreto":"Decreto Supremo","n_decreto":"777","fecha_decreto":"04-08-1986","decreto_url":"https://www.monumentos.gob.cl/sites/default/files/decretos/MH_00417_1986_D00777.PDF"}},{"type":"Feature","geometry":{"type":"Point","coordinates":[-72.70865,-37.79871]},"properties":{"nombre":"Espejos de agua y las 4 esculturas de mármol blanco de la Plaza de Angol","region":"La Araucanía","provincia":"Malleco","comuna":"Angol","codigo_cmn":"00419_MH_09201","categoria":"Monumento Histórico","tipo_decreto":"Decreto Supremo","n_decreto":"777","fecha_decreto":"04-08-1986","decreto_url":"https://www.monumentos.gob.cl/sites/default/files/decretos/MH_00417_1986_D00777.PDF"}},{"type":"Feature","geometry":{"type":"Point","coordinates":[-72.70863,-37.79889]},"properties":{"nombre":"Espejos de agua y las 4 esculturas de mármol blanco de la Plaza de Angol","region":"La Araucanía","provincia":"Malleco","comuna":"Angol","codigo_cmn":"00420_MH_09201","categoria":"Monumento Histórico","tipo_decreto":"Decreto Supremo","n_decreto":"777","fecha_decreto":"04-08-1986","decreto_url":"https://www.monumentos.gob.cl/sites/default/files/decretos/MH_00417_1986_D00777.PDF"}},{"type":"Feature","geometry":{"type":"Point","coordinates":[-72.70874,-37.79872]},"properties":{"nombre":"Espejos de agua y las 4 esculturas de mármol blanco de la Plaza de Angol","region":"La Araucanía","provincia":"Malleco","comuna":"Angol","codigo_cmn":"00421_MH_09201","categoria":"Monumento Histórico","tipo_decreto":"Decreto Supremo","n_decreto":"777","fecha_decreto":"04-08-1986","decreto_url":"https://www.monumentos.gob.cl/sites/default/files/decretos/MH_00417_1986_D00777.PDF"}},{"type":"Feature","geometry":{"type":"Point","coordinates":[-72.60279,-38.73679]},"properties":{"nombre":"Casa y Parque de Don Carlos Thiers","region":"La Araucanía","provincia":"Cautín","comuna":"Temuco","codigo_cmn":"00650_MH_09101","categoria":"Monumento Histórico","tipo_decreto":"Decreto Exento","n_decreto":"31","fecha_decreto":"22-01-1996","decreto_url":"https://www.monumentos.gob.cl/sites/default/files/decretos/MH_00650_1996_D00031.PDF"}},{"type":"Feature","geometry":{"type":"Point","coordinates":[-72.57082,-38.72571]},"properties":{"nombre":"Casa de Máquinas de Temuco y material rodante compuesto de catorce locomotoras","region":"La Araucanía","provincia":"Cautín","comuna":"Temuco","codigo_cmn":"00481_MH_09101","categoria":"Monumento Histórico","tipo_decreto":"Decreto Supremo","n_decreto":"582","fecha_decreto":"01-12-1989","decreto_url":"https://www.monumentos.gob.cl/sites/default/files/decretos/MH_00481_2000_D00020.pdf"}},{"type":"Feature","geometry":{"type":"Point","coordinates":[-72.57068,-38.72777]},"properties":{"nombre":"Complementa declaración de Monumento Histórico de Casa de Máquinas de Temuco","region":"La Araucanía","provincia":"Cautín","comuna":"Temuco","codigo_cmn":"00787_MH_09101","categoria":"Monumento Histórico","tipo_decreto":"Decreto Exento","n_decreto":"20","fecha_decreto":"17-01-2000","decreto_url":"https://www.monumentos.gob.cl/sites/default/files/decretos/MH_00481_1989_D00582.pdf"}},{"type":"Feature","geometry":{"type":"Point","coordinates":[-72.57064,-38.72799]},"properties":{"nombre":"Complementa declaración de Monumento Histórico de Casa de Máquinas de Temuco","region":"La Araucanía","provincia":"Cautín","comuna":"Temuco","codigo_cmn":"00788_MH_09101","categoria":"Monumento Histórico","tipo_decreto":"Decreto Exento","n_decreto":"20","fecha_decreto":"17-01-2000","decreto_url":"https://www.monumentos.gob.cl/sites/default/files/decretos/MH_00481_1989_D00582.pdf"}},{"type":"Feature","geometry":{"type":"Point","coordinates":[-72.8726,-38.80842]},"properties":{"nombre":"Fuerte de Nuestra Señora de las Nieves de Boroa","region":"La Araucanía","provincia":"Cautín","comuna":"Nueva Imperial","codigo_cmn":"00605_MH_09111","categoria":"Monumento Histórico","tipo_decreto":"Decreto Exento","n_decreto":"224","fecha_decreto":"20-05-1994","decreto_url":"https://www.monumentos.gob.cl/sites/default/files/decretos/MH_00605_1994_D00224.PDF"}},{"type":"Feature","geometry":{"type":"Point","coordinates":[-72.22988,-39.27684]},"properties":{"nombre":"Sitio de Villarrica","region":"La Araucanía","provincia":"Cautín","comuna":"Villarrica","codigo_cmn":"00606_MH_09120","categoria":"Monumento Histórico","tipo_decreto":"Decreto Exento","n_decreto":"243","fecha_decreto":"01-06-1994","decreto_url":"https://www.monumentos.gob.cl/sites/default/files/decretos/MH_00606_1994_D00243.PDF"}},{"type":"Feature","geometry":{"type":"Point","coordinates":[-73.23251,-39.81775]},"properties":{"nombre":"Torreón Picarte","region":"Los Ríos","provincia":"Valdivia","comuna":"Valdivia","codigo_cmn":"00003_MH_14101","categoria":"Monumento Histórico","tipo_decreto":"Decreto Supremo","n_decreto":"744","fecha_decreto":"24-03-1926","decreto_url":"https://www.monumentos.gob.cl/sites/default/files/decretos/MH_00003_1928_D03512.PDF"}},{"type":"Feature","geometry":{"type":"Point","coordinates":[-73.24867,-39.81779]},"properties":{"nombre":"Torreón Los Canelos","region":"Los Ríos","provincia":"Valdivia","comuna":"Valdivia","codigo_cmn":"00004_MH_14101","categoria":"Monumento Histórico","tipo_decreto":"Decreto Supremo","n_decreto":"744","fecha_decreto":"24-03-1926","decreto_url":"https://www.monumentos.gob.cl/sites/default/files/decretos/MH_00003_1928_D03512.PDF"}},{"type":"Feature","geometry":{"type":"Point","coordinates":[-73.40284,-39.86975]},"properties":{"nombre":"Castillo de Niebla","region":"Los Ríos","provincia":"Valdivia","comuna":"Valdivia","codigo_cmn":"00014_MH_14101","categoria":"Monumento Histórico","tipo_decreto":"Decreto Supremo","n_decreto":"3869","fecha_decreto":"14-06-1950","decreto_url":"https://www.monumentos.gob.cl/sites/default/files/decretos/MH_00014_1991_D00494.pdf"}},{"type":"Feature","geometry":{"type":"Point","coordinates":[-73.2508,-39.81343]},"properties":{"nombre":"Casa de Don Carlos Andwanter","region":"Los Ríos","provincia":"Valdivia","comuna":"Valdivia","codigo_cmn":"00301_MH_14101","categoria":"Monumento Histórico","tipo_decreto":"Decreto Supremo","n_decreto":"7829","fecha_decreto":"29-10-1981","decreto_url":"https://www.monumentos.gob.cl/sites/default/files/decretos/MH_00301_1981_D07829.PDF"}},{"type":"Feature","geometry":{"type":"Point","coordinates":[-73.25035,-39.81101]},"properties":{"nombre":"Las casas Prochelle I y II y el Parque Prochelle","region":"Los Ríos","provincia":"Valdivia","comuna":"Valdivia","codigo_cmn":"00397_MH_14101","categoria":"Monumento Histórico","tipo_decreto":"Decreto Supremo","n_decreto":"918","fecha_decreto":"28-11-1985","decreto_url":"https://www.monumentos.gob.cl/sites/default/files/decretos/MH_00397_1998_D00806.pdf"}},{"type":"Feature","geometry":{"type":"Point","coordinates":[-73.25025,-39.81074]},"properties":{"nombre":"Las casas Prochelle I y II y el Parque Prochelle","region":"Los Ríos","provincia":"Valdivia","comuna":"Valdivia","codigo_cmn":"00398_MH_14101","categoria":"Monumento Histórico","tipo_decreto":"Decreto Supremo","n_decreto":"918","fecha_decreto":"28-11-1985","decreto_url":"https://www.monumentos.gob.cl/sites/default/files/decretos/MH_00397_1998_D00806.pdf"}},{"type":"Feature","geometry":{"type":"Point","coordinates":[-73.25061,-39.81141]},"properties":{"nombre":"Las casas Prochelle I y II y el Parque Prochelle","region":"Los Ríos","provincia":"Valdivia","comuna":"Valdivia","codigo_cmn":"00399_MH_14101","categoria":"Monumento Histórico","tipo_decreto":"Decreto Supremo","n_decreto":"918","fecha_decreto":"28-11-1985","decreto_url":"https://www.monumentos.gob.cl/sites/default/files/decretos/MH_00397_1998_D00806.pdf"}},{"type":"Feature","geometry":{"type":"Point","coordinates":[-73.42385,-39.8734]},"properties":{"nombre":"Fuerte de San Luis de Alba de Amargos","region":"Los Ríos","provincia":"Valdivia","comuna":"Corral","codigo_cmn":"00001_MH_14102","categoria":"Monumento Histórico","tipo_decreto":"Decreto Supremo","n_decreto":"744","fecha_decreto":"24-03-1926","decreto_url":"https://www.monumentos.gob.cl/sites/default/files/decretos/MH_00001_1926_D00744.PDF"}},{"type":"Feature","geometry":{"type":"Point","coordinates":[-73.39343,-39.88733]},"properties":{"nombre":"Castillo de San Pedro de Alcántara de Mancera","region":"Los Ríos","provincia":"Valdivia","comuna":"Corral","codigo_cmn":"00016_MH_14102","categoria":"Monumento Histórico","tipo_decreto":"Decreto Supremo","n_decreto":"3869","fecha_decreto":"14-06-1950","decreto_url":"https://www.monumentos.gob.cl/sites/default/files/decretos/MH_00014_1950_D03869.PDF"}},{"type":"Feature","geometry":{"type":"Point","coordinates":[-73.43317,-39.86052]},"properties":{"nombre":"Castillo de San Carlos","region":"Los Ríos","provincia":"Valdivia","comuna":"Corral","codigo_cmn":"00017_MH_14102","categoria":"Monumento Histórico","tipo_decreto":"Decreto Supremo","n_decreto":"3869","fecha_decreto":"14-06-1950","decreto_url":"https://www.monumentos.gob.cl/sites/default/files/decretos/MH_00532_1991_D00127.PDF"}},{"type":"Feature","geometry":{"type":"Point","coordinates":[-72.95312,-40.32907]},"properties":{"nombre":"Fortín San José de Alcudia","region":"Los Ríos","provincia":"Ranco","comuna":"Río Bueno","codigo_cmn":"00010_MH_14204","categoria":"Monumento Histórico","tipo_decreto":"Decreto Supremo","n_decreto":"3996","fecha_decreto":"28-07-1927","decreto_url":"https://www.monumentos.gob.cl/sites/default/files/decretos/MH_00010_1927_D03996.PDF"}},{"type":"Feature","geometry":{"type":"Point","coordinates":[-73.13415,-40.57468]},"properties":{"nombre":"Casa Mohr Pérez","region":"Los Lagos","provincia":"Osorno","comuna":"Osorno","codigo_cmn":"00342_MH_10301","categoria":"Monumento Histórico","tipo_decreto":"Decreto Supremo","n_decreto":"1630","fecha_decreto":"12-12-1983","decreto_url":"https://www.monumentos.gob.cl/sites/default/files/decretos/MH_00342_1997_D00389.pdf"}},{"type":"Feature","geometry":{"type":"Point","coordinates":[-73.13286,-40.57479]},"properties":{"nombre":"Casa de Enrique Schüller","region":"Los Lagos","provincia":"Osorno","comuna":"Osorno","codigo_cmn":"00343_MH_10301","categoria":"Monumento Histórico","tipo_decreto":"Decreto Supremo","n_decreto":"1630","fecha_decreto":"12-12-1983","decreto_url":"https://www.monumentos.gob.cl/sites/default/files/decretos/MH_00342_1983_D01630.PDF"}},{"type":"Feature","geometry":{"type":"Point","coordinates":[-73.13258,-40.57477]},"properties":{"nombre":"Casa Sürber","region":"Los Lagos","provincia":"Osorno","comuna":"Osorno","codigo_cmn":"00344_MH_10301","categoria":"Monumento Histórico","tipo_decreto":"Decreto Supremo","n_decreto":"1630","fecha_decreto":"12-12-1983","decreto_url":"https://www.monumentos.gob.cl/sites/default/files/decretos/MH_00342_1983_D01630.PDF"}},{"type":"Feature","geometry":{"type":"Point","coordinates":[-73.13233,-40.57475]},"properties":{"nombre":"Casa de Germán Stückrath","region":"Los Lagos","provincia":"Osorno","comuna":"Osorno","codigo_cmn":"00345_MH_10301","categoria":"Monumento Histórico","tipo_decreto":"Decreto Supremo","n_decreto":"1630","fecha_decreto":"12-12-1983","decreto_url":"https://www.monumentos.gob.cl/sites/default/files/decretos/MH_00342_1983_D01630.PDF"}},{"type":"Feature","geometry":{"type":"Point","coordinates":[-73.13191,-40.57477]},"properties":{"nombre":"Casa de Federico Stückrath","region":"Los Lagos","provincia":"Osorno","comuna":"Osorno","codigo_cmn":"00346_MH_10301","categoria":"Monumento Histórico","tipo_decreto":"Decreto Supremo","n_decreto":"1630","fecha_decreto":"12-12-1983","decreto_url":"https://www.monumentos.gob.cl/sites/default/files/decretos/MH_00342_1983_D01630.PDF"}},{"type":"Feature","geometry":{"type":"Point","coordinates":[-73.13152,-40.57481]},"properties":{"nombre":"Casa de Conrado Stückrath","region":"Los Lagos","provincia":"Osorno","comuna":"Osorno","codigo_cmn":"00347_MH_10301","categoria":"Monumento Histórico","tipo_decreto":"Decreto Supremo","n_decreto":"1630","fecha_decreto":"12-12-1983","decreto_url":"https://www.monumentos.gob.cl/sites/default/files/decretos/MH_00342_1983_D01630.PDF"}},{"type":"Feature","geometry":{"type":"Point","coordinates":[-73.10288,-40.57979]},"properties":{"nombre":"Casa Hollstein","region":"Los Lagos","provincia":"Osorno","comuna":"Osorno","codigo_cmn":"00767_MH_10301","categoria":"Monumento Histórico","tipo_decreto":"Decreto Exento","n_decreto":"261","fecha_decreto":"08-09-1999","decreto_url":"https://www.monumentos.gob.cl/sites/default/files/decretos/MH_00767_1999_D00261.PDF"}},{"type":"Feature","geometry":{"type":"Point","coordinates":[-72.94334,-41.47085]},"properties":{"nombre":"Torre Campanario del Colegio San Francisco Javier","region":"Los Lagos","provincia":"Llanquihue","comuna":"Puerto Montt","codigo_cmn":"00680_MH_10101","categoria":"Monumento Histórico","tipo_decreto":"Decreto Exento","n_decreto":"975","fecha_decreto":"25-09-1997","decreto_url":"https://www.monumentos.gob.cl/sites/default/files/decretos/MH_00680_1997_D00975.PDF"}},{"type":"Feature","geometry":{"type":"Point","coordinates":[-72.97221,-41.32531]},"properties":{"nombre":"Templo  Luterano","region":"Los Lagos","provincia":"Llanquihue","comuna":"Puerto Varas","codigo_cmn":"00563_MH_10109","categoria":"Monumento Histórico","tipo_decreto":"Decreto Supremo","n_decreto":"290","fecha_decreto":"04-06-1992","decreto_url":"https://www.monumentos.gob.cl/sites/default/files/decretos/MH_00563_1992_D00290.PDF"}},{"type":"Feature","geometry":{"type":"Point","coordinates":[-72.98612,-41.32068]},"properties":{"nombre":"Iglesia Parroquial de Sagrado Corazón","region":"Los Lagos","provincia":"Llanquihue","comuna":"Puerto Varas","codigo_cmn":"00564_MH_10109","categoria":"Monumento Histórico","tipo_decreto":"Decreto Supremo","n_decreto":"290","fecha_decreto":"04-06-1992","decreto_url":"https://www.monumentos.gob.cl/sites/default/files/decretos/MH_00563_1992_D00290.PDF"}},{"type":"Feature","geometry":{"type":"Point","coordinates":[-72.98293,-41.31354]},"properties":{"nombre":"Casa Kuschel","region":"Los Lagos","provincia":"Llanquihue","comuna":"Puerto Varas","codigo_cmn":"00565_MH_10109","categoria":"Monumento Histórico","tipo_decreto":"Decreto Supremo","n_decreto":"290","fecha_decreto":"04-06-1992","decreto_url":"https://www.monumentos.gob.cl/sites/default/files/decretos/MH_00563_1992_D00290.PDF"}},{"type":"Feature","geometry":{"type":"Point","coordinates":[-72.98963,-41.31425]},"properties":{"nombre":"Casa Angulo","region":"Los Lagos","provincia":"Llanquihue","comuna":"Puerto Varas","codigo_cmn":"00566_MH_10109","categoria":"Monumento Histórico","tipo_decreto":"Decreto Supremo","n_decreto":"290","fecha_decreto":"04-06-1992","decreto_url":"https://www.monumentos.gob.cl/sites/default/files/decretos/MH_00563_1992_D00290.PDF"}},{"type":"Feature","geometry":{"type":"Point","coordinates":[-72.98921,-41.31417]},"properties":{"nombre":"Casona Alemana","region":"Los Lagos","provincia":"Llanquihue","comuna":"Puerto Varas","codigo_cmn":"00567_MH_10109","categoria":"Monumento Histórico","tipo_decreto":"Decreto Supremo","n_decreto":"290","fecha_decreto":"04-06-1992","decreto_url":"https://www.monumentos.gob.cl/sites/default/files/decretos/MH_00563_1992_D00290.PDF"}},{"type":"Feature","geometry":{"type":"Point","coordinates":[-72.98995,-41.31524]},"properties":{"nombre":"Casa Maldonado","region":"Los Lagos","provincia":"Llanquihue","comuna":"Puerto Varas","codigo_cmn":"00568_MH_10109","categoria":"Monumento Histórico","tipo_decreto":"Decreto Supremo","n_decreto":"290","fecha_decreto":"04-06-1992","decreto_url":"https://www.monumentos.gob.cl/sites/default/files/decretos/MH_00563_1992_D00290.PDF"}},{"type":"Feature","geometry":{"type":"Point","coordinates":[-72.98902,-41.31821]},"properties":{"nombre":"Casa Yunge","region":"Los Lagos","provincia":"Llanquihue","comuna":"Puerto Varas","codigo_cmn":"00570_MH_10109","categoria":"Monumento Histórico","tipo_decreto":"Decreto Supremo","n_decreto":"290","fecha_decreto":"04-06-1992","decreto_url":"https://www.monumentos.gob.cl/sites/default/files/decretos/MH_00563_1992_D00290.PDF"}},{"type":"Feature","geometry":{"type":"Point","coordinates":[-72.99095,-41.31826]},"properties":{"nombre":"Casa Gotschlich","region":"Los Lagos","provincia":"Llanquihue","comuna":"Puerto Varas","codigo_cmn":"00571_MH_10109","categoria":"Monumento Histórico","tipo_decreto":"Decreto Supremo","n_decreto":"290","fecha_decreto":"04-06-1992","decreto_url":"https://www.monumentos.gob.cl/sites/default/files/decretos/MH_00563_1992_D00290.PDF"}},{"type":"Feature","geometry":{"type":"Point","coordinates":[-72.96538,-41.32734]},"properties":{"nombre":"Casa Raddatz","region":"Los Lagos","provincia":"Llanquihue","comuna":"Puerto Varas","codigo_cmn":"00572_MH_10109","categoria":"Monumento Histórico","tipo_decreto":"Decreto Supremo","n_decreto":"290","fecha_decreto":"04-06-1992","decreto_url":"https://www.monumentos.gob.cl/sites/default/files/decretos/MH_00563_1992_D00290.PDF"}},{"type":"Feature","geometry":{"type":"Point","coordinates":[-73.62841,-42.51961]},"properties":{"nombre":"Iglesia de Rilán","region":"Los Lagos","provincia":"Chiloé","comuna":"Castro","codigo_cmn":"00074_MH_10201","categoria":"Monumento Histórico","tipo_decreto":"Decreto Supremo","n_decreto":"1750","fecha_decreto":"26-07-1971","decreto_url":"https://www.monumentos.gob.cl/sites/default/files/decretos/MH_00026_1999_D00260.pdf"}},{"type":"Feature","geometry":{"type":"Point","coordinates":[-73.76381,-42.48135]},"properties":{"nombre":"Iglesia de San Francisco de Castro","region":"Los Lagos","provincia":"Chiloé","comuna":"Castro","codigo_cmn":"00240_MH_10201","categoria":"Monumento Histórico","tipo_decreto":"Decreto Supremo","n_decreto":"1875","fecha_decreto":"19-07-1979","decreto_url":"https://www.monumentos.gob.cl/sites/default/files/decretos/MH_00026_1999_D00260.pdf"}},{"type":"Feature","geometry":{"type":"Point","coordinates":[-73.78546,-42.50111]},"properties":{"nombre":"Iglesia de Nercón","region":"Los Lagos","provincia":"Chiloé","comuna":"Castro","codigo_cmn":"00378_MH_10201","categoria":"Monumento Histórico","tipo_decreto":"Decreto Supremo","n_decreto":"422","fecha_decreto":"27-07-1984","decreto_url":"https://www.monumentos.gob.cl/sites/default/files/decretos/MH_00026_1999_D00260.pdf"}},{"type":"Feature","geometry":{"type":"Point","coordinates":[-73.64756,-42.37911]},"properties":{"nombre":"Iglesia de Dalcahue","region":"Los Lagos","provincia":"Chiloé","comuna":"Dalcahue","codigo_cmn":"00075_MH_10205","categoria":"Monumento Histórico","tipo_decreto":"Decreto Supremo","n_decreto":"1750","fecha_decreto":"26-07-1971","decreto_url":"https://www.monumentos.gob.cl/sites/default/files/decretos/MH_00026_1999_D00260.pdf"}},{"type":"Feature","geometry":{"type":"Point","coordinates":[-73.50439,-42.33498]},"properties":{"nombre":"Iglesia de San Juan","region":"Los Lagos","provincia":"Chiloé","comuna":"Dalcahue","codigo_cmn":"00761_MH_10205","categoria":"Monumento Histórico","tipo_decreto":"Decreto Exento","n_decreto":"222","fecha_decreto":"10-08-1999","decreto_url":"https://www.monumentos.gob.cl/sites/default/files/decretos/MH_00761_1999_D00222.PDF"}},{"type":"Feature","geometry":{"type":"Point","coordinates":[-73.37518,-42.33152]},"properties":{"nombre":"Iglesia de Tenaún","region":"Los Lagos","provincia":"Chiloé","comuna":"Dalcahue","codigo_cmn":"00762_MH_10205","categoria":"Monumento Histórico","tipo_decreto":"Decreto Exento","n_decreto":"222","fecha_decreto":"10-08-1999","decreto_url":"https://www.monumentos.gob.cl/sites/default/files/decretos/MH_00761_1999_D00222.PDF"}},{"type":"Feature","geometry":{"type":"Point","coordinates":[-73.40196,-42.2588]},"properties":{"nombre":"Iglesia de Colo","region":"Los Lagos","provincia":"Chiloé","comuna":"Quemchi","codigo_cmn":"00763_MH_10209","categoria":"Monumento Histórico","tipo_decreto":"Decreto Exento","n_decreto":"222","fecha_decreto":"10-08-1999","decreto_url":"https://www.monumentos.gob.cl/sites/default/files/decretos/MH_00761_1999_D00222.PDF"}},{"type":"Feature","geometry":{"type":"Point","coordinates":[-73.26802,-42.31544]},"properties":{"nombre":"Escuela de Mechuque","region":"Los Lagos","provincia":"Chiloé","comuna":"Quemchi","codigo_cmn":"00901_MH_10209","categoria":"Monumento Histórico","tipo_decreto":"Decreto Exento","n_decreto":"336","fecha_decreto":"25-05-2004"}},{"type":"Feature","geometry":{"type":"Point","coordinates":[-73.6119,-42.58374]},"properties":{"nombre":"Iglesia de Aldachildo","region":"Los Lagos","provincia":"Chiloé","comuna":"Puqueldón","codigo_cmn":"00764_MH_10206","categoria":"Monumento Histórico","tipo_decreto":"Decreto Exento","n_decreto":"222","fecha_decreto":"10-08-1999","decreto_url":"https://www.monumentos.gob.cl/sites/default/files/decretos/MH_00761_1999_D00222.PDF"}},{"type":"Feature","geometry":{"type":"Point","coordinates":[-73.71988,-42.61586]},"properties":{"nombre":"Iglesia de Ichuac","region":"Los Lagos","provincia":"Chiloé","comuna":"Puqueldón","codigo_cmn":"00765_MH_10206","categoria":"Monumento Histórico","tipo_decreto":"Decreto Exento","n_decreto":"222","fecha_decreto":"10-08-1999","decreto_url":"https://www.monumentos.gob.cl/sites/default/files/decretos/MH_00761_1999_D00222.PDF"}},{"type":"Feature","geometry":{"type":"Point","coordinates":[-73.55654,-42.68509]},"properties":{"nombre":"Iglesia de Detif","region":"Los Lagos","provincia":"Chiloé","comuna":"Puqueldón","codigo_cmn":"00766_MH_10206","categoria":"Monumento Histórico","tipo_decreto":"Decreto Exento","n_decreto":"222","fecha_decreto":"10-08-1999","decreto_url":"https://www.monumentos.gob.cl/sites/default/files/decretos/MH_00761_1999_D00222.PDF"}},{"type":"Feature","geometry":{"type":"Point","coordinates":[-73.7881,-42.60526]},"properties":{"nombre":"Iglesia de Vilupulli","region":"Los Lagos","provincia":"Chiloé","comuna":"Chonchi","codigo_cmn":"00076_MH_10203","categoria":"Monumento Histórico","tipo_decreto":"Decreto Supremo","n_decreto":"1750","fecha_decreto":"26-07-1971","decreto_url":"https://www.monumentos.gob.cl/sites/default/files/decretos/MH_00026_1999_D00260.pdf"}},{"type":"Feature","geometry":{"type":"Point","coordinates":[-73.77368,-42.62404]},"properties":{"nombre":"Iglesia de Chonchi","region":"Los Lagos","provincia":"Chiloé","comuna":"Chonchi","codigo_cmn":"00077_MH_10203","categoria":"Monumento Histórico","tipo_decreto":"Decreto Supremo","n_decreto":"1750","fecha_decreto":"26-07-1971","decreto_url":"https://www.monumentos.gob.cl/sites/default/files/decretos/MH_00026_1999_D00260.pdf"}},{"type":"Feature","geometry":{"type":"Point","coordinates":[-73.87117,-41.84482]},"properties":{"nombre":"Fuerte de Chaicura","region":"Los Lagos","provincia":"Chiloé","comuna":"Ancud","codigo_cmn":"00005_MH_10202","categoria":"Monumento Histórico","tipo_decreto":"Decreto Supremo","n_decreto":"744","fecha_decreto":"24-03-1926","decreto_url":"https://www.monumentos.gob.cl/sites/default/files/decretos/MH_00001_1926_D00744.PDF"}},{"type":"Feature","geometry":{"type":"Point","coordinates":[-73.85512,-41.8295]},"properties":{"nombre":"Castillo de Agüi","region":"Los Lagos","provincia":"Chiloé","comuna":"Ancud","codigo_cmn":"00532_MH_10202","categoria":"Monumento Histórico","tipo_decreto":"Decreto Supremo","n_decreto":"127","fecha_decreto":"29-04-1991","decreto_url":"https://www.monumentos.gob.cl/sites/default/files/decretos/MH_00532_1991_D00127.PDF"}},{"type":"Feature","geometry":{"type":"Point","coordinates":[-73.48814,-42.47159]},"properties":{"nombre":"Iglesia de Achao","region":"Los Lagos","provincia":"Chiloé","comuna":"Quinchao","codigo_cmn":"00026_MH_10210","categoria":"Monumento Histórico","tipo_decreto":"Decreto Supremo","n_decreto":"5058","fecha_decreto":"06-07-1951","decreto_url":"https://www.monumentos.gob.cl/sites/default/files/decretos/MH_00026_1999_D00260.pdf"}},{"type":"Feature","geometry":{"type":"Point","coordinates":[-73.42724,-42.53498]},"properties":{"nombre":"Iglesia de Quinchao","region":"Los Lagos","provincia":"Chiloé","comuna":"Quinchao","codigo_cmn":"00078_MH_10210","categoria":"Monumento Histórico","tipo_decreto":"Decreto Supremo","n_decreto":"1750","fecha_decreto":"26-07-1971","decreto_url":"https://www.monumentos.gob.cl/sites/default/files/decretos/MH_00026_1999_D00260.pdf"}},{"type":"Feature","geometry":{"type":"Point","coordinates":[-73.50952,-41.91436]},"properties":{"nombre":"Complejo patrimonial conformado por 18 corrales de pesca de piedra","region":"Los Lagos","provincia":"Chiloé","comuna":"Ancud","codigo_cmn":"00958_MH_10202","categoria":"Monumento Histórico","tipo_decreto":"Decreto Exento","n_decreto":"1314","fecha_decreto":"21-09-2005","decreto_url":"https://www.monumentos.gob.cl/sites/default/files/decretos/MH_00958_2005_D01314.PDF"}},{"type":"Feature","geometry":{"type":"Point","coordinates":[-72.53406,-51.69329]},"properties":{"nombre":"Conjunto de edificaciones del ex Frigorífico Bories","region":"Magallanes y de la Antártica Chilena","provincia":"Última Esperanza","comuna":"Natales","codigo_cmn":"00665_MH_12401","categoria":"Monumento Histórico","tipo_decreto":"Decreto Exento","n_decreto":"510","fecha_decreto":"16-09-1996","decreto_url":"https://www.monumentos.gob.cl/sites/default/files/decretos/MH_00665_1996_D00510.PDF"}},{"type":"Feature","geometry":{"type":"Point","coordinates":[-72.61832,-51.56612]},"properties":{"nombre":"Cuevas del Milodón","region":"Magallanes y de la Antártica Chilena","provincia":"Última Esperanza","comuna":"Natales","codigo_cmn":"00046_MH_12402","categoria":"Monumento Histórico","tipo_decreto":"Decreto Supremo","n_decreto":"138","fecha_decreto":"02-01-1968","decreto_url":"https://www.monumentos.gob.cl/sites/default/files/decretos/MH_00046_1968_D00138.PDF"}},{"type":"Feature","geometry":{"type":"Point","coordinates":[-71.12394,-52.47978]},"properties":{"nombre":"Cueva de La Leona","region":"Magallanes y de la Antártica Chilena","provincia":"Magallanes","comuna":"Laguna Blanca","codigo_cmn":"00047_MH_12102","categoria":"Monumento Histórico","tipo_decreto":"Decreto Supremo","n_decreto":"138","fecha_decreto":"02-01-1968","decreto_url":"https://www.monumentos.gob.cl/sites/default/files/decretos/MH_00046_1968_D00138.PDF"}},{"type":"Feature","geometry":{"type":"Point","coordinates":[-72.33632,-51.25468]},"properties":{"nombre":"Cementerio de Cerro Castillo","region":"Magallanes y de la Antártica Chilena","provincia":"Última Esperanza","comuna":"Torres del Paine","codigo_cmn":"00169_MH_12402","categoria":"Monumento Histórico","tipo_decreto":"Decreto Supremo","n_decreto":"556","fecha_decreto":"10-06-1976","decreto_url":"https://www.monumentos.gob.cl/sites/default/files/decretos/MH_00159_1976_D00556.PDF"}},{"type":"Feature","geometry":{"type":"Point","coordinates":[-70.91715,-53.63039]},"properties":{"nombre":"Fuerte Bulnes y toda la Península denominada Punta Santa Ana","region":"Magallanes y de la Antártica Chilena","provincia":"Magallanes","comuna":"Punta Arenas","codigo_cmn":"00048_MH_12101","categoria":"Monumento Histórico","tipo_decreto":"Decreto Supremo","n_decreto":"138","fecha_decreto":"02-01-1968","decreto_url":"https://www.monumentos.gob.cl/sites/default/files/decretos/MH_00046_1968_D00138.PDF"}},{"type":"Feature","geometry":{"type":"Point","coordinates":[-70.92996,-53.61265]},"properties":{"nombre":"Ruinas de la ciudad Rey Don Felipe (Puerto de Hambre)","region":"Magallanes y de la Antártica Chilena","provincia":"Magallanes","comuna":"Punta Arenas","codigo_cmn":"00049_MH_12101","categoria":"Monumento Histórico","tipo_decreto":"Decreto Supremo","n_decreto":"138","fecha_decreto":"02-01-1968","decreto_url":"https://www.monumentos.gob.cl/sites/default/files/decretos/MH_00046_1968_D00138.PDF"}},{"type":"Feature","geometry":{"type":"Point","coordinates":[-70.90593,-53.16217]},"properties":{"nombre":"Casa de Mauricio Braun Menéndez","region":"Magallanes y de la Antártica Chilena","provincia":"Magallanes","comuna":"Punta Arenas","codigo_cmn":"00131_MH_12101","categoria":"Monumento Histórico","tipo_decreto":"Decreto Supremo","n_decreto":"9","fecha_decreto":"07-01-1974","decreto_url":"https://www.monumentos.gob.cl/sites/default/files/decretos/MH_00131_1993_D00645.pdf"}},{"type":"Feature","geometry":{"type":"Point","coordinates":[-71.02121,-52.90645]},"properties":{"nombre":"Cementerio de Kon-Aikén","region":"Magallanes y de la Antártica Chilena","provincia":"Magallanes","comuna":"Punta Arenas","codigo_cmn":"00170_MH_12101","categoria":"Monumento Histórico","tipo_decreto":"Decreto Supremo","n_decreto":"556","fecha_decreto":"10-06-1976","decreto_url":"https://www.monumentos.gob.cl/sites/default/files/decretos/MH_00159_1976_D00556.PDF"}},{"type":"Feature","geometry":{"type":"Point","coordinates":[-70.44878,-53.83439]},"properties":{"nombre":"Cementerio de Puerto Harris","region":"Magallanes y de la Antártica Chilena","provincia":"Magallanes","comuna":"Punta Arenas","codigo_cmn":"00171_MH_12101","categoria":"Monumento Histórico","tipo_decreto":"Decreto Supremo","n_decreto":"556","fecha_decreto":"10-06-1976","decreto_url":"https://www.monumentos.gob.cl/sites/default/files/decretos/MH_00159_1976_D00556.PDF"}},{"type":"Feature","geometry":{"type":"Point","coordinates":[-70.5756,-52.91898]},"properties":{"nombre":"Faro Magdalena","region":"Magallanes y de la Antártica Chilena","provincia":"Magallanes","comuna":"Punta Arenas","codigo_cmn":"00172_MH_12101","categoria":"Monumento Histórico","tipo_decreto":"Decreto Supremo","n_decreto":"556","fecha_decreto":"10-06-1976","decreto_url":"https://www.monumentos.gob.cl/sites/default/files/decretos/MH_00159_1976_D00556.PDF"}},{"type":"Feature","geometry":{"type":"Point","coordinates":[-70.90772,-53.16183]},"properties":{"nombre":"Palacio Sara Braun","region":"Magallanes y de la Antártica Chilena","provincia":"Magallanes","comuna":"Punta Arenas","codigo_cmn":"00302_MH_12101","categoria":"Monumento Histórico","tipo_decreto":"Decreto Supremo","n_decreto":"9256","fecha_decreto":"04-12-1981","decreto_url":"https://www.monumentos.gob.cl/sites/default/files/decretos/MH_00302_1981_D09256.PDF"}},{"type":"Feature","geometry":{"type":"Point","coordinates":[-71.41743,-52.05866]},"properties":{"nombre":"Morro Chico","region":"Magallanes y de la Antártica Chilena","provincia":"Magallanes","comuna":"Laguna Blanca","codigo_cmn":"00050_MH_12102","categoria":"Monumento Histórico","tipo_decreto":"Decreto Supremo","n_decreto":"138","fecha_decreto":"02-01-1968","decreto_url":"https://www.monumentos.gob.cl/sites/default/files/decretos/MH_00046_1968_D00138.PDF"}},{"type":"Feature","geometry":{"type":"Point","coordinates":[-69.70657,-52.11183]},"properties":{"nombre":"Cueva de Pali-Aike","region":"Magallanes y de la Antártica Chilena","provincia":"Magallanes","comuna":"San Gregorio","codigo_cmn":"00055_MH_12104","categoria":"Monumento Histórico","tipo_decreto":"Decreto Supremo","n_decreto":"5593","fecha_decreto":"31-05-1969","decreto_url":"https://www.monumentos.gob.cl/sites/default/files/decretos/MH_00055_1969_D05593.PDF"}},{"type":"Feature","geometry":{"type":"Point","coordinates":[-70.55435,-52.67156]},"properties":{"nombre":"Cementerio de Oazy Harbour","region":"Magallanes y de la Antártica Chilena","provincia":"Magallanes","comuna":"San Gregorio","codigo_cmn":"00173_MH_12104","categoria":"Monumento Histórico","tipo_decreto":"Decreto Supremo","n_decreto":"556","fecha_decreto":"10-06-1976","decreto_url":"https://www.monumentos.gob.cl/sites/default/files/decretos/MH_00159_1976_D00556.PDF"}},{"type":"Feature","geometry":{"type":"Point","coordinates":[-68.95584,-52.29201]},"properties":{"nombre":"Cementerio de Posesión","region":"Magallanes y de la Antártica Chilena","provincia":"Magallanes","comuna":"San Gregorio","codigo_cmn":"00174_MH_12104","categoria":"Monumento Histórico","tipo_decreto":"Decreto Supremo","n_decreto":"556","fecha_decreto":"10-06-1976","decreto_url":"https://www.monumentos.gob.cl/sites/default/files/decretos/MH_00159_1976_D00556.PDF"}},{"type":"Feature","geometry":{"type":"Point","coordinates":[-68.96189,-52.29097]},"properties":{"nombre":"Faro Posesión","region":"Magallanes y de la Antártica Chilena","provincia":"Magallanes","comuna":"San Gregorio","codigo_cmn":"00175_MH_12104","categoria":"Monumento Histórico","tipo_decreto":"Decreto Supremo","n_decreto":"556","fecha_decreto":"10-06-1976","decreto_url":"https://www.monumentos.gob.cl/sites/default/files/decretos/MH_00159_1976_D00556.PDF"}},{"type":"Feature","geometry":{"type":"Point","coordinates":[-70.0917,-52.04667]},"properties":{"nombre":"Valle del Río Chico","region":"Magallanes y de la Antártica Chilena","provincia":"Magallanes","comuna":"San Gregorio","codigo_cmn":"00056_MH_12104","categoria":"Monumento Histórico","tipo_decreto":"Decreto Supremo","n_decreto":"5593","fecha_decreto":"31-05-1969","decreto_url":"https://www.monumentos.gob.cl/sites/default/files/decretos/MH_00055_1969_D05593.PDF"}},{"type":"Feature","geometry":{"type":"Point","coordinates":[-69.27968,-53.39165]},"properties":{"nombre":"Cementerio de Onaisín","region":"Magallanes y de la Antártica Chilena","provincia":"Tierra del Fuego","comuna":"Porvenir","codigo_cmn":"00176_MH_12301","categoria":"Monumento Histórico","tipo_decreto":"Decreto Supremo","n_decreto":"556","fecha_decreto":"10-06-1976","decreto_url":"https://www.monumentos.gob.cl/sites/default/files/decretos/MH_00159_1976_D00556.PDF"}},{"type":"Feature","geometry":{"type":"Point","coordinates":[-68.66702,-53.31985]},"properties":{"nombre":"Cementerio de San Sebastián","region":"Magallanes y de la Antártica Chilena","provincia":"Tierra del Fuego","comuna":"Porvenir","codigo_cmn":"00177_MH_12301","categoria":"Monumento Histórico","tipo_decreto":"Decreto Supremo","n_decreto":"556","fecha_decreto":"10-06-1976","decreto_url":"https://www.monumentos.gob.cl/sites/default/files/decretos/MH_00159_1976_D00556.PDF"}},{"type":"Feature","geometry":{"type":"Point","coordinates":[-69.41956,-52.54614]},"properties":{"nombre":"Pozo de Petróleo Nº 1 ubicado en Cerro Manantiales","region":"Magallanes y de la Antártica Chilena","provincia":"Tierra del Fuego","comuna":"Primavera","codigo_cmn":"00178_MH_12302","categoria":"Monumento Histórico","tipo_decreto":"Decreto Supremo","n_decreto":"556","fecha_decreto":"10-06-1976","decreto_url":"https://www.monumentos.gob.cl/sites/default/files/decretos/MH_00159_1976_D00556.PDF"}},{"type":"Feature","geometry":{"type":"Point","coordinates":[-67.98965,-54.90392]},"properties":{"nombre":"Cementerio de Mejillones","region":"Magallanes y de la Antártica Chilena","provincia":"Antártica Chilena","comuna":"Cabo de Hornos","codigo_cmn":"00180_MH_12201","categoria":"Monumento Histórico","tipo_decreto":"Decreto Supremo","n_decreto":"556","fecha_decreto":"10-06-1976","decreto_url":"https://www.monumentos.gob.cl/sites/default/files/decretos/MH_00159_1976_D00556.PDF"}},{"type":"Feature","geometry":{"type":"Point","coordinates":[-71.08478,-30.23145]},"properties":{"nombre":"Iglesia grande de Andacollo","region":"Coquimbo","provincia":"Elqui","comuna":"Andacollo","codigo_cmn":"00271_MH_04103","categoria":"Monumento Histórico","tipo_decreto":"Decreto Supremo","n_decreto":"72","fecha_decreto":"12-01-1981","decreto_url":"https://www.monumentos.gob.cl/sites/default/files/decretos/MH_00265_1981_D00072.PDF"}},{"type":"Feature","geometry":{"type":"Point","coordinates":[-73.24758,-39.81805]},"properties":{"nombre":"Iglesia y convento de San Francisco de Valdivia","region":"Los Ríos","provincia":"Valdivia","comuna":"Valdivia","codigo_cmn":"01034_MH_14101","categoria":"Monumento Histórico","tipo_decreto":"Decreto Exento","n_decreto":"1377","fecha_decreto":"18-07-2007","decreto_url":"https://www.monumentos.gob.cl/sites/default/files/decretos/MH_01034_2007_D01377.PDF"}},{"type":"Feature","geometry":{"type":"Point","coordinates":[-73.24784,-39.81807]},"properties":{"nombre":"Iglesia y convento de San Francisco de Valdivia","region":"Los Ríos","provincia":"Valdivia","comuna":"Valdivia","codigo_cmn":"01035_MH_14101","categoria":"Monumento Histórico","tipo_decreto":"Decreto Exento","n_decreto":"1377","fecha_decreto":"18-07-2007","decreto_url":"https://www.monumentos.gob.cl/sites/default/files/decretos/MH_01034_2007_D01377.PDF"}},{"type":"Feature","geometry":{"type":"Point","coordinates":[-72.27841,-35.59045]},"properties":{"nombre":"Parroquia San Ignacio de Empedrado","region":"Maule","provincia":"Talca","comuna":"Empedrado","codigo_cmn":"01071_MH_07104","categoria":"Monumento Histórico","tipo_decreto":"Decreto Exento","n_decreto":"2659","fecha_decreto":"28-08-2008","decreto_url":"https://www.monumentos.gob.cl/sites/default/files/decretos/MH_01071_2008_D02659.PDF"}},{"type":"Feature","geometry":{"type":"Point","coordinates":[-73.05935,-36.8302]},"properties":{"nombre":"Mural Historia de Concepción de Gregorio de la Fuente","region":"Biobío","provincia":"Concepción","comuna":"Concepción","codigo_cmn":"01085_MH_08101","categoria":"Monumento Histórico","tipo_decreto":"Decreto Exento","n_decreto":"2731","fecha_decreto":"08-09-2008","decreto_url":"https://www.monumentos.gob.cl/sites/default/files/decretos/MH_01085_2008_D02731.PDF"}},{"type":"Feature","geometry":{"type":"Point","coordinates":[-71.9817,-35.2451]},"properties":{"nombre":"Parroquia Sagrado Corazón de Jesús de Gualleco","region":"Maule","provincia":"Talca","comuna":"Curepto","codigo_cmn":"01073_MH_07103","categoria":"Monumento Histórico","tipo_decreto":"Decreto Exento","n_decreto":"2657","fecha_decreto":"28-08-2008","decreto_url":"https://www.monumentos.gob.cl/sites/default/files/decretos/MH_01073_2008_D02657.PDF"}},{"type":"Feature","geometry":{"type":"Point","coordinates":[-71.95673,-35.32072]},"properties":{"nombre":"Capilla Nuestra Señora del Carmen de Batuco","region":"Maule","provincia":"Talca","comuna":"Pencahue","codigo_cmn":"01074_MH_07107","categoria":"Monumento Histórico","tipo_decreto":"Decreto Exento","n_decreto":"2658","fecha_decreto":"28-08-2008","decreto_url":"https://www.monumentos.gob.cl/sites/default/files/decretos/MH_01074_2008_D02658.PDF"}},{"type":"Feature","geometry":{"type":"Point","coordinates":[-72.02616,-45.57378]},"properties":{"nombre":"Las Construcciones de la Sociedad Industrial de Aisén","region":"Aysén del General Carlos Ibáñez del Campo","provincia":"Coihaique","comuna":"Coihaique","codigo_cmn":"01179_MH_11101","categoria":"Monumento Histórico","tipo_decreto":"Decreto","n_decreto":"413","fecha_decreto":"03-11-2009","decreto_url":"https://www.monumentos.gob.cl/sites/default/files/decretos/MH_01178_2009_D00413.PDF"}},{"type":"Feature","geometry":{"type":"Point","coordinates":[-72.02586,-45.57379]},"properties":{"nombre":"Las Construcciones de la Sociedad Industrial de Aisén","region":"Aysén del General Carlos Ibáñez del Campo","provincia":"Coihaique","comuna":"Coihaique","codigo_cmn":"01180_MH_11101","categoria":"Monumento Histórico","tipo_decreto":"Decreto","n_decreto":"413","fecha_decreto":"03-11-2009","decreto_url":"https://www.monumentos.gob.cl/sites/default/files/decretos/MH_01178_2009_D00413.PDF"}},{"type":"Feature","geometry":{"type":"Point","coordinates":[-72.02596,-45.57398]},"properties":{"nombre":"Las Construcciones de la Sociedad Industrial de Aisén","region":"Aysén del General Carlos Ibáñez del Campo","provincia":"Coihaique","comuna":"Coihaique","codigo_cmn":"01181_MH_11101","categoria":"Monumento Histórico","tipo_decreto":"Decreto","n_decreto":"413","fecha_decreto":"03-11-2009","decreto_url":"https://www.monumentos.gob.cl/sites/default/files/decretos/MH_01178_2009_D00413.PDF"}},{"type":"Feature","geometry":{"type":"Point","coordinates":[-72.02505,-45.57363]},"properties":{"nombre":"Las Construcciones de la Sociedad Industrial de Aisén","region":"Aysén del General Carlos Ibáñez del Campo","provincia":"Coihaique","comuna":"Coihaique","codigo_cmn":"01182_MH_11101","categoria":"Monumento Histórico","tipo_decreto":"Decreto","n_decreto":"413","fecha_decreto":"03-11-2009","decreto_url":"https://www.monumentos.gob.cl/sites/default/files/decretos/MH_01178_2009_D00413.PDF"}},{"type":"Feature","geometry":{"type":"Point","coordinates":[-70.453,-53.83214]},"properties":{"nombre":"Campo de Prisioneros en Río Chico, la capilla de San Rafael, la Chimenea y antiguos hornos del aserradero de Puerto Harris en Isla Dawson","region":"Magallanes y de la Antártica Chilena","provincia":"Magallanes","comuna":"Punta Arenas","codigo_cmn":"01232_MH_12101","categoria":"Monumento Histórico","tipo_decreto":"Decreto","n_decreto":"132","fecha_decreto":"10-03-2010","decreto_url":"https://www.monumentos.gob.cl/sites/default/files/decretos/MH_01231_2010_D00132.PDF"}},{"type":"Feature","geometry":{"type":"Point","coordinates":[-70.45184,-53.8356]},"properties":{"nombre":"Campo de Prisioneros en Río Chico, la capilla de San Rafael, la Chimenea y antiguos hornos del aserradero de Puerto Harris en Isla Dawson","region":"Magallanes y de la Antártica Chilena","provincia":"Magallanes","comuna":"Punta Arenas","codigo_cmn":"01233_MH_12101","categoria":"Monumento Histórico","tipo_decreto":"Decreto","n_decreto":"132","fecha_decreto":"10-03-2010","decreto_url":"https://www.monumentos.gob.cl/sites/default/files/decretos/MH_01231_2010_D00132.PDF"}},{"type":"Feature","geometry":{"type":"Point","coordinates":[-70.4518,-53.83555]},"properties":{"nombre":"Campo de Prisioneros en Río Chico, la capilla de San Rafael, la Chimenea y antiguos hornos del aserradero de Puerto Harris en Isla Dawson","region":"Magallanes y de la Antártica Chilena","provincia":"Magallanes","comuna":"Punta Arenas","codigo_cmn":"01234_MH_12101","categoria":"Monumento Histórico","tipo_decreto":"Decreto","n_decreto":"132","fecha_decreto":"10-03-2010","decreto_url":"https://www.monumentos.gob.cl/sites/default/files/decretos/MH_01231_2010_D00132.PDF"}},{"type":"Feature","geometry":{"type":"Point","coordinates":[-71.24217,-28.72719]},"properties":{"nombre":"Las Chimeneas de Labrar","region":"Atacama","provincia":"Huasco","comuna":"Freirina","codigo_cmn":"01284_MH_03303","categoria":"Monumento Histórico","tipo_decreto":"Decreto Supremo","n_decreto":"8377","fecha_decreto":"02-10-1980","decreto_url":"https://www.monumentos.gob.cl/sites/default/files/decretos/MH_00258_2008_D00659.pdf"}},{"type":"Feature","geometry":{"type":"Point","coordinates":[-71.23634,-28.73131]},"properties":{"nombre":"Las Chimeneas de Labrar","region":"Atacama","provincia":"Huasco","comuna":"Freirina","codigo_cmn":"01285_MH_03303","categoria":"Monumento Histórico","tipo_decreto":"Decreto Exento","n_decreto":"357","fecha_decreto":"03-07-1996","decreto_url":"https://www.monumentos.gob.cl/sites/default/files/decretos/MH_00258_2008_D00659.pdf"}},{"type":"Feature","geometry":{"type":"Point","coordinates":[-71.2378,-28.73063]},"properties":{"nombre":"Las Chimeneas de Labrar","region":"Atacama","provincia":"Huasco","comuna":"Freirina","codigo_cmn":"01286_MH_03303","categoria":"Monumento Histórico","tipo_decreto":"Decreto Exento","n_decreto":"357","fecha_decreto":"03-07-1996","decreto_url":"https://www.monumentos.gob.cl/sites/default/files/decretos/MH_00258_2008_D00659.pdf"}},{"type":"Feature","geometry":{"type":"Point","coordinates":[-71.23824,-28.72925]},"properties":{"nombre":"Las Chimeneas de Labrar","region":"Atacama","provincia":"Huasco","comuna":"Freirina","codigo_cmn":"01287_MH_03303","categoria":"Monumento Histórico","tipo_decreto":"Decreto Exento","n_decreto":"357","fecha_decreto":"03-07-1996","decreto_url":"https://www.monumentos.gob.cl/sites/default/files/decretos/MH_00258_2008_D00659.pdf"}},{"type":"Feature","geometry":{"type":"Point","coordinates":[-73.60251,-42.43991]},"properties":{"nombre":"Iglesia Curaco de Vélez","region":"Los Lagos","provincia":"Chiloé","comuna":"Curaco de Vélez","codigo_cmn":"00067_MH_10204","categoria":"Monumento Histórico","tipo_decreto":"Decreto Supremo","n_decreto":"1750","fecha_decreto":"26-07-1971","decreto_url":"https://www.monumentos.gob.cl/sites/default/files/decretos/MH_00067_1971_D01750.PDF"}},{"type":"Feature","geometry":{"type":"Point","coordinates":[-78.83244,-33.6368]},"properties":{"nombre":"Cueva de los Patriotas","region":"Valparaíso","provincia":"Valparaíso","comuna":"Juan Fernández","codigo_cmn":"00235_MH_05104","categoria":"Monumento Histórico","tipo_decreto":"Decreto Supremo","n_decreto":"1858","fecha_decreto":"13-07-1979","decreto_url":"https://www.monumentos.gob.cl/sites/default/files/decretos/MH_00235_1979_D01858.PDF"}},{"type":"Feature","geometry":{"type":"Point","coordinates":[-78.8328,-33.63568]},"properties":{"nombre":"Fuerte Santa Bárbara","region":"Valparaíso","provincia":"Valparaíso","comuna":"Juan Fernández","codigo_cmn":"00236_MH_05104","categoria":"Monumento Histórico","tipo_decreto":"Decreto Supremo","n_decreto":"1858","fecha_decreto":"13-07-1979","decreto_url":"https://www.monumentos.gob.cl/sites/default/files/decretos/MH_00235_1979_D01858.PDF"}},{"type":"Feature","geometry":{"type":"Point","coordinates":[-109.34871,-27.10776]},"properties":{"nombre":"Isla de Pascua","region":"Valparaíso","provincia":"Isla de Pascua","comuna":"Isla de Pascua","codigo_cmn":"00012_MH_05201","categoria":"Monumento Histórico","tipo_decreto":"Decreto Supremo","n_decreto":"4536","fecha_decreto":"25-07-1935","decreto_url":"https://www.monumentos.gob.cl/sites/default/files/decretos/MH_00012_1935_D04536.PDF"}},{"type":"Feature","geometry":{"type":"Point","coordinates":[-72.72836,-37.13322]},"properties":{"nombre":"Cuatro bienes representativos del conjunto jesuita de Rere","region":"Biobío","provincia":"Biobío","comuna":"Yumbel","codigo_cmn":"01282_MH_08113","categoria":"Monumento Histórico","tipo_decreto":"Decreto","n_decreto":"165","fecha_decreto":"26-03-2012","decreto_url":"https://www.monumentos.gob.cl/sites/default/files/decretos/MH_01278_2012_D00165.pdf"}},{"type":"Feature","geometry":{"type":"Point","coordinates":[-72.72818,-37.13298]},"properties":{"nombre":"Cuatro bienes representativos del conjunto jesuita de Rere","region":"Biobío","provincia":"Biobío","comuna":"Yumbel","codigo_cmn":"01283_MH_08113","categoria":"Monumento Histórico","tipo_decreto":"Decreto","n_decreto":"165","fecha_decreto":"26-03-2012","decreto_url":"https://www.monumentos.gob.cl/sites/default/files/decretos/MH_01278_2012_D00165.pdf"}},{"type":"Feature","geometry":{"type":"Point","coordinates":[-72.11061,-36.60527]},"properties":{"nombre":"Iglesia y el convento  de la Virgen del Carmen de Chillán","region":"Ñuble","provincia":"Diguillín","comuna":"Chillán","codigo_cmn":"01289_MH_16101","categoria":"Monumento Histórico","tipo_decreto":"Decreto","n_decreto":"161","fecha_decreto":"23-03-2012","decreto_url":"https://www.monumentos.gob.cl/sites/default/files/decretos/MH_01288_2012_D00161.PDF"}},{"type":"Feature","geometry":{"type":"Point","coordinates":[-57.9009,-63.32109]},"properties":{"nombre":"Base militar Antártica Capitán General Bernardo O'Higgins Riquelme y a los bienes que indica","region":"Magallanes y de la Antártica Chilena","provincia":"Antártica Chilena","comuna":"Antártica","codigo_cmn":"01301_MH_12202","categoria":"Monumento Histórico","tipo_decreto":"Decreto","n_decreto":"406","fecha_decreto":"24-09-2012","decreto_url":"https://www.monumentos.gob.cl/sites/default/files/decretos/MH_01298_2012_D00406.PDF"}},{"type":"Feature","geometry":{"type":"Point","coordinates":[-57.89831,-63.32064]},"properties":{"nombre":"Base militar Antártica Capitán General Bernardo O'Higgins Riquelme y a los bienes que indica","region":"Magallanes y de la Antártica Chilena","provincia":"Antártica Chilena","comuna":"Antártica","codigo_cmn":"01302_MH_12202","categoria":"Monumento Histórico","tipo_decreto":"Decreto","n_decreto":"406","fecha_decreto":"24-09-2012","decreto_url":"https://www.monumentos.gob.cl/sites/default/files/decretos/MH_01298_2012_D00406.PDF"}},{"type":"Feature","geometry":{"type":"Point","coordinates":[-57.89846,-63.32105]},"properties":{"nombre":"Base militar Antártica Capitán General Bernardo O'Higgins Riquelme y a los bienes que indica","region":"Magallanes y de la Antártica Chilena","provincia":"Antártica Chilena","comuna":"Antártica","codigo_cmn":"01303_MH_12202","categoria":"Monumento Histórico","tipo_decreto":"Decreto","n_decreto":"406","fecha_decreto":"24-09-2012","decreto_url":"https://www.monumentos.gob.cl/sites/default/files/decretos/MH_01298_2012_D00406.PDF"}},{"type":"Feature","geometry":{"type":"Point","coordinates":[-72.03191,-45.56975]},"properties":{"nombre":"Las Construcciones de la Sociedad Industrial de Aisén (Cementerio)","region":"Aysén del General Carlos Ibáñez del Campo","provincia":"Coihaique","comuna":"Coihaique","codigo_cmn":"01328_MH_11101","categoria":"Monumento Histórico","tipo_decreto":"Decreto","n_decreto":"413","fecha_decreto":"03-11-2009","decreto_url":"https://www.monumentos.gob.cl/sites/default/files/decretos/MH_01178_2009_D00413.PDF"}},{"type":"Feature","geometry":{"type":"Point","coordinates":[-72.02498,-45.57261]},"properties":{"nombre":"Las Construcciones de la Sociedad Industrial de Aisén","region":"Aysén del General Carlos Ibáñez del Campo","provincia":"Coihaique","comuna":"Coihaique","codigo_cmn":"01326_MH_11101","categoria":"Monumento Histórico","tipo_decreto":"Decreto","n_decreto":"413","fecha_decreto":"03-11-2009","decreto_url":"https://www.monumentos.gob.cl/sites/default/files/decretos/MH_01178_2009_D00413.PDF"}},{"type":"Feature","geometry":{"type":"Point","coordinates":[-72.02197,-45.56965]},"properties":{"nombre":"Las Construcciones de la Sociedad Industrial de Aisén (baño de ovejas)","region":"Aysén del General Carlos Ibáñez del Campo","provincia":"Coihaique","comuna":"Coihaique","codigo_cmn":"01327_MH_11101","categoria":"Monumento Histórico","tipo_decreto":"Decreto","n_decreto":"413","fecha_decreto":"03-11-2009","decreto_url":"https://www.monumentos.gob.cl/sites/default/files/decretos/MH_01178_2009_D00413.PDF"}},{"type":"Feature","geometry":{"type":"Point","coordinates":[-57.89976,-63.32092]},"properties":{"nombre":"Base militar Antártica Capitán General Bernardo O'Higgins Riquelme y a los bienes que indica","region":"Magallanes y de la Antártica Chilena","provincia":"Antártica Chilena","comuna":"Antártica","codigo_cmn":"01299_MH_12202","categoria":"Monumento Histórico","tipo_decreto":"Decreto","n_decreto":"406","fecha_decreto":"24-09-2012","decreto_url":"https://www.monumentos.gob.cl/sites/default/files/decretos/MH_01298_2012_D00406.PDF"}},{"type":"Feature","geometry":{"type":"Point","coordinates":[-70.00221,-27.97926]},"properties":{"nombre":"Acueducto de Amolanas","region":"Atacama","provincia":"Copiapó","comuna":"Tierra Amarilla","codigo_cmn":"01320_MH_03103","categoria":"Monumento Histórico","tipo_decreto":"Decreto","n_decreto":"31","fecha_decreto":"18-01-2013","decreto_url":"https://www.monumentos.gob.cl/sites/default/files/decretos/MH_00326_2013_D00031.pdf"}},{"type":"Feature","geometry":{"type":"Point","coordinates":[-70.00184,-27.97914]},"properties":{"nombre":"Acueducto de Amolanas","region":"Atacama","provincia":"Copiapó","comuna":"Tierra Amarilla","codigo_cmn":"01321_MH_03103","categoria":"Monumento Histórico","tipo_decreto":"Decreto","n_decreto":"31","fecha_decreto":"18-01-2013","decreto_url":"https://www.monumentos.gob.cl/sites/default/files/decretos/MH_00326_2013_D00031.pdf"}},{"type":"Feature","geometry":{"type":"Point","coordinates":[-70.00271,-27.97929]},"properties":{"nombre":"Acueducto de Amolanas","region":"Atacama","provincia":"Copiapó","comuna":"Tierra Amarilla","codigo_cmn":"01322_MH_03103","categoria":"Monumento Histórico","tipo_decreto":"Decreto","n_decreto":"31","fecha_decreto":"18-01-2013","decreto_url":"https://www.monumentos.gob.cl/sites/default/files/decretos/MH_00326_2013_D00031.pdf"}},{"type":"Feature","geometry":{"type":"Point","coordinates":[-70.00211,-27.97904]},"properties":{"nombre":"Acueducto de Amolanas","region":"Atacama","provincia":"Copiapó","comuna":"Tierra Amarilla","codigo_cmn":"01323_MH_03103","categoria":"Monumento Histórico","tipo_decreto":"Decreto","n_decreto":"31","fecha_decreto":"18-01-2013","decreto_url":"https://www.monumentos.gob.cl/sites/default/files/decretos/MH_00326_2013_D00031.pdf"}},{"type":"Feature","geometry":{"type":"Point","coordinates":[-70.00172,-27.97921]},"properties":{"nombre":"Acueducto de Amolanas","region":"Atacama","provincia":"Copiapó","comuna":"Tierra Amarilla","codigo_cmn":"01324_MH_03103","categoria":"Monumento Histórico","tipo_decreto":"Decreto","n_decreto":"31","fecha_decreto":"18-01-2013","decreto_url":"https://www.monumentos.gob.cl/sites/default/files/decretos/MH_00326_2013_D00031.pdf"}},{"type":"Feature","geometry":{"type":"Point","coordinates":[-70.00195,-27.97946]},"properties":{"nombre":"Acueducto de Amolanas","region":"Atacama","provincia":"Copiapó","comuna":"Tierra Amarilla","codigo_cmn":"01325_MH_03103","categoria":"Monumento Histórico","tipo_decreto":"Decreto","n_decreto":"31","fecha_decreto":"18-01-2013","decreto_url":"https://www.monumentos.gob.cl/sites/default/files/decretos/MH_00326_2013_D00031.pdf"}},{"type":"Feature","geometry":{"type":"Point","coordinates":[-71.21055,-32.6892]},"properties":{"nombre":"Conjunto arquitectónico ubicado en el pueblo de El Melón","region":"Valparaíso","provincia":"Quillota","comuna":"Nogales","codigo_cmn":"00683_MH_05506","categoria":"Monumento Histórico","tipo_decreto":"Decreto Exento","n_decreto":"1014","fecha_decreto":"08-10-1997","decreto_url":"https://www.monumentos.gob.cl/sites/default/files/decretos/MH_00682_1999_D00441.pdf"}},{"type":"Feature","geometry":{"type":"Point","coordinates":[-71.21092,-32.68962]},"properties":{"nombre":"Conjunto arquitectónico ubicado en el pueblo de El Melón","region":"Valparaíso","provincia":"Quillota","comuna":"Nogales","codigo_cmn":"00684_MH_05506","categoria":"Monumento Histórico","tipo_decreto":"Decreto Exento","n_decreto":"1014","fecha_decreto":"08-10-1997","decreto_url":"https://www.monumentos.gob.cl/sites/default/files/decretos/MH_00682_1999_D00441.pdf"}},{"type":"Feature","geometry":{"type":"Point","coordinates":[-71.21063,-32.6888]},"properties":{"nombre":"Conjunto arquitectónico ubicado en el pueblo de El Melón","region":"Valparaíso","provincia":"Quillota","comuna":"Nogales","codigo_cmn":"00685_MH_05506","categoria":"Monumento Histórico","tipo_decreto":"Decreto Exento","n_decreto":"1014","fecha_decreto":"08-10-1997","decreto_url":"https://www.monumentos.gob.cl/sites/default/files/decretos/MH_00682_1999_D00441.pdf"}},{"type":"Feature","geometry":{"type":"Point","coordinates":[-73.17179,-37.08874]},"properties":{"nombre":"Sector de Chambeque","region":"Biobío","provincia":"Concepción","comuna":"Lota","codigo_cmn":"01363_MH_08106","categoria":"Monumento Histórico","tipo_decreto":"Decreto","n_decreto":"232","fecha_decreto":"22-05-2014","decreto_url":"https://www.monumentos.gob.cl/sites/default/files/decretos/MH_01362_2014_D00232.pdf"}},{"type":"Feature","geometry":{"type":"Point","coordinates":[-73.17182,-37.08903]},"properties":{"nombre":"Sector de Chambeque","region":"Biobío","provincia":"Concepción","comuna":"Lota","codigo_cmn":"01364_MH_08106","categoria":"Monumento Histórico","tipo_decreto":"Decreto","n_decreto":"232","fecha_decreto":"22-05-2014","decreto_url":"https://www.monumentos.gob.cl/sites/default/files/decretos/MH_01362_2014_D00232.pdf"}},{"type":"Feature","geometry":{"type":"Point","coordinates":[-73.17228,-37.0896]},"properties":{"nombre":"Sector de Chambeque","region":"Biobío","provincia":"Concepción","comuna":"Lota","codigo_cmn":"01365_MH_08106","categoria":"Monumento Histórico","tipo_decreto":"Decreto","n_decreto":"232","fecha_decreto":"22-05-2014","decreto_url":"https://www.monumentos.gob.cl/sites/default/files/decretos/MH_01362_2014_D00232.pdf"}},{"type":"Feature","geometry":{"type":"Point","coordinates":[-73.16988,-37.08853]},"properties":{"nombre":"Sector de Chambeque","region":"Biobío","provincia":"Concepción","comuna":"Lota","codigo_cmn":"01366_MH_08106","categoria":"Monumento Histórico","tipo_decreto":"Decreto","n_decreto":"232","fecha_decreto":"22-05-2014","decreto_url":"https://www.monumentos.gob.cl/sites/default/files/decretos/MH_01362_2014_D00232.pdf"}},{"type":"Feature","geometry":{"type":"Point","coordinates":[-73.16962,-37.08932]},"properties":{"nombre":"Sector de Chambeque","region":"Biobío","provincia":"Concepción","comuna":"Lota","codigo_cmn":"01367_MH_08106","categoria":"Monumento Histórico","tipo_decreto":"Decreto","n_decreto":"232","fecha_decreto":"22-05-2014","decreto_url":"https://www.monumentos.gob.cl/sites/default/files/decretos/MH_01362_2014_D00232.pdf"}},{"type":"Feature","geometry":{"type":"Point","coordinates":[-73.16828,-37.08947]},"properties":{"nombre":"Sector de Chambeque","region":"Biobío","provincia":"Concepción","comuna":"Lota","codigo_cmn":"01368_MH_08106","categoria":"Monumento Histórico","tipo_decreto":"Decreto","n_decreto":"232","fecha_decreto":"22-05-2014","decreto_url":"https://www.monumentos.gob.cl/sites/default/files/decretos/MH_01362_2014_D00232.pdf"}},{"type":"Feature","geometry":{"type":"Point","coordinates":[-73.16554,-37.08783]},"properties":{"nombre":"Sector de Chambeque","region":"Biobío","provincia":"Concepción","comuna":"Lota","codigo_cmn":"01369_MH_08106","categoria":"Monumento Histórico","tipo_decreto":"Decreto","n_decreto":"232","fecha_decreto":"22-05-2014","decreto_url":"https://www.monumentos.gob.cl/sites/default/files/decretos/MH_01362_2014_D00232.pdf"}},{"type":"Feature","geometry":{"type":"Point","coordinates":[-73.16647,-37.08939]},"properties":{"nombre":"Sector de Chambeque","region":"Biobío","provincia":"Concepción","comuna":"Lota","codigo_cmn":"01370_MH_08106","categoria":"Monumento Histórico","tipo_decreto":"Decreto","n_decreto":"232","fecha_decreto":"22-05-2014","decreto_url":"https://www.monumentos.gob.cl/sites/default/files/decretos/MH_01362_2014_D00232.pdf"}},{"type":"Feature","geometry":{"type":"Point","coordinates":[-73.16902,-37.0913]},"properties":{"nombre":"Sector de Chambeque","region":"Biobío","provincia":"Concepción","comuna":"Lota","codigo_cmn":"01371_MH_08106","categoria":"Monumento Histórico","tipo_decreto":"Decreto","n_decreto":"232","fecha_decreto":"22-05-2014","decreto_url":"https://www.monumentos.gob.cl/sites/default/files/decretos/MH_01362_2014_D00232.pdf"}},{"type":"Feature","geometry":{"type":"Point","coordinates":[-73.16562,-37.09288]},"properties":{"nombre":"Sector de Chambeque","region":"Biobío","provincia":"Concepción","comuna":"Lota","codigo_cmn":"01372_MH_08106","categoria":"Monumento Histórico","tipo_decreto":"Decreto","n_decreto":"232","fecha_decreto":"22-05-2014","decreto_url":"https://www.monumentos.gob.cl/sites/default/files/decretos/MH_01362_2014_D00232.pdf"}},{"type":"Feature","geometry":{"type":"Point","coordinates":[-73.16717,-37.09521]},"properties":{"nombre":"Sector de Chambeque","region":"Biobío","provincia":"Concepción","comuna":"Lota","codigo_cmn":"01373_MH_08106","categoria":"Monumento Histórico","tipo_decreto":"Decreto","n_decreto":"232","fecha_decreto":"22-05-2014","decreto_url":"https://www.monumentos.gob.cl/sites/default/files/decretos/MH_01362_2014_D00232.pdf"}},{"type":"Feature","geometry":{"type":"Point","coordinates":[-73.17083,-37.09122]},"properties":{"nombre":"Sector de Chambeque","region":"Biobío","provincia":"Concepción","comuna":"Lota","codigo_cmn":"01374_MH_08106","categoria":"Monumento Histórico","tipo_decreto":"Decreto","n_decreto":"232","fecha_decreto":"22-05-2014","decreto_url":"https://www.monumentos.gob.cl/sites/default/files/decretos/MH_01362_2014_D00232.pdf"}},{"type":"Feature","geometry":{"type":"Point","coordinates":[-73.17056,-37.08897]},"properties":{"nombre":"Sector de Chambeque","region":"Biobío","provincia":"Concepción","comuna":"Lota","codigo_cmn":"01375_MH_08106","categoria":"Monumento Histórico","tipo_decreto":"Decreto","n_decreto":"232","fecha_decreto":"22-05-2014","decreto_url":"https://www.monumentos.gob.cl/sites/default/files/decretos/MH_01362_2014_D00232.pdf"}},{"type":"Feature","geometry":{"type":"Point","coordinates":[-69.29148,-52.7764]},"properties":{"nombre":"Equipamiento de Cerro Sombrero","region":"Magallanes y de la Antártica Chilena","provincia":"Tierra del Fuego","comuna":"Primavera","codigo_cmn":"01391_MH_12302","categoria":"Monumento Histórico","tipo_decreto":"Decreto","n_decreto":"421","fecha_decreto":"20-10-2014","decreto_url":"https://www.monumentos.gob.cl/sites/default/files/decretos/MH_01390_2014_D00421.pdf"}},{"type":"Feature","geometry":{"type":"Point","coordinates":[-69.29097,-52.77702]},"properties":{"nombre":"Equipamiento de Cerro Sombrero","region":"Magallanes y de la Antártica Chilena","provincia":"Tierra del Fuego","comuna":"Primavera","codigo_cmn":"01392_MH_12302","categoria":"Monumento Histórico","tipo_decreto":"Decreto","n_decreto":"421","fecha_decreto":"20-10-2014","decreto_url":"https://www.monumentos.gob.cl/sites/default/files/decretos/MH_01390_2014_D00421.pdf"}},{"type":"Feature","geometry":{"type":"Point","coordinates":[-69.29199,-52.77645]},"properties":{"nombre":"Equipamiento de Cerro Sombrero","region":"Magallanes y de la Antártica Chilena","provincia":"Tierra del Fuego","comuna":"Primavera","codigo_cmn":"01393_MH_12302","categoria":"Monumento Histórico","tipo_decreto":"Decreto","n_decreto":"421","fecha_decreto":"20-10-2014","decreto_url":"https://www.monumentos.gob.cl/sites/default/files/decretos/MH_01390_2014_D00421.pdf"}},{"type":"Feature","geometry":{"type":"Point","coordinates":[-69.28996,-52.77617]},"properties":{"nombre":"Equipamiento de Cerro Sombrero","region":"Magallanes y de la Antártica Chilena","provincia":"Tierra del Fuego","comuna":"Primavera","codigo_cmn":"01394_MH_12302","categoria":"Monumento Histórico","tipo_decreto":"Decreto","n_decreto":"421","fecha_decreto":"20-10-2014","decreto_url":"https://www.monumentos.gob.cl/sites/default/files/decretos/MH_01390_2014_D00421.pdf"}},{"type":"Feature","geometry":{"type":"Point","coordinates":[-69.28871,-52.77666]},"properties":{"nombre":"Equipamiento de Cerro Sombrero","region":"Magallanes y de la Antártica Chilena","provincia":"Tierra del Fuego","comuna":"Primavera","codigo_cmn":"01395_MH_12302","categoria":"Monumento Histórico","tipo_decreto":"Decreto","n_decreto":"421","fecha_decreto":"20-10-2014","decreto_url":"https://www.monumentos.gob.cl/sites/default/files/decretos/MH_01390_2014_D00421.pdf"}},{"type":"Feature","geometry":{"type":"Point","coordinates":[-69.292,-52.77561]},"properties":{"nombre":"Equipamiento de Cerro Sombrero","region":"Magallanes y de la Antártica Chilena","provincia":"Tierra del Fuego","comuna":"Primavera","codigo_cmn":"01396_MH_12302","categoria":"Monumento Histórico","tipo_decreto":"Decreto","n_decreto":"421","fecha_decreto":"20-10-2014","decreto_url":"https://www.monumentos.gob.cl/sites/default/files/decretos/MH_01390_2014_D00421.pdf"}},{"type":"Feature","geometry":{"type":"Point","coordinates":[-69.28807,-52.77301]},"properties":{"nombre":"Equipamiento de Cerro Sombrero","region":"Magallanes y de la Antártica Chilena","provincia":"Tierra del Fuego","comuna":"Primavera","codigo_cmn":"01397_MH_12302","categoria":"Monumento Histórico","tipo_decreto":"Decreto","n_decreto":"421","fecha_decreto":"20-10-2014","decreto_url":"https://www.monumentos.gob.cl/sites/default/files/decretos/MH_01390_2014_D00421.pdf"}},{"type":"Feature","geometry":{"type":"Point","coordinates":[-69.78052,-17.70355]},"properties":{"nombre":"Ruinas del Complejo Industrial Azufrero de Tacora","region":"Arica y Parinacota","provincia":"Parinacota","comuna":"General Lagos","codigo_cmn":"01487_MH_15202","categoria":"Monumento Histórico","tipo_decreto":"Decreto","n_decreto":"514","fecha_decreto":"17-11-2015","decreto_url":"https://www.monumentos.gob.cl/sites/default/files/decretos/MH_01485_2015_D00514.pdf"}},{"type":"Feature","geometry":{"type":"Point","coordinates":[-69.82002,-17.72133]},"properties":{"nombre":"Ruinas del Complejo Industrial Azufrero de Tacora","region":"Arica y Parinacota","provincia":"Parinacota","comuna":"General Lagos","codigo_cmn":"01486_MH_15202","categoria":"Monumento Histórico","tipo_decreto":"Decreto","n_decreto":"514","fecha_decreto":"17-11-2015","decreto_url":"https://www.monumentos.gob.cl/sites/default/files/decretos/MH_01485_2015_D00514.pdf"}},{"type":"Feature","geometry":{"type":"Point","coordinates":[-71.60103,-36.38532]},"properties":{"nombre":"Conjunto de inmuebles y sitios correspondientes a la ex Colonia Dignidad (Torre de vigilancia y Búnker de seguridad )","region":"Maule","provincia":"Linares","comuna":"Parral","codigo_cmn":"01523_MH_07404","categoria":"Monumento Histórico","tipo_decreto":"Decreto","n_decreto":"208","fecha_decreto":"18-07-2016","decreto_url":"https://www.monumentos.gob.cl/sites/default/files/decretos/MH_01522_2016_D00208.PDF"}},{"type":"Feature","geometry":{"type":"Point","coordinates":[-71.59072,-36.3841]},"properties":{"nombre":"Conjunto de inmuebles y sitios correspondientes a la ex Colonia Dignidad (Complejo principal)","region":"Maule","provincia":"Linares","comuna":"Parral","codigo_cmn":"01524_MH_07404","categoria":"Monumento Histórico","tipo_decreto":"Decreto","n_decreto":"208","fecha_decreto":"18-07-2016","decreto_url":"https://www.monumentos.gob.cl/sites/default/files/decretos/MH_01522_2016_D00208.PDF"}},{"type":"Feature","geometry":{"type":"Point","coordinates":[-71.592,-36.38231]},"properties":{"nombre":"Conjunto de inmuebles y sitios correspondientes a la ex Colonia Dignidad (Subterráneos, calderas y túneles)","region":"Maule","provincia":"Linares","comuna":"Parral","codigo_cmn":"01525_MH_07404","categoria":"Monumento Histórico","tipo_decreto":"Decreto","n_decreto":"208","fecha_decreto":"18-07-2016","decreto_url":"https://www.monumentos.gob.cl/sites/default/files/decretos/MH_01522_2016_D00208.PDF"}},{"type":"Feature","geometry":{"type":"Point","coordinates":[-71.59012,-36.38359]},"properties":{"nombre":"Conjunto de inmuebles y sitios correspondientes a la ex Colonia Dignidad (Búnker de Paul Schäfer y Freihaus)","region":"Maule","provincia":"Linares","comuna":"Parral","codigo_cmn":"01526_MH_07404","categoria":"Monumento Histórico","tipo_decreto":"Decreto","n_decreto":"208","fecha_decreto":"18-07-2016","decreto_url":"https://www.monumentos.gob.cl/sites/default/files/decretos/MH_01522_2016_D00208.PDF"}},{"type":"Feature","geometry":{"type":"Point","coordinates":[-71.59076,-36.38695]},"properties":{"nombre":"Conjunto de inmuebles y sitios correspondientes a la ex Colonia Dignidad (Bodega de papas)","region":"Maule","provincia":"Linares","comuna":"Parral","codigo_cmn":"01527_MH_07404","categoria":"Monumento Histórico","tipo_decreto":"Decreto","n_decreto":"208","fecha_decreto":"18-07-2016","decreto_url":"https://www.monumentos.gob.cl/sites/default/files/decretos/MH_01522_2016_D00208.PDF"}},{"type":"Feature","geometry":{"type":"Point","coordinates":[-71.58574,-36.38773]},"properties":{"nombre":"Conjunto de inmuebles y sitios correspondientes a la ex Colonia Dignidad (Hospital (antiguo y nuevo) y anexo hospital)","region":"Maule","provincia":"Linares","comuna":"Parral","codigo_cmn":"01528_MH_07404","categoria":"Monumento Histórico","tipo_decreto":"Decreto","n_decreto":"208","fecha_decreto":"18-07-2016","decreto_url":"https://www.monumentos.gob.cl/sites/default/files/decretos/MH_01522_2016_D00208.PDF"}},{"type":"Feature","geometry":{"type":"Point","coordinates":[-71.57577,-36.39208]},"properties":{"nombre":"Conjunto de inmuebles y sitios correspondientes a la ex Colonia Dignidad (Pista de aterrizaje, bodega y hangares)","region":"Maule","provincia":"Linares","comuna":"Parral","codigo_cmn":"01529_MH_07404","categoria":"Monumento Histórico","tipo_decreto":"Decreto","n_decreto":"208","fecha_decreto":"18-07-2016","decreto_url":"https://www.monumentos.gob.cl/sites/default/files/decretos/MH_01522_2016_D00208.PDF"}},{"type":"Feature","geometry":{"type":"Point","coordinates":[-71.51295,-36.37853]},"properties":{"nombre":"Conjunto de inmuebles y sitios correspondientes a la ex Colonia Dignidad (Fosa CD1)","region":"Maule","provincia":"Linares","comuna":"Parral","codigo_cmn":"01531_MH_07404","categoria":"Monumento Histórico","tipo_decreto":"Decreto","n_decreto":"208","fecha_decreto":"18-07-2016","decreto_url":"https://www.monumentos.gob.cl/sites/default/files/decretos/MH_01522_2016_D00208.PDF"}},{"type":"Feature","geometry":{"type":"Point","coordinates":[-71.49714,-36.37728]},"properties":{"nombre":"Conjunto de inmuebles y sitios correspondientes a la ex Colonia Dignidad (Fosa CD4)","region":"Maule","provincia":"Linares","comuna":"Parral","codigo_cmn":"01532_MH_07404","categoria":"Monumento Histórico","tipo_decreto":"Decreto","n_decreto":"208","fecha_decreto":"18-07-2016","decreto_url":"https://www.monumentos.gob.cl/sites/default/files/decretos/MH_01522_2016_D00208.PDF"}},{"type":"Feature","geometry":{"type":"Point","coordinates":[-71.56004,-36.38815]},"properties":{"nombre":"Conjunto de inmuebles y sitios correspondientes a la ex Colonia Dignidad (Fosa sector de la lecherías y fosa de los archivos)","region":"Maule","provincia":"Linares","comuna":"Parral","codigo_cmn":"01530_MH_07404","categoria":"Monumento Histórico","tipo_decreto":"Decreto","n_decreto":"208","fecha_decreto":"18-07-2016","decreto_url":"https://www.monumentos.gob.cl/sites/default/files/decretos/MH_01522_2016_D00208.PDF"}},{"type":"Feature","geometry":{"type":"Point","coordinates":[-70.09412,-21.20381]},"properties":{"nombre":"Campamentos Industriales Asociados a la extracción de guano y sal: Pabellón de Pica y Huanillos","region":"Tarapacá","provincia":"Iquique","comuna":"Iquique","codigo_cmn":"01561_MH_01101","categoria":"Monumento Histórico","tipo_decreto":"Decreto","n_decreto":"285","fecha_decreto":"30-06-2014","decreto_url":"https://www.monumentos.gob.cl/monumentos/monumentos-monumentos/campamentos-industriales-asociados-extraccion-guano-sal-pabellon"}},{"type":"Feature","geometry":{"type":"Point","coordinates":[-71.09934,-34.0317]},"properties":{"nombre":"Iglesia de Alhué","region":"Metropolitana de Santiago","provincia":"Melipilla","comuna":"Alhué","codigo_cmn":"00135_MH_13502","categoria":"Monumento Histórico","tipo_decreto":"Decreto Supremo","n_decreto":"11","fecha_decreto":"07-01-1974","decreto_url":"https://www.monumentos.gob.cl/sites/default/files/decretos/MH_00106_1974_D00011.PDF"}},{"type":"Feature","geometry":{"type":"Point","coordinates":[-70.67532,-33.72761]},"properties":{"nombre":"El Parque de la Viña Santa Rita","region":"Metropolitana de Santiago","provincia":"Maipo","comuna":"Buin","codigo_cmn":"00098_MH_13402","categoria":"Monumento Histórico","tipo_decreto":"Decreto Supremo","n_decreto":"2017","fecha_decreto":"24-10-1972","decreto_url":"https://www.monumentos.gob.cl/sites/default/files/decretos/MH_00094_1972_D02017.PDF"}},{"type":"Feature","geometry":{"type":"Point","coordinates":[-70.67336,-33.72898]},"properties":{"nombre":"El Parque de la Viña Santa Rita","region":"Metropolitana de Santiago","provincia":"Maipo","comuna":"Buin","codigo_cmn":"00099_MH_13402","categoria":"Monumento Histórico","tipo_decreto":"Decreto Supremo","n_decreto":"2017","fecha_decreto":"24-10-1972","decreto_url":"https://www.monumentos.gob.cl/sites/default/files/decretos/MH_00094_1972_D02017.PDF"}},{"type":"Feature","geometry":{"type":"Point","coordinates":[-70.67365,-33.72933]},"properties":{"nombre":"El Parque de la Viña Santa Rita","region":"Metropolitana de Santiago","provincia":"Maipo","comuna":"Buin","codigo_cmn":"00100_MH_13402","categoria":"Monumento Histórico","tipo_decreto":"Decreto Supremo","n_decreto":"2017","fecha_decreto":"24-10-1972","decreto_url":"https://www.monumentos.gob.cl/sites/default/files/decretos/MH_00094_1972_D02017.PDF"}},{"type":"Feature","geometry":{"type":"Point","coordinates":[-70.67601,-33.72534]},"properties":{"nombre":"El Parque de la Viña Santa Rita","region":"Metropolitana de Santiago","provincia":"Maipo","comuna":"Buin","codigo_cmn":"00101_MH_13402","categoria":"Monumento Histórico","tipo_decreto":"Decreto Supremo","n_decreto":"2017","fecha_decreto":"24-10-1972","decreto_url":"https://www.monumentos.gob.cl/sites/default/files/decretos/MH_00094_1972_D02017.PDF"}},{"type":"Feature","geometry":{"type":"Point","coordinates":[-70.80344,-33.63766]},"properties":{"nombre":"Casa de los Religiosos de Calera de Tango, con su Iglesia y dependencias contiguas","region":"Metropolitana de Santiago","provincia":"Maipo","comuna":"Calera de Tango","codigo_cmn":"00087_MH_13403","categoria":"Monumento Histórico","tipo_decreto":"Decreto Supremo","n_decreto":"2412","fecha_decreto":"06-10-1971","decreto_url":"https://www.monumentos.gob.cl/sites/default/files/decretos/MH_00081_1971_D02412.PDF"}},{"type":"Feature","geometry":{"type":"Point","coordinates":[-70.67972,-33.20353]},"properties":{"nombre":"La Torre, el atrio y uno de los muros perimetrales de la Iglesia de la Inmaculada Concepción","region":"Metropolitana de Santiago","provincia":"Chacabuco","comuna":"Colina","codigo_cmn":"00079_MH_13301","categoria":"Monumento Histórico","tipo_decreto":"Decreto Supremo","n_decreto":"1749","fecha_decreto":"26-07-1971","decreto_url":"https://www.monumentos.gob.cl/sites/default/files/decretos/MH_00079_2000_D00518.pdf"}},{"type":"Feature","geometry":{"type":"Point","coordinates":[-70.69061,-33.0277]},"properties":{"nombre":"Casas y Capilla de la Hacienda de Chacabuco","region":"Metropolitana de Santiago","provincia":"Chacabuco","comuna":"Colina","codigo_cmn":"00394_MH_13301","categoria":"Monumento Histórico","tipo_decreto":"Decreto Supremo","n_decreto":"432","fecha_decreto":"16-07-1985","decreto_url":"https://www.monumentos.gob.cl/sites/default/files/decretos/MH_00394_1985_D00432.PDF"}},{"type":"Feature","geometry":{"type":"Point","coordinates":[-70.69102,-33.02789]},"properties":{"nombre":"Casas y Capilla de la Hacienda de Chacabuco","region":"Metropolitana de Santiago","provincia":"Chacabuco","comuna":"Colina","codigo_cmn":"00395_MH_13301","categoria":"Monumento Histórico","tipo_decreto":"Decreto Supremo","n_decreto":"432","fecha_decreto":"16-07-1985","decreto_url":"https://www.monumentos.gob.cl/sites/default/files/decretos/MH_00394_1985_D00432.PDF"}},{"type":"Feature","geometry":{"type":"Point","coordinates":[-70.97888,-33.67818]},"properties":{"nombre":"Iglesia de El Monte","region":"Metropolitana de Santiago","provincia":"Talagante","comuna":"El Monte","codigo_cmn":"00136_MH_13602","categoria":"Monumento Histórico","tipo_decreto":"Decreto Supremo","n_decreto":"11","fecha_decreto":"07-01-1974","decreto_url":"https://www.monumentos.gob.cl/sites/default/files/decretos/MH_00106_1974_D00011.PDF"}},{"type":"Feature","geometry":{"type":"Point","coordinates":[-70.96989,-33.67443]},"properties":{"nombre":"Casas del Fundo San Miguel","region":"Metropolitana de Santiago","provincia":"Talagante","comuna":"El Monte","codigo_cmn":"00137_MH_13602","categoria":"Monumento Histórico","tipo_decreto":"Decreto Supremo","n_decreto":"11","fecha_decreto":"07-01-1974","decreto_url":"https://www.monumentos.gob.cl/sites/default/files/decretos/MH_00106_1974_D00011.PDF"}},{"type":"Feature","geometry":{"type":"Point","coordinates":[-70.67893,-33.45173]},"properties":{"nombre":"Conjunto de Edificios de la Estación Central de Ferrocarriles o Estación Alameda","region":"Metropolitana de Santiago","provincia":"Santiago","comuna":"Estación Central","codigo_cmn":"00330_MH_13106","categoria":"Monumento Histórico","tipo_decreto":"Decreto Supremo","n_decreto":"614","fecha_decreto":"29-06-1983","decreto_url":"https://www.monumentos.gob.cl/sites/default/files/decretos/MH_00330_1983_D00614.PDF"}},{"type":"Feature","geometry":{"type":"Point","coordinates":[-70.68632,-33.45041]},"properties":{"nombre":"Escuela de Artes y Oficios","region":"Metropolitana de Santiago","provincia":"Santiago","comuna":"Estación Central","codigo_cmn":"00416_MH_13106","categoria":"Monumento Histórico","tipo_decreto":"Decreto Supremo","n_decreto":"379","fecha_decreto":"12-06-1986","decreto_url":"https://www.monumentos.gob.cl/sites/default/files/decretos/MH_00416_1986_D00379.PDF"}},{"type":"Feature","geometry":{"type":"Point","coordinates":[-70.68415,-33.44459]},"properties":{"nombre":"Ex Pabellón de la Exposición de París","region":"Metropolitana de Santiago","provincia":"Santiago","comuna":"Estación Central","codigo_cmn":"00411_MH_13106","categoria":"Monumento Histórico","tipo_decreto":"Decreto Supremo","n_decreto":"131","fecha_decreto":"03-04-1986","decreto_url":"https://www.monumentos.gob.cl/sites/default/files/decretos/MH_00411_1986_D00131.PDF"}},{"type":"Feature","geometry":{"type":"Point","coordinates":[-70.67682,-33.47485]},"properties":{"nombre":"Maestranza de Ferrocarriles San Eugenio y edificaciones anexas","region":"Metropolitana de Santiago","provincia":"Santiago","comuna":"Estación Central","codigo_cmn":"01041_MH_13106","categoria":"Monumento Histórico","tipo_decreto":"Decreto Exento","n_decreto":"2050","fecha_decreto":"23-10-2007","decreto_url":"https://www.monumentos.gob.cl/sites/default/files/decretos/MH_01040_2007_D02050.PDF"}},{"type":"Feature","geometry":{"type":"Point","coordinates":[-70.67716,-33.47546]},"properties":{"nombre":"Maestranza de Ferrocarriles San Eugenio y edificaciones anexas","region":"Metropolitana de Santiago","provincia":"Santiago","comuna":"Estación Central","codigo_cmn":"01042_MH_13106","categoria":"Monumento Histórico","tipo_decreto":"Decreto Exento","n_decreto":"2050","fecha_decreto":"23-10-2007","decreto_url":"https://www.monumentos.gob.cl/sites/default/files/decretos/MH_01040_2007_D02050.PDF"}},{"type":"Feature","geometry":{"type":"Point","coordinates":[-70.67481,-33.47542]},"properties":{"nombre":"Maestranza de Ferrocarriles San Eugenio y edificaciones anexas","region":"Metropolitana de Santiago","provincia":"Santiago","comuna":"Estación Central","codigo_cmn":"01043_MH_13106","categoria":"Monumento Histórico","tipo_decreto":"Decreto Exento","n_decreto":"2050","fecha_decreto":"23-10-2007","decreto_url":"https://www.monumentos.gob.cl/sites/default/files/decretos/MH_01040_2007_D02050.PDF"}},{"type":"Feature","geometry":{"type":"Point","coordinates":[-70.67575,-33.47603]},"properties":{"nombre":"Maestranza de Ferrocarriles San Eugenio y edificaciones anexas","region":"Metropolitana de Santiago","provincia":"Santiago","comuna":"Estación Central","codigo_cmn":"01046_MH_13106","categoria":"Monumento Histórico","tipo_decreto":"Decreto Exento","n_decreto":"2050","fecha_decreto":"23-10-2007","decreto_url":"https://www.monumentos.gob.cl/sites/default/files/decretos/MH_01040_2007_D02050.PDF"}},{"type":"Feature","geometry":{"type":"Point","coordinates":[-70.62393,-33.39388]},"properties":{"nombre":"Casas patronales, bodegas y parque del ex Fundo  El Salto o Palacio Riesco","region":"Metropolitana de Santiago","provincia":"Santiago","comuna":"Huechuraba","codigo_cmn":"00579_MH_13107","categoria":"Monumento Histórico","tipo_decreto":"Decreto Supremo","n_decreto":"373","fecha_decreto":"28-07-1992","decreto_url":"https://www.monumentos.gob.cl/sites/default/files/decretos/MH_00579_1992_D00373.PDF"}},{"type":"Feature","geometry":{"type":"Point","coordinates":[-70.66034,-33.42631]},"properties":{"nombre":"Iglesia y Convento Buen Pastor","region":"Metropolitana de Santiago","provincia":"Santiago","comuna":"Independencia","codigo_cmn":"00092_MH_13108","categoria":"Monumento Histórico","tipo_decreto":"Decreto Supremo","n_decreto":"1902","fecha_decreto":"11-10-1972","decreto_url":"https://www.monumentos.gob.cl/sites/default/files/decretos/MH_00092_1972_D01902.PDF"}},{"type":"Feature","geometry":{"type":"Point","coordinates":[-70.65994,-33.42624]},"properties":{"nombre":"Iglesia y Convento Buen Pastor","region":"Metropolitana de Santiago","provincia":"Santiago","comuna":"Independencia","codigo_cmn":"00093_MH_13108","categoria":"Monumento Histórico","tipo_decreto":"Decreto Supremo","n_decreto":"1902","fecha_decreto":"11-10-1972","decreto_url":"https://www.monumentos.gob.cl/sites/default/files/decretos/MH_00092_1972_D01902.PDF"}},{"type":"Feature","geometry":{"type":"Point","coordinates":[-70.654,-33.41947]},"properties":{"nombre":"Capilla del Antiguo Lazareto de San Vicente de Paul","region":"Metropolitana de Santiago","provincia":"Santiago","comuna":"Independencia","codigo_cmn":"00267_MH_13108","categoria":"Monumento Histórico","tipo_decreto":"Decreto Supremo","n_decreto":"73","fecha_decreto":"12-01-1981","decreto_url":"https://www.monumentos.gob.cl/sites/default/files/decretos/MH_00267_1981_D00073.PDF"}},{"type":"Feature","geometry":{"type":"Point","coordinates":[-70.6533,-33.42929]},"properties":{"nombre":"Iglesia y patios del Monasterio del Carmen de San Rafael","region":"Metropolitana de Santiago","provincia":"Santiago","comuna":"Independencia","codigo_cmn":"00341_MH_13108","categoria":"Monumento Histórico","tipo_decreto":"Decreto Supremo","n_decreto":"1412","fecha_decreto":"24-11-1983","decreto_url":"https://www.monumentos.gob.cl/sites/default/files/decretos/MH_00341_1983_D01412.PDF"}},{"type":"Feature","geometry":{"type":"Point","coordinates":[-70.65487,-33.42412]},"properties":{"nombre":"Cervecería de Andrés Ebner","region":"Metropolitana de Santiago","provincia":"Santiago","comuna":"Independencia","codigo_cmn":"00383_MH_13108","categoria":"Monumento Histórico","tipo_decreto":"Decreto Supremo","n_decreto":"646","fecha_decreto":"26-10-1984","decreto_url":"https://www.monumentos.gob.cl/sites/default/files/decretos/MH_00383_1985_D00175.pdf"}},{"type":"Feature","geometry":{"type":"Point","coordinates":[-70.76554,-33.24242]},"properties":{"nombre":"Capilla Nuestra Señora del Trabajo","region":"Metropolitana de Santiago","provincia":"Chacabuco","comuna":"Lampa","codigo_cmn":"00760_MH_13302","categoria":"Monumento Histórico","tipo_decreto":"Decreto Exento","n_decreto":"218","fecha_decreto":"06-08-1999","decreto_url":"https://www.monumentos.gob.cl/sites/default/files/decretos/MH_00760_1999_D00218.PDF"}},{"type":"Feature","geometry":{"type":"Point","coordinates":[-70.56198,-33.40649]},"properties":{"nombre":"Casa  y Parque del Instituto Cultural de las Condes, ex Chacra el Rosario","region":"Metropolitana de Santiago","provincia":"Santiago","comuna":"Las Condes","codigo_cmn":"00268_MH_13114","categoria":"Monumento Histórico","tipo_decreto":"Decreto Supremo","n_decreto":"68","fecha_decreto":"12-01-1981","decreto_url":"https://www.monumentos.gob.cl/sites/default/files/decretos/MH_00268_1981_D00068.PDF"}},{"type":"Feature","geometry":{"type":"Point","coordinates":[-70.51361,-33.38411]},"properties":{"nombre":"Iglesia y conjunto de edificios del Monasterio Benedictino","region":"Metropolitana de Santiago","provincia":"Santiago","comuna":"Las Condes","codigo_cmn":"00283_MH_13114","categoria":"Monumento Histórico","tipo_decreto":"Decreto Supremo","n_decreto":"1661","fecha_decreto":"09-04-1981","decreto_url":"https://www.monumentos.gob.cl/sites/default/files/decretos/MH_00283_1981_D01661.PDF"}},{"type":"Feature","geometry":{"type":"Point","coordinates":[-70.51307,-33.38446]},"properties":{"nombre":"Iglesia y conjunto de edificios del Monasterio Benedictino","region":"Metropolitana de Santiago","provincia":"Santiago","comuna":"Las Condes","codigo_cmn":"00284_MH_13114","categoria":"Monumento Histórico","tipo_decreto":"Decreto Supremo","n_decreto":"1661","fecha_decreto":"09-04-1981","decreto_url":"https://www.monumentos.gob.cl/sites/default/files/decretos/MH_00283_1981_D01661.PDF"}},{"type":"Feature","geometry":{"type":"Point","coordinates":[-70.50485,-33.37583]},"properties":{"nombre":"Casona de Las Condes","region":"Metropolitana de Santiago","provincia":"Santiago","comuna":"Las Condes","codigo_cmn":"00313_MH_13114","categoria":"Monumento Histórico","tipo_decreto":"Decreto Supremo","n_decreto":"2156","fecha_decreto":"21-06-1982","decreto_url":"https://www.monumentos.gob.cl/sites/default/files/decretos/MH_00313_1982_D02156.PDF"}},{"type":"Feature","geometry":{"type":"Point","coordinates":[-70.54194,-33.40762]},"properties":{"nombre":"Iglesia de San Vicente Ferrer de Los Dominicos","region":"Metropolitana de Santiago","provincia":"Santiago","comuna":"Las Condes","codigo_cmn":"00339_MH_13114","categoria":"Monumento Histórico","tipo_decreto":"Decreto Supremo","n_decreto":"1296","fecha_decreto":"15-11-1983","decreto_url":"https://www.monumentos.gob.cl/sites/default/files/decretos/MH_00339_1983_D01296.PDF"}},{"type":"Feature","geometry":{"type":"Point","coordinates":[-71.2108,-33.68645]},"properties":{"nombre":"Iglesia y Claustro de San Agustín de Melipilla","region":"Metropolitana de Santiago","provincia":"Melipilla","comuna":"Melipilla","codigo_cmn":"00465_MH_13501","categoria":"Monumento Histórico","tipo_decreto":"Decreto Supremo","n_decreto":"283","fecha_decreto":"22-06-1988","decreto_url":"https://www.monumentos.gob.cl/sites/default/files/decretos/MH_00465_1988_D00283.PDF"}},{"type":"Feature","geometry":{"type":"Point","coordinates":[-71.21042,-33.68676]},"properties":{"nombre":"Iglesia y Claustro de San Agustín de Melipilla","region":"Metropolitana de Santiago","provincia":"Melipilla","comuna":"Melipilla","codigo_cmn":"00466_MH_13501","categoria":"Monumento Histórico","tipo_decreto":"Decreto Supremo","n_decreto":"283","fecha_decreto":"22-06-1988","decreto_url":"https://www.monumentos.gob.cl/sites/default/files/decretos/MH_00465_1988_D00283.PDF"}},{"type":"Feature","geometry":{"type":"Point","coordinates":[-70.58735,-33.45637]},"properties":{"nombre":"Casa de la Cultura de Ñuñoa (Palacio Ossa)","region":"Metropolitana de Santiago","provincia":"Santiago","comuna":"Ñuñoa","codigo_cmn":"00121_MH_13120","categoria":"Monumento Histórico","tipo_decreto":"Decreto Supremo","n_decreto":"723","fecha_decreto":"15-06-1973","decreto_url":"https://www.monumentos.gob.cl/sites/default/files/decretos/MH_00117_1973_D00723.PDF"}},{"type":"Feature","geometry":{"type":"Point","coordinates":[-70.95069,-33.84451]},"properties":{"nombre":"Casa Esquina del ex Fundo Rangue","region":"Metropolitana de Santiago","provincia":"Maipo","comuna":"Paine","codigo_cmn":"00802_MH_13404","categoria":"Monumento Histórico","tipo_decreto":"Decreto Exento","n_decreto":"189","fecha_decreto":"25-04-2001","decreto_url":"https://www.monumentos.gob.cl/sites/default/files/decretos/MH_00802_2001_D00189.PDF"}},{"type":"Feature","geometry":{"type":"Point","coordinates":[-70.67169,-33.77338]},"properties":{"nombre":"Iglesia del Tránsito de la Santísima Virgen María","region":"Metropolitana de Santiago","provincia":"Maipo","comuna":"Paine","codigo_cmn":"00651_MH_13404","categoria":"Monumento Histórico","tipo_decreto":"Decreto Exento","n_decreto":"77","fecha_decreto":"29-01-1996","decreto_url":"https://www.monumentos.gob.cl/sites/default/files/decretos/MH_00651_1996_D00077.PDF"}},{"type":"Feature","geometry":{"type":"Point","coordinates":[-70.66361,-33.48755]},"properties":{"nombre":"Casa patronal  ex chacra Ochagavía","region":"Metropolitana de Santiago","provincia":"Santiago","comuna":"Pedro Aguirre Cerda","codigo_cmn":"00632_MH_13121","categoria":"Monumento Histórico","tipo_decreto":"Decreto Exento","n_decreto":"367","fecha_decreto":"12-06-1995","decreto_url":"https://www.monumentos.gob.cl/sites/default/files/decretos/MH_00632_1995_D00367.PDF"}},{"type":"Feature","geometry":{"type":"Point","coordinates":[-70.52137,-33.46843]},"properties":{"nombre":"Casas y Parque de Peñalolén (Parque Arrieta)","region":"Metropolitana de Santiago","provincia":"Santiago","comuna":"Peñalolén","codigo_cmn":"00536_MH_13122","categoria":"Monumento Histórico","tipo_decreto":"Decreto Supremo","n_decreto":"330","fecha_decreto":"04-09-1991","decreto_url":"https://www.monumentos.gob.cl/sites/default/files/decretos/MH_00536_1991_D00330.PDF"}},{"type":"Feature","geometry":{"type":"Point","coordinates":[-70.57448,-33.63449]},"properties":{"nombre":"Casa y Parque del Llano de Pirque","region":"Metropolitana de Santiago","provincia":"Cordillera","comuna":"Pirque","codigo_cmn":"00065_MH_13202","categoria":"Monumento Histórico","tipo_decreto":"Decreto Supremo","n_decreto":"1749","fecha_decreto":"26-07-1971","decreto_url":"https://www.monumentos.gob.cl/sites/default/files/decretos/MH_00065_1971_D01749.PDF"}},{"type":"Feature","geometry":{"type":"Point","coordinates":[-70.61656,-33.42756]},"properties":{"nombre":"Iglesia Parroquial Nuestra Señora de La Divina Providencia con su casa parroquial y construcciones adyacentes","region":"Metropolitana de Santiago","provincia":"Santiago","comuna":"Providencia","codigo_cmn":"00150_MH_13123","categoria":"Monumento Histórico","tipo_decreto":"Decreto Supremo","n_decreto":"513","fecha_decreto":"13-06-1975","decreto_url":"https://www.monumentos.gob.cl/sites/default/files/decretos/MH_00149_1989_D00057.pdf"}},{"type":"Feature","geometry":{"type":"Point","coordinates":[-70.6063,-33.42048]},"properties":{"nombre":"Mural de Pedro Lira","region":"Metropolitana de Santiago","provincia":"Santiago","comuna":"Providencia","codigo_cmn":"00151_MH_13123","categoria":"Monumento Histórico","tipo_decreto":"Decreto Supremo","n_decreto":"513","fecha_decreto":"13-06-1975","decreto_url":"https://www.monumentos.gob.cl/sites/default/files/decretos/MH_00149_1975_D00513.PDF"}},{"type":"Feature","geometry":{"type":"Point","coordinates":[-70.57572,-33.59812]},"properties":{"nombre":"Bodega de vinos Ex-Viña San Carlos (bodega y parque)","region":"Metropolitana de Santiago","provincia":"Cordillera","comuna":"Puente Alto","codigo_cmn":"00645_MH_13201","categoria":"Monumento Histórico","tipo_decreto":"Decreto Exento","n_decreto":"534","fecha_decreto":"20-09-1995","decreto_url":"https://www.monumentos.gob.cl/sites/default/files/decretos/MH_00645_1995_D00534.PDF"}},{"type":"Feature","geometry":{"type":"Point","coordinates":[-70.6476,-33.43039]},"properties":{"nombre":"Iglesia y Convento de la Recoleta Franciscana","region":"Metropolitana de Santiago","provincia":"Santiago","comuna":"Recoleta","codigo_cmn":"00125_MH_13127","categoria":"Monumento Histórico","tipo_decreto":"Decreto Supremo","n_decreto":"935","fecha_decreto":"24-07-1973","decreto_url":"https://www.monumentos.gob.cl/sites/default/files/decretos/MH_00125_1973_D00935.PDF"}},{"type":"Feature","geometry":{"type":"Point","coordinates":[-70.64787,-33.43021]},"properties":{"nombre":"Iglesia y Convento de la Recoleta Franciscana","region":"Metropolitana de Santiago","provincia":"Santiago","comuna":"Recoleta","codigo_cmn":"00126_MH_13127","categoria":"Monumento Histórico","tipo_decreto":"Decreto Supremo","n_decreto":"935","fecha_decreto":"24-07-1973","decreto_url":"https://www.monumentos.gob.cl/sites/default/files/decretos/MH_00125_1973_D00935.PDF"}},{"type":"Feature","geometry":{"type":"Point","coordinates":[-70.64472,-33.4239]},"properties":{"nombre":"Iglesia y Convento Recoleta Dominica","region":"Metropolitana de Santiago","provincia":"Santiago","comuna":"Recoleta","codigo_cmn":"00138_MH_13127","categoria":"Monumento Histórico","tipo_decreto":"Decreto Supremo","n_decreto":"10","fecha_decreto":"07-01-1974","decreto_url":"https://www.monumentos.gob.cl/sites/default/files/decretos/MH_00138_1974_D00010.PDF"}},{"type":"Feature","geometry":{"type":"Point","coordinates":[-70.64474,-33.42462]},"properties":{"nombre":"Iglesia y Convento Recoleta Dominica","region":"Metropolitana de Santiago","provincia":"Santiago","comuna":"Recoleta","codigo_cmn":"00139_MH_13127","categoria":"Monumento Histórico","tipo_decreto":"Decreto Supremo","n_decreto":"10","fecha_decreto":"07-01-1974","decreto_url":"https://www.monumentos.gob.cl/sites/default/files/decretos/MH_00138_1974_D00010.PDF"}},{"type":"Feature","geometry":{"type":"Point","coordinates":[-70.64739,-33.43118]},"properties":{"nombre":"Casa del Pilar de Esquina","region":"Metropolitana de Santiago","provincia":"Santiago","comuna":"Recoleta","codigo_cmn":"00386_MH_13127","categoria":"Monumento Histórico","tipo_decreto":"Decreto Supremo","n_decreto":"646","fecha_decreto":"26-10-1984","decreto_url":"https://www.monumentos.gob.cl/sites/default/files/decretos/MH_00382_1984_D00646.PDF"}},{"type":"Feature","geometry":{"type":"Point","coordinates":[-70.64443,-33.41651]},"properties":{"nombre":"Plazoleta de piedras tacitas","region":"Metropolitana de Santiago","provincia":"Santiago","comuna":"Recoleta","codigo_cmn":"00559_MH_13127","categoria":"Monumento Histórico","tipo_decreto":"Decreto Supremo","n_decreto":"119","fecha_decreto":"11-03-1992","decreto_url":"https://www.monumentos.gob.cl/sites/default/files/decretos/MH_00192_1992_D00119.PDF"}},{"type":"Feature","geometry":{"type":"Point","coordinates":[-70.64177,-33.40216]},"properties":{"nombre":"Iglesia Quinta Bella","region":"Metropolitana de Santiago","provincia":"Santiago","comuna":"Recoleta","codigo_cmn":"00623_MH_13127","categoria":"Monumento Histórico","tipo_decreto":"Decreto Exento","n_decreto":"553","fecha_decreto":"15-11-1994","decreto_url":"https://www.monumentos.gob.cl/sites/default/files/decretos/MH_00623_1994_D00553.PDF"}},{"type":"Feature","geometry":{"type":"Point","coordinates":[-70.69803,-33.59525]},"properties":{"nombre":"Estación de Ferrocarriles de San Bernardo","region":"Metropolitana de Santiago","provincia":"Maipo","comuna":"San Bernardo","codigo_cmn":"00292_MH_13401","categoria":"Monumento Histórico","tipo_decreto":"Decreto Supremo","n_decreto":"6006","fecha_decreto":"10-09-1981","decreto_url":"https://www.monumentos.gob.cl/sites/default/files/decretos/MH_00291_1981_D06006.PDF"}},{"type":"Feature","geometry":{"type":"Point","coordinates":[-70.48662,-33.59228]},"properties":{"nombre":"Construcciones existentes a lo largo del trazado del Ferrocarril de Puente Alto a El Volcán","region":"Metropolitana de Santiago","provincia":"Cordillera","comuna":"San José de Maipo","codigo_cmn":"00541_MH_13203","categoria":"Monumento Histórico","tipo_decreto":"Decreto Supremo","n_decreto":"423","fecha_decreto":"05-11-1991","decreto_url":"https://www.monumentos.gob.cl/sites/default/files/decretos/MH_00541_1991_D00423.PDF"}},{"type":"Feature","geometry":{"type":"Point","coordinates":[-70.45032,-33.5771]},"properties":{"nombre":"Construcciones existentes a lo largo del trazado del Ferrocarril de Puente Alto a El Volcán","region":"Metropolitana de Santiago","provincia":"Cordillera","comuna":"San José de Maipo","codigo_cmn":"00542_MH_13203","categoria":"Monumento Histórico","tipo_decreto":"Decreto Supremo","n_decreto":"423","fecha_decreto":"05-11-1991","decreto_url":"https://www.monumentos.gob.cl/sites/default/files/decretos/MH_00541_1991_D00423.PDF"}},{"type":"Feature","geometry":{"type":"Point","coordinates":[-70.39228,-33.58679]},"properties":{"nombre":"Construcciones existentes a lo largo del trazado del Ferrocarril de Puente Alto a El Volcán","region":"Metropolitana de Santiago","provincia":"Cordillera","comuna":"San José de Maipo","codigo_cmn":"00543_MH_13203","categoria":"Monumento Histórico","tipo_decreto":"Decreto Supremo","n_decreto":"423","fecha_decreto":"05-11-1991","decreto_url":"https://www.monumentos.gob.cl/sites/default/files/decretos/MH_00541_1991_D00423.PDF"}},{"type":"Feature","geometry":{"type":"Point","coordinates":[-70.35313,-33.63521]},"properties":{"nombre":"Construcciones existentes a lo largo del trazado del Ferrocarril de Puente Alto a El Volcán","region":"Metropolitana de Santiago","provincia":"Cordillera","comuna":"San José de Maipo","codigo_cmn":"00544_MH_13203","categoria":"Monumento Histórico","tipo_decreto":"Decreto Supremo","n_decreto":"423","fecha_decreto":"05-11-1991","decreto_url":"https://www.monumentos.gob.cl/sites/default/files/decretos/MH_00541_1991_D00423.PDF"}},{"type":"Feature","geometry":{"type":"Point","coordinates":[-70.33593,-33.6933]},"properties":{"nombre":"Construcciones existentes a lo largo del trazado del Ferrocarril de Puente Alto a El Volcán","region":"Metropolitana de Santiago","provincia":"Cordillera","comuna":"San José de Maipo","codigo_cmn":"00545_MH_13203","categoria":"Monumento Histórico","tipo_decreto":"Decreto Supremo","n_decreto":"423","fecha_decreto":"05-11-1991","decreto_url":"https://www.monumentos.gob.cl/sites/default/files/decretos/MH_00541_1991_D00423.PDF"}},{"type":"Feature","geometry":{"type":"Point","coordinates":[-70.31793,-33.73199]},"properties":{"nombre":"Construcciones existentes a lo largo del trazado del Ferrocarril de Puente Alto a El Volcán","region":"Metropolitana de Santiago","provincia":"Cordillera","comuna":"San José de Maipo","codigo_cmn":"00546_MH_13203","categoria":"Monumento Histórico","tipo_decreto":"Decreto Supremo","n_decreto":"423","fecha_decreto":"05-11-1991","decreto_url":"https://www.monumentos.gob.cl/sites/default/files/decretos/MH_00541_1991_D00423.PDF"}},{"type":"Feature","geometry":{"type":"Point","coordinates":[-70.22068,-33.79332]},"properties":{"nombre":"Construcciones existentes a lo largo del trazado del Ferrocarril de Puente Alto a El Volcán","region":"Metropolitana de Santiago","provincia":"Cordillera","comuna":"San José de Maipo","codigo_cmn":"00547_MH_13203","categoria":"Monumento Histórico","tipo_decreto":"Decreto Supremo","n_decreto":"423","fecha_decreto":"05-11-1991","decreto_url":"https://www.monumentos.gob.cl/sites/default/files/decretos/MH_00541_1991_D00423.PDF"}},{"type":"Feature","geometry":{"type":"Point","coordinates":[-70.28213,-33.74383]},"properties":{"nombre":"Construcciones existentes a lo largo del trazado del Ferrocarril de Puente Alto a El Volcán","region":"Metropolitana de Santiago","provincia":"Cordillera","comuna":"San José de Maipo","codigo_cmn":"00548_MH_13203","categoria":"Monumento Histórico","tipo_decreto":"Decreto Supremo","n_decreto":"423","fecha_decreto":"05-11-1991","decreto_url":"https://www.monumentos.gob.cl/sites/default/files/decretos/MH_00541_1991_D00423.PDF"}},{"type":"Feature","geometry":{"type":"Point","coordinates":[-70.3732,-33.59531]},"properties":{"nombre":"Construcciones existentes a lo largo del trazado del Ferrocarril de Puente Alto a El Volcán","region":"Metropolitana de Santiago","provincia":"Cordillera","comuna":"San José de Maipo","codigo_cmn":"00549_MH_13203","categoria":"Monumento Histórico","tipo_decreto":"Decreto Supremo","n_decreto":"423","fecha_decreto":"05-11-1991","decreto_url":"https://www.monumentos.gob.cl/sites/default/files/decretos/MH_00541_1991_D00423.PDF"}},{"type":"Feature","geometry":{"type":"Point","coordinates":[-70.33605,-33.69217]},"properties":{"nombre":"Construcciones existentes a lo largo del trazado del Ferrocarril de Puente Alto a El Volcán","region":"Metropolitana de Santiago","provincia":"Cordillera","comuna":"San José de Maipo","codigo_cmn":"00550_MH_13203","categoria":"Monumento Histórico","tipo_decreto":"Decreto Supremo","n_decreto":"423","fecha_decreto":"05-11-1991","decreto_url":"https://www.monumentos.gob.cl/sites/default/files/decretos/MH_00541_1991_D00423.PDF"}},{"type":"Feature","geometry":{"type":"Point","coordinates":[-70.2888,-33.74299]},"properties":{"nombre":"Construcciones existentes a lo largo del trazado del Ferrocarril de Puente Alto a El Volcán","region":"Metropolitana de Santiago","provincia":"Cordillera","comuna":"San José de Maipo","codigo_cmn":"00551_MH_13203","categoria":"Monumento Histórico","tipo_decreto":"Decreto Supremo","n_decreto":"423","fecha_decreto":"05-11-1991","decreto_url":"https://www.monumentos.gob.cl/sites/default/files/decretos/MH_00541_1991_D00423.PDF"}},{"type":"Feature","geometry":{"type":"Point","coordinates":[-70.24,-33.7825]},"properties":{"nombre":"Construcciones existentes a lo largo del trazado del Ferrocarril de Puente Alto a El Volcán","region":"Metropolitana de Santiago","provincia":"Cordillera","comuna":"San José de Maipo","codigo_cmn":"00552_MH_13203","categoria":"Monumento Histórico","tipo_decreto":"Decreto Supremo","n_decreto":"423","fecha_decreto":"05-11-1991","decreto_url":"https://www.monumentos.gob.cl/sites/default/files/decretos/MH_00541_1991_D00423.PDF"}},{"type":"Feature","geometry":{"type":"Point","coordinates":[-70.35238,-33.63988]},"properties":{"nombre":"Iglesia de San José de Maipo y su casa parroquial","region":"Metropolitana de Santiago","provincia":"Cordillera","comuna":"San José de Maipo","codigo_cmn":"00574_MH_13203","categoria":"Monumento Histórico","tipo_decreto":"Decreto Supremo","n_decreto":"309","fecha_decreto":"15-06-1992","decreto_url":"https://www.monumentos.gob.cl/sites/default/files/decretos/MH_00574_1992_D00309.PDF"}},{"type":"Feature","geometry":{"type":"Point","coordinates":[-70.35243,-33.6396]},"properties":{"nombre":"Iglesia de San José de Maipo y su casa parroquial","region":"Metropolitana de Santiago","provincia":"Cordillera","comuna":"San José de Maipo","codigo_cmn":"00575_MH_13203","categoria":"Monumento Histórico","tipo_decreto":"Decreto Supremo","n_decreto":"309","fecha_decreto":"15-06-1992","decreto_url":"https://www.monumentos.gob.cl/sites/default/files/decretos/MH_00574_1992_D00309.PDF"}},{"type":"Feature","geometry":{"type":"Point","coordinates":[-70.39009,-33.58742]},"properties":{"nombre":"Capilla y Casa del Ex Fundo El Manzano","region":"Metropolitana de Santiago","provincia":"Cordillera","comuna":"San José de Maipo","codigo_cmn":"00659_MH_13203","categoria":"Monumento Histórico","tipo_decreto":"Decreto Exento","n_decreto":"364","fecha_decreto":"03-07-1996","decreto_url":"https://www.monumentos.gob.cl/sites/default/files/decretos/MH_00659_1996_D00364.PDF"}},{"type":"Feature","geometry":{"type":"Point","coordinates":[-70.38985,-33.58732]},"properties":{"nombre":"Capilla y Casa del Ex Fundo El Manzano","region":"Metropolitana de Santiago","provincia":"Cordillera","comuna":"San José de Maipo","codigo_cmn":"00660_MH_13203","categoria":"Monumento Histórico","tipo_decreto":"Decreto Exento","n_decreto":"364","fecha_decreto":"03-07-1996","decreto_url":"https://www.monumentos.gob.cl/sites/default/files/decretos/MH_00659_1996_D00364.PDF"}},{"type":"Feature","geometry":{"type":"Point","coordinates":[-70.64758,-33.44387]},"properties":{"nombre":"Iglesia y Convento de San Francisco","region":"Metropolitana de Santiago","provincia":"Santiago","comuna":"Santiago","codigo_cmn":"00030_MH_13101","categoria":"Monumento Histórico","tipo_decreto":"Decreto Supremo","n_decreto":"5058","fecha_decreto":"06-07-1951","decreto_url":"https://www.monumentos.gob.cl/sites/default/files/decretos/d_14_del_20.01.2017_limites_mh_iglesia_y_convento_san_francisco.pdf"}},{"type":"Feature","geometry":{"type":"Point","coordinates":[-70.6507,-33.43703]},"properties":{"nombre":"Palacio de la Real Audiencia y Cajas Reales","region":"Metropolitana de Santiago","provincia":"Santiago","comuna":"Santiago","codigo_cmn":"00059_MH_13101","categoria":"Monumento Histórico","tipo_decreto":"Decreto Supremo","n_decreto":"12392","fecha_decreto":"01-12-1969","decreto_url":"https://www.monumentos.gob.cl/sites/default/files/decretos/MH_00058_1969_D12392.PDF"}},{"type":"Feature","geometry":{"type":"Point","coordinates":[-70.65861,-33.43783]},"properties":{"nombre":"Iglesia Santa Ana","region":"Metropolitana de Santiago","provincia":"Santiago","comuna":"Santiago","codigo_cmn":"00062_MH_13101","categoria":"Monumento Histórico","tipo_decreto":"Decreto Supremo","n_decreto":"3861","fecha_decreto":"29-10-1970","decreto_url":"https://www.monumentos.gob.cl/sites/default/files/decretos/MH_00065_1971_D01749.PDF"}},{"type":"Feature","geometry":{"type":"Point","coordinates":[-70.64813,-33.43456]},"properties":{"nombre":"Posada del Corregidor","region":"Metropolitana de Santiago","provincia":"Santiago","comuna":"Santiago","codigo_cmn":"00063_MH_13101","categoria":"Monumento Histórico","tipo_decreto":"Decreto Supremo","n_decreto":"3861","fecha_decreto":"29-10-1970","decreto_url":"https://www.monumentos.gob.cl/sites/default/files/decretos/MH_00065_1971_D01749.PDF"}},{"type":"Feature","geometry":{"type":"Point","coordinates":[-70.64715,-33.44006]},"properties":{"nombre":"Conjunto de tres propiedades que dan a la Plazoleta Patricio Mekis (casa Josefina Subercaseaux)","region":"Metropolitana de Santiago","provincia":"Santiago","comuna":"Santiago","codigo_cmn":"00109_MH_13101","categoria":"Monumento Histórico","tipo_decreto":"Decreto Supremo","n_decreto":"159","fecha_decreto":"06-02-1973","decreto_url":"https://www.monumentos.gob.cl/sites/default/files/decretos/MH_00109_1973_D00159.PDF"}},{"type":"Feature","geometry":{"type":"Point","coordinates":[-70.64731,-33.44008]},"properties":{"nombre":"Conjunto de tres propiedades que dan a la Plazoleta Patricio Mekis (casa Don Francisco Subercaseaux)","region":"Metropolitana de Santiago","provincia":"Santiago","comuna":"Santiago","codigo_cmn":"00110_MH_13101","categoria":"Monumento Histórico","tipo_decreto":"Decreto Supremo","n_decreto":"159","fecha_decreto":"06-02-1973","decreto_url":"https://www.monumentos.gob.cl/sites/default/files/decretos/MH_00109_1973_D00159.PDF"}},{"type":"Feature","geometry":{"type":"Point","coordinates":[-70.64747,-33.4401]},"properties":{"nombre":"Conjunto de tres propiedades que dan a la Plazoleta Patricio Mekis (casa Julio Subercaseaux)","region":"Metropolitana de Santiago","provincia":"Santiago","comuna":"Santiago","codigo_cmn":"00111_MH_13101","categoria":"Monumento Histórico","tipo_decreto":"Decreto Supremo","n_decreto":"159","fecha_decreto":"06-02-1973","decreto_url":"https://www.monumentos.gob.cl/sites/default/files/decretos/MH_00109_1973_D00159.PDF"}},{"type":"Feature","geometry":{"type":"Point","coordinates":[-70.64747,-33.44041]},"properties":{"nombre":"Plazoleta Patricio Mekis y conjunto de elementos y espacios arquitectónicos que enfrentan dichos inmuebles","region":"Metropolitana de Santiago","provincia":"Santiago","comuna":"Santiago","codigo_cmn":"00112_MH_13101","categoria":"Monumento Histórico","tipo_decreto":"Decreto Supremo","n_decreto":"159","fecha_decreto":"06-02-1973","decreto_url":"https://www.monumentos.gob.cl/sites/default/files/decretos/MH_00109_1973_D00159.PDF"}},{"type":"Feature","geometry":{"type":"Point","coordinates":[-70.6473,-33.44044]},"properties":{"nombre":"Plazoleta Patricio Mekis y conjunto de elementos y espacios arquitectónicos que enfrentan dichos inmuebles","region":"Metropolitana de Santiago","provincia":"Santiago","comuna":"Santiago","codigo_cmn":"00113_MH_13101","categoria":"Monumento Histórico","tipo_decreto":"Decreto Supremo","n_decreto":"159","fecha_decreto":"06-02-1973","decreto_url":"https://www.monumentos.gob.cl/sites/default/files/decretos/MH_00109_1973_D00159.PDF"}},{"type":"Feature","geometry":{"type":"Point","coordinates":[-70.6475,-33.44036]},"properties":{"nombre":"Plazoleta Patricio Mekis y conjunto de elementos y espacios arquitectónicos que enfrentan dichos inmuebles","region":"Metropolitana de Santiago","provincia":"Santiago","comuna":"Santiago","codigo_cmn":"00114_MH_13101","categoria":"Monumento Histórico","tipo_decreto":"Decreto Supremo","n_decreto":"159","fecha_decreto":"06-02-1973","decreto_url":"https://www.monumentos.gob.cl/sites/default/files/decretos/MH_00109_1973_D00159.PDF"}},{"type":"Feature","geometry":{"type":"Point","coordinates":[-70.64738,-33.44034]},"properties":{"nombre":"Plazoleta Patricio Mekis y conjunto de elementos y espacios arquitectónicos que enfrentan dichos inmuebles","region":"Metropolitana de Santiago","provincia":"Santiago","comuna":"Santiago","codigo_cmn":"00115_MH_13101","categoria":"Monumento Histórico","tipo_decreto":"Decreto Supremo","n_decreto":"159","fecha_decreto":"06-02-1973","decreto_url":"https://www.monumentos.gob.cl/sites/default/files/decretos/MH_00109_1973_D00159.PDF"}},{"type":"Feature","geometry":{"type":"Point","coordinates":[-70.65599,-33.43929]},"properties":{"nombre":"Palacio de La Alhambra","region":"Metropolitana de Santiago","provincia":"Santiago","comuna":"Santiago","codigo_cmn":"00122_MH_13101","categoria":"Monumento Histórico","tipo_decreto":"Decreto Supremo","n_decreto":"723","fecha_decreto":"15-06-1973","decreto_url":"https://www.monumentos.gob.cl/sites/default/files/decretos/MH_00117_1973_D00723.PDF"}},{"type":"Feature","geometry":{"type":"Point","coordinates":[-70.6475,-33.44113]},"properties":{"nombre":"Teatro Municipal de Santiago","region":"Metropolitana de Santiago","provincia":"Santiago","comuna":"Santiago","codigo_cmn":"00143_MH_13101","categoria":"Monumento Histórico","tipo_decreto":"Decreto Supremo","n_decreto":"808","fecha_decreto":"09-08-1974","decreto_url":"https://www.monumentos.gob.cl/sites/default/files/decretos/MH_00142_1974_D00808.PDF"}},{"type":"Feature","geometry":{"type":"Point","coordinates":[-70.65817,-33.44024]},"properties":{"nombre":"Palacio Pereira","region":"Metropolitana de Santiago","provincia":"Santiago","comuna":"Santiago","codigo_cmn":"00145_MH_13101","categoria":"Monumento Histórico","tipo_decreto":"Decreto Supremo","n_decreto":"1185","fecha_decreto":"26-11-1974","decreto_url":"https://www.monumentos.gob.cl/sites/default/files/decretos/MH_00145_1981_D05746.PDF"}},{"type":"Feature","geometry":{"type":"Point","coordinates":[-70.65301,-33.44234]},"properties":{"nombre":"Intendencia de Santiago (Ex edificio del Diario Ilustrado)","region":"Metropolitana de Santiago","provincia":"Santiago","comuna":"Santiago","codigo_cmn":"00189_MH_13101","categoria":"Monumento Histórico","tipo_decreto":"Decreto Supremo","n_decreto":"1290","fecha_decreto":"30-12-1976","decreto_url":"https://www.monumentos.gob.cl/sites/default/files/decretos/MH_00186_1976_D01290.PDF"}},{"type":"Feature","geometry":{"type":"Point","coordinates":[-70.65041,-33.43705]},"properties":{"nombre":"Municipalidad de Santiago (Edificio Consistorial Santiago)","region":"Metropolitana de Santiago","provincia":"Santiago","comuna":"Santiago","codigo_cmn":"00191_MH_13101","categoria":"Monumento Histórico","tipo_decreto":"Decreto Supremo","n_decreto":"1290","fecha_decreto":"30-12-1976","decreto_url":"https://www.monumentos.gob.cl/sites/default/files/decretos/MH_00186_1976_D01290.PDF"}},{"type":"Feature","geometry":{"type":"Point","coordinates":[-70.64654,-33.43822]},"properties":{"nombre":"Iglesia de La Merced y parte del Convento","region":"Metropolitana de Santiago","provincia":"Santiago","comuna":"Santiago","codigo_cmn":"00200_MH_13101","categoria":"Monumento Histórico","tipo_decreto":"Decreto Supremo","n_decreto":"804","fecha_decreto":"26-10-1977","decreto_url":"https://www.monumentos.gob.cl/sites/default/files/decretos/MH_00200_1977_D00804.PDF"}},{"type":"Feature","geometry":{"type":"Point","coordinates":[-70.64677,-33.4385]},"properties":{"nombre":"Iglesia de La Merced y parte del Convento","region":"Metropolitana de Santiago","provincia":"Santiago","comuna":"Santiago","codigo_cmn":"00201_MH_13101","categoria":"Monumento Histórico","tipo_decreto":"Decreto Supremo","n_decreto":"804","fecha_decreto":"26-10-1977","decreto_url":"https://www.monumentos.gob.cl/sites/default/files/decretos/MH_00200_1977_D00804.PDF"}},{"type":"Feature","geometry":{"type":"Point","coordinates":[-70.64305,-33.4493]},"properties":{"nombre":"Iglesia de San Isidro Labrador","region":"Metropolitana de Santiago","provincia":"Santiago","comuna":"Santiago","codigo_cmn":"00212_MH_13101","categoria":"Monumento Histórico","tipo_decreto":"Decreto Supremo","n_decreto":"933","fecha_decreto":"24-11-1977","decreto_url":"https://www.monumentos.gob.cl/sites/default/files/decretos/MH_00209_1977_D00933.PDF"}},{"type":"Feature","geometry":{"type":"Point","coordinates":[-70.65133,-33.44221]},"properties":{"nombre":"Iglesia de Las Agustinas","region":"Metropolitana de Santiago","provincia":"Santiago","comuna":"Santiago","codigo_cmn":"00213_MH_13101","categoria":"Monumento Histórico","tipo_decreto":"Decreto Supremo","n_decreto":"933","fecha_decreto":"24-11-1977","decreto_url":"https://www.monumentos.gob.cl/sites/default/files/decretos/MH_00209_1977_D00933.PDF"}},{"type":"Feature","geometry":{"type":"Point","coordinates":[-70.66179,-33.44136]},"properties":{"nombre":"Basílica de El Salvador","region":"Metropolitana de Santiago","provincia":"Santiago","comuna":"Santiago","codigo_cmn":"00214_MH_13101","categoria":"Monumento Histórico","tipo_decreto":"Decreto Supremo","n_decreto":"933","fecha_decreto":"24-11-1977","decreto_url":"https://www.monumentos.gob.cl/sites/default/files/decretos/MH_00209_1977_D00933.PDF"}},{"type":"Feature","geometry":{"type":"Point","coordinates":[-70.65665,-33.45223]},"properties":{"nombre":"Palacio Cousiño y Jardines","region":"Metropolitana de Santiago","provincia":"Santiago","comuna":"Santiago","codigo_cmn":"00269_MH_13101","categoria":"Monumento Histórico","tipo_decreto":"Decreto Supremo","n_decreto":"76","fecha_decreto":"12-01-1981","decreto_url":"https://www.monumentos.gob.cl/sites/default/files/decretos/MH_00269_1981_D00076.PDF"}},{"type":"Feature","geometry":{"type":"Point","coordinates":[-70.64908,-33.44087]},"properties":{"nombre":"Iglesia de San Agustín","region":"Metropolitana de Santiago","provincia":"Santiago","comuna":"Santiago","codigo_cmn":"00270_MH_13101","categoria":"Monumento Histórico","tipo_decreto":"Decreto Supremo","n_decreto":"76","fecha_decreto":"12-01-1981","decreto_url":"https://www.monumentos.gob.cl/sites/default/files/decretos/MH_00269_1981_D00076.PDF"}},{"type":"Feature","geometry":{"type":"Point","coordinates":[-70.65162,-33.44214]},"properties":{"nombre":"Edificio del Banco de Santiago (ex Hotel Mundial)","region":"Metropolitana de Santiago","provincia":"Santiago","comuna":"Santiago","codigo_cmn":"00290_MH_13101","categoria":"Monumento Histórico","tipo_decreto":"Decreto Supremo","n_decreto":"3705","fecha_decreto":"30-06-1981","decreto_url":"https://www.monumentos.gob.cl/sites/default/files/decretos/MH_00288_1981_D03705.PDF"}},{"type":"Feature","geometry":{"type":"Point","coordinates":[-70.64131,-33.43874]},"properties":{"nombre":"Iglesia de la Veracruz y casas contiguas a ambos lados de la iglesia","region":"Metropolitana de Santiago","provincia":"Santiago","comuna":"Santiago","codigo_cmn":"00331_MH_13101","categoria":"Monumento Histórico","tipo_decreto":"Decreto Supremo","n_decreto":"616","fecha_decreto":"29-06-1983","decreto_url":"https://www.monumentos.gob.cl/sites/default/files/decretos/MH_00331_1983_D00616.PDF"}},{"type":"Feature","geometry":{"type":"Point","coordinates":[-70.64122,-33.43865]},"properties":{"nombre":"Iglesia de la Veracruz y casas contiguas a ambos lados de la iglesia","region":"Metropolitana de Santiago","provincia":"Santiago","comuna":"Santiago","codigo_cmn":"00332_MH_13101","categoria":"Monumento Histórico","tipo_decreto":"Decreto Supremo","n_decreto":"616","fecha_decreto":"29-06-1983","decreto_url":"https://www.monumentos.gob.cl/sites/default/files/decretos/MH_00331_1983_D00616.PDF"}},{"type":"Feature","geometry":{"type":"Point","coordinates":[-70.64131,-33.43891]},"properties":{"nombre":"Iglesia de la Veracruz y casas contiguas a ambos lados de la iglesia","region":"Metropolitana de Santiago","provincia":"Santiago","comuna":"Santiago","codigo_cmn":"00333_MH_13101","categoria":"Monumento Histórico","tipo_decreto":"Decreto Supremo","n_decreto":"616","fecha_decreto":"29-06-1983","decreto_url":"https://www.monumentos.gob.cl/sites/default/files/decretos/MH_00331_1983_D00616.PDF"}},{"type":"Feature","geometry":{"type":"Point","coordinates":[-70.65723,-33.44495]},"properties":{"nombre":"Ex Casa Rivas, conocida también como la antigua Ferretería Montero","region":"Metropolitana de Santiago","provincia":"Santiago","comuna":"Santiago","codigo_cmn":"00334_MH_13101","categoria":"Monumento Histórico","tipo_decreto":"Decreto Supremo","n_decreto":"662","fecha_decreto":"11-07-1983","decreto_url":"https://www.monumentos.gob.cl/sites/default/files/decretos/MH_00334_1992_D00779.pdf"}},{"type":"Feature","geometry":{"type":"Point","coordinates":[-70.64338,-33.43933]},"properties":{"nombre":"Cerro Santa Lucía","region":"Metropolitana de Santiago","provincia":"Santiago","comuna":"Santiago","codigo_cmn":"00372_MH_13101","categoria":"Monumento Histórico","tipo_decreto":"Decreto Supremo","n_decreto":"1636","fecha_decreto":"16-12-1983","decreto_url":"https://www.monumentos.gob.cl/sites/default/files/decretos/MH_00372_1983_D01636.PDF"}},{"type":"Feature","geometry":{"type":"Point","coordinates":[-70.63855,-33.45773]},"properties":{"nombre":"Iglesia del Santísimo Sacramento","region":"Metropolitana de Santiago","provincia":"Santiago","comuna":"Santiago","codigo_cmn":"00412_MH_13101","categoria":"Monumento Histórico","tipo_decreto":"Decreto Supremo","n_decreto":"132","fecha_decreto":"03-04-1986","decreto_url":"https://www.monumentos.gob.cl/sites/default/files/decretos/MH_00412_1986_D00132.pdf"}},{"type":"Feature","geometry":{"type":"Point","coordinates":[-70.6516,-33.4327]},"properties":{"nombre":"Restos del Puente Cal y Canto","region":"Metropolitana de Santiago","provincia":"Santiago","comuna":"Santiago","codigo_cmn":"00413_MH_13101","categoria":"Monumento Histórico","tipo_decreto":"Decreto Supremo","n_decreto":"137","fecha_decreto":"09-04-1986","decreto_url":"https://www.monumentos.gob.cl/sites/default/files/decretos/MH_00413_1986_D00137.pdf"}},{"type":"Feature","geometry":{"type":"Point","coordinates":[-70.6511,-33.45548]},"properties":{"nombre":"Basílica Corazón de María","region":"Metropolitana de Santiago","provincia":"Santiago","comuna":"Santiago","codigo_cmn":"00430_MH_13101","categoria":"Monumento Histórico","tipo_decreto":"Decreto Supremo","n_decreto":"22","fecha_decreto":"14-01-1987","decreto_url":"https://www.monumentos.gob.cl/sites/default/files/decretos/MH_00430_1987_D00022.PDF"}},{"type":"Feature","geometry":{"type":"Point","coordinates":[-70.66585,-33.44695]},"properties":{"nombre":"Teatro Carrera","region":"Metropolitana de Santiago","provincia":"Santiago","comuna":"Santiago","codigo_cmn":"00476_MH_13101","categoria":"Monumento Histórico","tipo_decreto":"Decreto Supremo","n_decreto":"487","fecha_decreto":"29-09-1989","decreto_url":"https://www.monumentos.gob.cl/sites/default/files/decretos/MH_00476_1989_D00487.PDF"}},{"type":"Feature","geometry":{"type":"Point","coordinates":[-70.65621,-33.45704]},"properties":{"nombre":"Antigua  Escuela Militar","region":"Metropolitana de Santiago","provincia":"Santiago","comuna":"Santiago","codigo_cmn":"00515_MH_13101","categoria":"Monumento Histórico","tipo_decreto":"Decreto Supremo","n_decreto":"722","fecha_decreto":"25-10-1990","decreto_url":"https://www.monumentos.gob.cl/sites/default/files/decretos/MH_00515_1990_D00722.PDF"}},{"type":"Feature","geometry":{"type":"Point","coordinates":[-70.6492,-33.45143]},"properties":{"nombre":"Basílica Los Sacramentinos","region":"Metropolitana de Santiago","provincia":"Santiago","comuna":"Santiago","codigo_cmn":"00540_MH_13101","categoria":"Monumento Histórico","tipo_decreto":"Decreto Supremo","n_decreto":"408","fecha_decreto":"29-10-1991","decreto_url":"https://www.monumentos.gob.cl/sites/default/files/decretos/MH_00540_1991_D00408.PDF"}},{"type":"Feature","geometry":{"type":"Point","coordinates":[-70.66077,-33.45219]},"properties":{"nombre":"Iglesia de San Lázaro","region":"Metropolitana de Santiago","provincia":"Santiago","comuna":"Santiago","codigo_cmn":"00556_MH_13101","categoria":"Monumento Histórico","tipo_decreto":"Decreto Supremo","n_decreto":"21","fecha_decreto":"16-01-1992","decreto_url":"https://www.monumentos.gob.cl/sites/default/files/decretos/MH_00556_1992_D00021.PDF"}},{"type":"Feature","geometry":{"type":"Point","coordinates":[-70.65691,-33.439]},"properties":{"nombre":"Palacio Matte","region":"Metropolitana de Santiago","provincia":"Santiago","comuna":"Santiago","codigo_cmn":"00624_MH_13101","categoria":"Monumento Histórico","tipo_decreto":"Decreto Exento","n_decreto":"329","fecha_decreto":"25-05-1995","decreto_url":"https://www.monumentos.gob.cl/sites/default/files/decretos/MH_00624_1995_D00329.PDF"}},{"type":"Feature","geometry":{"type":"Point","coordinates":[-70.63923,-33.43724]},"properties":{"nombre":"Palacio Bruna","region":"Metropolitana de Santiago","provincia":"Santiago","comuna":"Santiago","codigo_cmn":"00640_MH_13101","categoria":"Monumento Histórico","tipo_decreto":"Decreto Exento","n_decreto":"481","fecha_decreto":"16-08-1995","decreto_url":"https://www.monumentos.gob.cl/sites/default/files/decretos/MH_00640_1996_D00603.pdf"}},{"type":"Feature","geometry":{"type":"Point","coordinates":[-70.64549,-33.44617]},"properties":{"nombre":"Casa de Los Diez","region":"Metropolitana de Santiago","provincia":"Santiago","comuna":"Santiago","codigo_cmn":"00681_MH_13101","categoria":"Monumento Histórico","tipo_decreto":"Decreto Exento","n_decreto":"976","fecha_decreto":"26-09-1997","decreto_url":"https://www.monumentos.gob.cl/sites/default/files/decretos/MH_00681_1997_D00976.PDF"}},{"type":"Feature","geometry":{"type":"Point","coordinates":[-70.82329,-33.70411]},"properties":{"nombre":"Hornos de Lonquén","region":"Metropolitana de Santiago","provincia":"Talagante","comuna":"Talagante","codigo_cmn":"00649_MH_13601","categoria":"Monumento Histórico","tipo_decreto":"Decreto Exento","n_decreto":"24","fecha_decreto":"19-01-1996","decreto_url":"https://www.monumentos.gob.cl/sites/default/files/decretos/MH_00649_1996_D00024.PDF"}},{"type":"Feature","geometry":{"type":"Point","coordinates":[-70.91842,-33.09018]},"properties":{"nombre":"Iglesia de Tiltil","region":"Metropolitana de Santiago","provincia":"Chacabuco","comuna":"Tiltil","codigo_cmn":"00152_MH_13303","categoria":"Monumento Histórico","tipo_decreto":"Decreto Supremo","n_decreto":"513","fecha_decreto":"13-06-1975","decreto_url":"https://www.monumentos.gob.cl/sites/default/files/decretos/MH_00149_1975_D00513.PDF"}},{"type":"Feature","geometry":{"type":"Point","coordinates":[-70.8889,-33.1508]},"properties":{"nombre":"Casas Patronales de la Ex-Hacienda Polpaico","region":"Metropolitana de Santiago","provincia":"Chacabuco","comuna":"Tiltil","codigo_cmn":"00477_MH_13303","categoria":"Monumento Histórico","tipo_decreto":"Decreto Supremo","n_decreto":"491","fecha_decreto":"29-09-1989","decreto_url":"https://www.monumentos.gob.cl/sites/default/files/decretos/MH_00477_1989_D00491.PDF"}},{"type":"Feature","geometry":{"type":"Point","coordinates":[-70.55392,-33.38257]},"properties":{"nombre":"Casas de La Chacra Manquehue (Lo Gallo)","region":"Metropolitana de Santiago","provincia":"Santiago","comuna":"Vitacura","codigo_cmn":"00295_MH_13132","categoria":"Monumento Histórico","tipo_decreto":"Decreto Supremo","n_decreto":"6006","fecha_decreto":"10-09-1981","decreto_url":"https://www.monumentos.gob.cl/sites/default/files/decretos/MH_00295_1984_D00527.pdf"}},{"type":"Feature","geometry":{"type":"Point","coordinates":[-70.54435,-33.38784]},"properties":{"nombre":"Casa de Lo Matta","region":"Metropolitana de Santiago","provincia":"Santiago","comuna":"Vitacura","codigo_cmn":"00373_MH_13132","categoria":"Monumento Histórico","tipo_decreto":"Decreto Supremo","n_decreto":"261","fecha_decreto":"04-05-1984","decreto_url":"https://www.monumentos.gob.cl/sites/default/files/decretos/MH_00373_1984_D00261.PDF"}},{"type":"Feature","geometry":{"type":"Point","coordinates":[-70.6937,-33.60719]},"properties":{"nombre":"Edificios de la Maestranza San Bernardo","region":"Metropolitana de Santiago","provincia":"Maipo","comuna":"San Bernardo","codigo_cmn":"01223_MH_13401","categoria":"Monumento Histórico","tipo_decreto":"Decreto","n_decreto":"46","fecha_decreto":"19-01-2010","decreto_url":"https://www.monumentos.gob.cl/sites/default/files/decretos/MH_01222_2010_D00046.PDF"}},{"type":"Feature","geometry":{"type":"Point","coordinates":[-70.69298,-33.60726]},"properties":{"nombre":"Edificios de la Maestranza San Bernardo","region":"Metropolitana de Santiago","provincia":"Maipo","comuna":"San Bernardo","codigo_cmn":"01224_MH_13401","categoria":"Monumento Histórico","tipo_decreto":"Decreto","n_decreto":"46","fecha_decreto":"19-01-2010","decreto_url":"https://www.monumentos.gob.cl/sites/default/files/decretos/MH_01222_2010_D00046.PDF"}},{"type":"Feature","geometry":{"type":"Point","coordinates":[-70.6929,-33.60541]},"properties":{"nombre":"Edificios de la Maestranza San Bernardo","region":"Metropolitana de Santiago","provincia":"Maipo","comuna":"San Bernardo","codigo_cmn":"01225_MH_13401","categoria":"Monumento Histórico","tipo_decreto":"Decreto","n_decreto":"46","fecha_decreto":"19-01-2010","decreto_url":"https://www.monumentos.gob.cl/sites/default/files/decretos/MH_01222_2010_D00046.PDF"}},{"type":"Feature","geometry":{"type":"Point","coordinates":[-70.69709,-33.60387]},"properties":{"nombre":"Edificios de la Maestranza San Bernardo","region":"Metropolitana de Santiago","provincia":"Maipo","comuna":"San Bernardo","codigo_cmn":"01226_MH_13401","categoria":"Monumento Histórico","tipo_decreto":"Decreto","n_decreto":"46","fecha_decreto":"19-01-2010","decreto_url":"https://www.monumentos.gob.cl/sites/default/files/decretos/MH_01222_2010_D00046.PDF"}},{"type":"Feature","geometry":{"type":"Point","coordinates":[-70.6475,-33.43826]},"properties":{"nombre":"Casa del Presidente Manuel Montt","region":"Metropolitana de Santiago","provincia":"Santiago","comuna":"Santiago","codigo_cmn":"00043_MH_13101","categoria":"Monumento Histórico","tipo_decreto":"Decreto Supremo","n_decreto":"4540","fecha_decreto":"03-05-1966","decreto_url":"https://www.monumentos.gob.cl/sites/default/files/decretos/MH_00043_1981_D01640.PDF"}},{"type":"Feature","geometry":{"type":"Point","coordinates":[-70.70114,-33.5959]},"properties":{"nombre":"Casa de calle Covadonga Nº 237","region":"Metropolitana de Santiago","provincia":"Maipo","comuna":"San Bernardo","codigo_cmn":"00561_MH_13401","categoria":"Monumento Histórico","tipo_decreto":"Decreto Supremo","n_decreto":"250","fecha_decreto":"18-05-1992","decreto_url":"https://www.monumentos.gob.cl/sites/default/files/decretos/MH_00561_1992_D00250.PDF"}},{"type":"Feature","geometry":{"type":"Point","coordinates":[-70.65903,-33.44031]},"properties":{"nombre":"Palacio de la Ex-Nunciatura Apostólica","region":"Metropolitana de Santiago","provincia":"Santiago","comuna":"Santiago","codigo_cmn":"00146_MH_13101","categoria":"Monumento Histórico","tipo_decreto":"Decreto Supremo","n_decreto":"1185","fecha_decreto":"26-11-1974","decreto_url":"https://www.monumentos.gob.cl/sites/default/files/decretos/MH_00145_1974_D01185.PDF"}},{"type":"Feature","geometry":{"type":"Point","coordinates":[-70.65253,-33.51401]},"properties":{"nombre":"Mural Fresia lanzando a su hijo a los pies de Caupolicán de la ex Escuela Rebeca","region":"Metropolitana de Santiago","provincia":"Santiago","comuna":"San Miguel","codigo_cmn":"01505_MH_13130","categoria":"Monumento Histórico","tipo_decreto":"Decreto","n_decreto":"76","fecha_decreto":"11-03-2016","decreto_url":"https://www.monumentos.gob.cl/sites/default/files/decretos/MH_01504_2016_D00076.pdf"}},{"type":"Feature","geometry":{"type":"Point","coordinates":[-70.65246,-33.51378]},"properties":{"nombre":"Mural La ronda de la ex Escuela Rebeca","region":"Metropolitana de Santiago","provincia":"Santiago","comuna":"San Miguel","codigo_cmn":"01506_MH_13130","categoria":"Monumento Histórico","tipo_decreto":"Decreto","n_decreto":"76","fecha_decreto":"11-03-2016","decreto_url":"https://www.monumentos.gob.cl/sites/default/files/decretos/MH_01504_2016_D00076.pdf"}},{"type":"Feature","geometry":{"type":"Point","coordinates":[-70.65251,-33.51395]},"properties":{"nombre":"Mural Homenaje a Gabriela Mistral y los trabajadores del salitre de la ex Escuela Rebeca","region":"Metropolitana de Santiago","provincia":"Santiago","comuna":"San Miguel","codigo_cmn":"01507_MH_13130","categoria":"Monumento Histórico","tipo_decreto":"Decreto","n_decreto":"76","fecha_decreto":"11-03-2016","decreto_url":"https://www.monumentos.gob.cl/sites/default/files/decretos/MH_01504_2016_D00076.pdf"}},{"type":"Feature","geometry":{"type":"Point","coordinates":[-70.65255,-33.51408]},"properties":{"nombre":"Mural Los trabajadores del campo de la ex Escuela Rebeca","region":"Metropolitana de Santiago","provincia":"Santiago","comuna":"San Miguel","codigo_cmn":"01508_MH_13130","categoria":"Monumento Histórico","tipo_decreto":"Decreto","n_decreto":"76","fecha_decreto":"11-03-2016","decreto_url":"https://www.monumentos.gob.cl/sites/default/files/decretos/MH_01504_2016_D00076.pdf"}},{"type":"Feature","geometry":{"type":"Point","coordinates":[-70.64879,-33.42264]},"properties":{"nombre":"Teatro Grez y Lavandería del Instituto Psiquiátrico Dr. José Horwitz","region":"Metropolitana de Santiago","provincia":"Santiago","comuna":"Recoleta","codigo_cmn":"01516_MH_13127","categoria":"Monumento Histórico","tipo_decreto":"Decreto","n_decreto":"135","fecha_decreto":"29-04-2016","decreto_url":"https://www.monumentos.gob.cl/sites/default/files/decretos/MH_01515_2016_D00135.pdf"}},{"type":"Feature","geometry":{"type":"Point","coordinates":[-71.6272,-33.04646]},"properties":{"nombre":"Casa de Pólvora y ex Cárcel Pública de Valparaíso, actual Parque Cultural","region":"Valparaíso","provincia":"Valparaíso","comuna":"Valparaíso","codigo_cmn":"01715_MH_05101","categoria":"Monumento Histórico","tipo_decreto":"Decreto","n_decreto":"14","fecha_decreto":"12-03-2019","decreto_url":"https://www.monumentos.gob.cl/sites/default/files/decretos/mh_01714_2020_d3_do.pdf"}},{"type":"Feature","geometry":{"type":"Point","coordinates":[-69.26787,-18.20178]},"properties":{"nombre":"Pueblo de Parinacota","region":"Arica y Parinacota","provincia":"Parinacota","comuna":"Putre","codigo_cmn":"00232_ZT_15201","categoria":"Zona Típica o Pintoresca","tipo_decreto":"Decreto Supremo","n_decreto":"1158","fecha_decreto":"04-05-1979","decreto_url":"https://www.monumentos.gob.cl/sites/default/files/decretos/MH_00231_1979_D01158.PDF"}},{"type":"Feature","geometry":{"type":"Point","coordinates":[-70.15228,-20.21755]},"properties":{"nombre":"Calle Baquedano y Plaza Arturo Prat","region":"Tarapacá","provincia":"Iquique","comuna":"Iquique","codigo_cmn":"00216_ZT_01101","categoria":"Zona Típica o Pintoresca","tipo_decreto":"Decreto Supremo","n_decreto":"935","fecha_decreto":"25-11-1977","decreto_url":"https://www.monumentos.gob.cl/sites/default/files/decretos/ZT_00216_1983_D01293.pdf"}},{"type":"Feature","geometry":{"type":"Point","coordinates":[-69.51087,-19.92409]},"properties":{"nombre":"Pueblo de Tarapacá","region":"Tarapacá","provincia":"Tamarugal","comuna":"Huara","codigo_cmn":"00118_ZT_01404","categoria":"Zona Típica o Pintoresca","tipo_decreto":"Decreto Supremo","n_decreto":"725","fecha_decreto":"15-06-1973","decreto_url":"https://www.monumentos.gob.cl/sites/default/files/decretos/ZT_00118_1973_D00725.PDF"}},{"type":"Feature","geometry":{"type":"Point","coordinates":[-68.72249,-19.25082]},"properties":{"nombre":"Pueblo de Isluga","region":"Tarapacá","provincia":"Tamarugal","comuna":"Colchane","codigo_cmn":"00557_ZT_01403","categoria":"Zona Típica o Pintoresca","tipo_decreto":"Decreto Supremo","n_decreto":"36","fecha_decreto":"28-01-1992","decreto_url":"https://www.monumentos.gob.cl/sites/default/files/decretos/ZT_00557_1992_D00036.PDF"}},{"type":"Feature","geometry":{"type":"Point","coordinates":[-70.26496,-22.55138]},"properties":{"nombre":"Sector costero de Cobija","region":"Antofagasta","provincia":"Tocopilla","comuna":"Tocopilla","codigo_cmn":"00262_ZT_02301","categoria":"Zona Típica o Pintoresca","tipo_decreto":"Decreto Supremo","n_decreto":"75","fecha_decreto":"12-01-1981","decreto_url":"https://www.monumentos.gob.cl/sites/default/files/decretos/ZT_00262_1981_D00075.PDF"}},{"type":"Feature","geometry":{"type":"Point","coordinates":[-69.66924,-22.59651]},"properties":{"nombre":"Entorno de la Oficina Salitrera Pedro de Valdivia","region":"Antofagasta","provincia":"Tocopilla","comuna":"María Elena","codigo_cmn":"00781_ZT_02302","categoria":"Zona Típica o Pintoresca","tipo_decreto":"Decreto Exento","n_decreto":"412","fecha_decreto":"02-12-1999","decreto_url":"https://www.monumentos.gob.cl/sites/default/files/decretos/ZT_00781_1999_D00412.PDF"}},{"type":"Feature","geometry":{"type":"Point","coordinates":[-68.32437,-22.27876]},"properties":{"nombre":"Pueblo  de Ayquina y campos de cultivo","region":"Antofagasta","provincia":"El Loa","comuna":"Calama","codigo_cmn":"00144_ZT_02201","categoria":"Zona Típica o Pintoresca","tipo_decreto":"Decreto Supremo","n_decreto":"862","fecha_decreto":"27-08-1974","decreto_url":"https://www.monumentos.gob.cl/sites/default/files/decretos/ZT_00144_1974_D00862.PDF"}},{"type":"Feature","geometry":{"type":"Point","coordinates":[-68.72748,-21.95542]},"properties":{"nombre":"Caserío de Conchi Viejo","region":"Antofagasta","provincia":"El Loa","comuna":"Calama","codigo_cmn":"00656_ZT_02201","categoria":"Zona Típica o Pintoresca","tipo_decreto":"Decreto Exento","n_decreto":"274","fecha_decreto":"14-05-1996","decreto_url":"https://www.monumentos.gob.cl/sites/default/files/decretos/MH_00655_1996_D00274.PDF"}},{"type":"Feature","geometry":{"type":"Point","coordinates":[-68.19951,-22.91132]},"properties":{"nombre":"Pueblo de San Pedro de Atacama","region":"Antofagasta","provincia":"El Loa","comuna":"San Pedro de Atacama","codigo_cmn":"00254_ZT_02203","categoria":"Zona Típica o Pintoresca","tipo_decreto":"Decreto Supremo","n_decreto":"2344","fecha_decreto":"28-03-1980","decreto_url":"https://www.monumentos.gob.cl/sites/default/files/decretos/ZT_00254_1994_D00344.pdf"}},{"type":"Feature","geometry":{"type":"Point","coordinates":[-70.39658,-23.64349]},"properties":{"nombre":"Centro Histórico de Antofagasta","region":"Antofagasta","provincia":"Antofagasta","comuna":"Antofagasta","codigo_cmn":"00409_ZT_02101","categoria":"Zona Típica o Pintoresca","tipo_decreto":"Decreto Supremo","n_decreto":"1170","fecha_decreto":"31-12-1985","decreto_url":"https://www.monumentos.gob.cl/sites/default/files/decretos/ZT_00409_1985_D01170.PDF"}},{"type":"Feature","geometry":{"type":"Point","coordinates":[-70.34331,-27.35996]},"properties":{"nombre":"Sector de la Estación de Ferrocarriles de Copiapó","region":"Atacama","provincia":"Copiapó","comuna":"Copiapó","codigo_cmn":"00535_ZT_03101","categoria":"Zona Típica o Pintoresca","tipo_decreto":"Decreto Supremo","n_decreto":"268","fecha_decreto":"31-07-1991","decreto_url":"https://www.monumentos.gob.cl/sites/default/files/decretos/MH_00297_1981_D07817.PDF"}},{"type":"Feature","geometry":{"type":"Point","coordinates":[-71.46047,-32.55279]},"properties":{"nombre":"Sector Balneario de Zapallar","region":"Valparaíso","provincia":"Petorca","comuna":"Zapallar","codigo_cmn":"00480_ZT_05405","categoria":"Zona Típica o Pintoresca","tipo_decreto":"Decreto Supremo","n_decreto":"584","fecha_decreto":"01-12-1989","decreto_url":"https://www.monumentos.gob.cl/sites/default/files/decretos/ZT_00480_1989_D00584.PDF"}},{"type":"Feature","geometry":{"type":"Point","coordinates":[-70.59828,-32.83402]},"properties":{"nombre":"Centro Histórico de Los Andes","region":"Valparaíso","provincia":"Los Andes","comuna":"Los Andes","codigo_cmn":"00785_ZT_05301","categoria":"Zona Típica o Pintoresca","tipo_decreto":"Decreto Exento","n_decreto":"9","fecha_decreto":"12-01-2000","decreto_url":"https://www.monumentos.gob.cl/sites/default/files/decretos/MH_00784_2000_D00009.PDF"}},{"type":"Feature","geometry":{"type":"Point","coordinates":[-70.59044,-32.88017]},"properties":{"nombre":"Instalaciones agrícolas y Parque de la Ex Hacienda San Vicente Ferrer","region":"Valparaíso","provincia":"Los Andes","comuna":"Calle Larga","codigo_cmn":"00622_ZT_05302","categoria":"Zona Típica o Pintoresca","tipo_decreto":"Decreto Exento","n_decreto":"550","fecha_decreto":"11-11-1994"}},{"type":"Feature","geometry":{"type":"Point","coordinates":[-71.62461,-33.04309]},"properties":{"nombre":"Plaza Aníbal Pinto","region":"Valparaíso","provincia":"Valparaíso","comuna":"Valparaíso","codigo_cmn":"00164_ZT_05101","categoria":"Zona Típica o Pintoresca","tipo_decreto":"Decreto Supremo","n_decreto":"556","fecha_decreto":"10-06-1976","decreto_url":"https://www.monumentos.gob.cl/sites/default/files/decretos/ZT_00164_1994_D00335.pdf"}},{"type":"Feature","geometry":{"type":"Point","coordinates":[-71.60056,-33.03705]},"properties":{"nombre":"Complejo ferroviario de la Estación Barón","region":"Valparaíso","provincia":"Valparaíso","comuna":"Valparaíso","codigo_cmn":"00429_ZT_05101","categoria":"Zona Típica o Pintoresca","tipo_decreto":"Decreto Supremo","n_decreto":"1552","fecha_decreto":"03-12-1986","decreto_url":"https://www.monumentos.gob.cl/sites/default/files/decretos/MH_00427_1986_D01552.PDF"}},{"type":"Feature","geometry":{"type":"Point","coordinates":[-71.62468,-33.04133]},"properties":{"nombre":"Sector Pasaje Ross","region":"Valparaíso","provincia":"Valparaíso","comuna":"Valparaíso","codigo_cmn":"00611_ZT_05101","categoria":"Zona Típica o Pintoresca","tipo_decreto":"Decreto Exento","n_decreto":"316","fecha_decreto":"19-07-1994","decreto_url":"https://www.monumentos.gob.cl/sites/default/files/decretos/MH_00610_1994_D00316.PDF"}},{"type":"Feature","geometry":{"type":"Point","coordinates":[-71.60675,-33.55084]},"properties":{"nombre":"Borde Costero de Cartagena y sector de la casa, parque y tumba de Vicente Huidobro","region":"Valparaíso","provincia":"San Antonio","comuna":"Cartagena","codigo_cmn":"00780_ZT_05603","categoria":"Zona Típica o Pintoresca","tipo_decreto":"Decreto Exento","n_decreto":"401","fecha_decreto":"23-11-1999","decreto_url":"https://www.monumentos.gob.cl/sites/default/files/decretos/ZT_00780_1999_D00401.PDF"}},{"type":"Feature","geometry":{"type":"Point","coordinates":[-70.73976,-34.16871]},"properties":{"nombre":"Entorno de la Iglesia de La Merced","region":"Libertador General Bernardo O'Higgins","provincia":"Cachapoal","comuna":"Rancagua","codigo_cmn":"00129_ZT_06101","categoria":"Zona Típica o Pintoresca","tipo_decreto":"Decreto Supremo","n_decreto":"8","fecha_decreto":"07-01-1974","decreto_url":"https://www.monumentos.gob.cl/sites/default/files/decretos/ZT_00129_1974_D00008.PDF"}},{"type":"Feature","geometry":{"type":"Point","coordinates":[-70.74169,-34.17379]},"properties":{"nombre":"Plazuela del Instituto O´Higgins o Plaza Santa Cruz de Triana","region":"Libertador General Bernardo O'Higgins","provincia":"Cachapoal","comuna":"Rancagua","codigo_cmn":"00253_ZT_06101","categoria":"Zona Típica o Pintoresca","tipo_decreto":"Decreto Supremo","n_decreto":"725","fecha_decreto":"24-01-1980","decreto_url":"https://www.monumentos.gob.cl/sites/default/files/decretos/MH_00251_1980_D00725.PDF"}},{"type":"Feature","geometry":{"type":"Point","coordinates":[-70.74074,-34.17034]},"properties":{"nombre":"Plaza de Los Héroes de Rancagua y su Entorno","region":"Libertador General Bernardo O'Higgins","provincia":"Cachapoal","comuna":"Rancagua","codigo_cmn":"00692_ZT_06101","categoria":"Zona Típica o Pintoresca","tipo_decreto":"Decreto Exento","n_decreto":"750","fecha_decreto":"15-07-1998","decreto_url":"https://www.monumentos.gob.cl/sites/default/files/decretos/ZT_00692_1998_D00750.PDF"}},{"type":"Feature","geometry":{"type":"Point","coordinates":[-71.0162,-34.35366]},"properties":{"nombre":"Plaza de Guacarhue y construcciones de su entorno","region":"Libertador General Bernardo O'Higgins","provincia":"Cachapoal","comuna":"Quinta de Tilcoco","codigo_cmn":"00538_ZT_06114","categoria":"Zona Típica o Pintoresca","tipo_decreto":"Decreto Supremo","n_decreto":"344","fecha_decreto":"16-09-1991","decreto_url":"https://www.monumentos.gob.cl/sites/default/files/decretos/MH_00537_1991_D00344.PDF"}},{"type":"Feature","geometry":{"type":"Point","coordinates":[-70.38159,-34.08484]},"properties":{"nombre":"Campamento Sewell","region":"Libertador General Bernardo O'Higgins","provincia":"Cachapoal","comuna":"Machalí","codigo_cmn":"00740_ZT_06108","categoria":"Zona Típica o Pintoresca","tipo_decreto":"Decreto Exento","n_decreto":"857","fecha_decreto":"27-08-1998","decreto_url":"https://www.monumentos.gob.cl/sites/default/files/decretos/ZT_00740_1998_D00857.PDF"}},{"type":"Feature","geometry":{"type":"Point","coordinates":[-71.37287,-34.52511]},"properties":{"nombre":"Entorno de la casa Patronal y otras dependencias de la Hacienda San José del Carmen el Huique","region":"Libertador General Bernardo O'Higgins","provincia":"Colchagua","comuna":"Palmilla","codigo_cmn":"00664_ZT_06306","categoria":"Zona Típica o Pintoresca","tipo_decreto":"Decreto Exento","n_decreto":"488","fecha_decreto":"29-08-1996","decreto_url":"https://www.monumentos.gob.cl/sites/default/files/decretos/ZT_00664_1996_D00488.PDF"}},{"type":"Feature","geometry":{"type":"Point","coordinates":[-71.83698,-34.76734]},"properties":{"nombre":"Pueblo de San Pedro de Alcántara","region":"Libertador General Bernardo O'Higgins","provincia":"Cardenal Caro","comuna":"Paredones","codigo_cmn":"00130_ZT_06206","categoria":"Zona Típica o Pintoresca","tipo_decreto":"Decreto Supremo","n_decreto":"11","fecha_decreto":"07-01-1974","decreto_url":"https://www.monumentos.gob.cl/sites/default/files/decretos/ZT_00130_1996_D00390.pdf"}},{"type":"Feature","geometry":{"type":"Point","coordinates":[-71.99345,-34.88359]},"properties":{"nombre":"Pueblo de Vichuquén","region":"Maule","provincia":"Curicó","comuna":"Vichuquén","codigo_cmn":"00507_ZT_07309","categoria":"Zona Típica o Pintoresca","tipo_decreto":"Decreto Supremo","n_decreto":"677","fecha_decreto":"13-09-1990","decreto_url":"https://www.monumentos.gob.cl/sites/default/files/decretos/ZT_00507_1990_D00677.PDF"}},{"type":"Feature","geometry":{"type":"Point","coordinates":[-71.74175,-35.67479]},"properties":{"nombre":"Entorno al Templo Parroquial del Niño Jesús de Villa Alegre","region":"Maule","provincia":"Linares","comuna":"Villa Alegre","codigo_cmn":"00243_ZT_07407","categoria":"Zona Típica o Pintoresca","tipo_decreto":"Decreto Supremo","n_decreto":"2248","fecha_decreto":"03-09-1979","decreto_url":"https://www.monumentos.gob.cl/sites/default/files/decretos/MH_00242_1979_D02248.PDF"}},{"type":"Feature","geometry":{"type":"Point","coordinates":[-72.09038,-35.5444]},"properties":{"nombre":"Pueblo de Nirivilo","region":"Maule","provincia":"Linares","comuna":"San Javier","codigo_cmn":"00408_ZT_07406","categoria":"Zona Típica o Pintoresca","tipo_decreto":"Decreto Supremo","n_decreto":"1162","fecha_decreto":"30-12-1985","decreto_url":"https://www.monumentos.gob.cl/sites/default/files/decretos/ZT_00408_1985_D01162.PDF"}},{"type":"Feature","geometry":{"type":"Point","coordinates":[-71.94345,-35.6622]},"properties":{"nombre":"Huerta de Maule","region":"Maule","provincia":"Linares","comuna":"San Javier","codigo_cmn":"00671_ZT_07406","categoria":"Zona Típica o Pintoresca","tipo_decreto":"Decreto Exento","n_decreto":"476","fecha_decreto":"25-04-1997","decreto_url":"https://www.monumentos.gob.cl/sites/default/files/decretos/ZT_00671_1997_D00476.PDF"}},{"type":"Feature","geometry":{"type":"Point","coordinates":[-72.53311,-35.73422]},"properties":{"nombre":"Pueblo de Chanco","region":"Maule","provincia":"Cauquenes","comuna":"Chanco","codigo_cmn":"00790_ZT_07202","categoria":"Zona Típica o Pintoresca","tipo_decreto":"Decreto Exento","n_decreto":"155","fecha_decreto":"18-05-2000","decreto_url":"https://www.monumentos.gob.cl/sites/default/files/decretos/ZT_00790_2000_D00155.pdf"}},{"type":"Feature","geometry":{"type":"Point","coordinates":[-73.25066,-39.83036]},"properties":{"nombre":"Calle General Pedro Lagos","region":"Los Ríos","provincia":"Valdivia","comuna":"Valdivia","codigo_cmn":"00530_ZT_14101","categoria":"Zona Típica o Pintoresca","tipo_decreto":"Decreto Supremo","n_decreto":"89","fecha_decreto":"01-04-1991","decreto_url":"https://www.monumentos.gob.cl/sites/default/files/decretos/ZT_00530_1991_D00089.PDF"}},{"type":"Feature","geometry":{"type":"Point","coordinates":[-73.39198,-39.89336]},"properties":{"nombre":"Isla de Mancera","region":"Los Ríos","provincia":"Valdivia","comuna":"Corral","codigo_cmn":"00119_ZT_14102","categoria":"Zona Típica o Pintoresca","tipo_decreto":"Decreto Supremo","n_decreto":"725","fecha_decreto":"15-06-1973","decreto_url":"https://www.monumentos.gob.cl/sites/default/files/decretos/ZT_00118_1973_D00725.PDF"}},{"type":"Feature","geometry":{"type":"Point","coordinates":[-73.1025,-40.58003]},"properties":{"nombre":"Parque que rodea la Casa Hollstein","region":"Los Lagos","provincia":"Osorno","comuna":"Osorno","codigo_cmn":"00768_ZT_10301","categoria":"Zona Típica o Pintoresca","tipo_decreto":"Decreto Exento","n_decreto":"261","fecha_decreto":"08-09-1999","decreto_url":"https://www.monumentos.gob.cl/sites/default/files/decretos/MH_00767_1999_D00261.PDF"}},{"type":"Feature","geometry":{"type":"Point","coordinates":[-70.06918,-52.5668]},"properties":{"nombre":"Estancia San Gregorio","region":"Magallanes y de la Antártica Chilena","provincia":"Magallanes","comuna":"San Gregorio","codigo_cmn":"00796_ZT_12104","categoria":"Zona Típica o Pintoresca","tipo_decreto":"Decreto Exento","n_decreto":"304","fecha_decreto":"11-08-2000","decreto_url":"https://www.monumentos.gob.cl/sites/default/files/decretos/ZT_00796_2000_D00304.pdf"}},{"type":"Feature","geometry":{"type":"Point","coordinates":[-70.51504,-33.38545]},"properties":{"nombre":"Cerro San Benito de los  Piques","region":"Metropolitana de Santiago","provincia":"Santiago","comuna":"Las Condes","codigo_cmn":"00285_ZT_13114","categoria":"Zona Típica o Pintoresca","tipo_decreto":"Decreto Supremo","n_decreto":"1661","fecha_decreto":"09-04-1981","decreto_url":"https://www.monumentos.gob.cl/sites/default/files/decretos/MH_00283_1981_D01661.PDF"}},{"type":"Feature","geometry":{"type":"Point","coordinates":[-70.54343,-33.40805]},"properties":{"nombre":"Parque Municipal de Los Dominicos","region":"Metropolitana de Santiago","provincia":"Santiago","comuna":"Las Condes","codigo_cmn":"00340_ZT_13114","categoria":"Zona Típica o Pintoresca","tipo_decreto":"Decreto Supremo","n_decreto":"1296","fecha_decreto":"15-11-1983","decreto_url":"https://www.monumentos.gob.cl/sites/default/files/decretos/ZT_00340_1988_D00398.pdf"}},{"type":"Feature","geometry":{"type":"Point","coordinates":[-70.94767,-33.84737]},"properties":{"nombre":"Iglesia de ex Fundo Rangue","region":"Metropolitana de Santiago","provincia":"Maipo","comuna":"Paine","codigo_cmn":"00803_ZT_13404","categoria":"Zona Típica o Pintoresca","tipo_decreto":"Decreto Exento","n_decreto":"189","fecha_decreto":"25-04-2001","decreto_url":"https://www.monumentos.gob.cl/sites/default/files/decretos/MH_00802_2001_D00189.PDF"}},{"type":"Feature","geometry":{"type":"Point","coordinates":[-70.64634,-33.41925]},"properties":{"nombre":"Cerro Blanco","region":"Metropolitana de Santiago","provincia":"Santiago","comuna":"Recoleta","codigo_cmn":"00518_ZT_13127","categoria":"Zona Típica o Pintoresca","tipo_decreto":"Decreto Supremo","n_decreto":"751","fecha_decreto":"19-11-1990","decreto_url":"https://www.monumentos.gob.cl/sites/default/files/decretos/MH_00517_1990_D00751.PDF"}},{"type":"Feature","geometry":{"type":"Point","coordinates":[-70.65791,-33.44827]},"properties":{"nombre":"Calle Dieciocho","region":"Metropolitana de Santiago","provincia":"Santiago","comuna":"Santiago","codigo_cmn":"00329_ZT_13101","categoria":"Zona Típica o Pintoresca","tipo_decreto":"Decreto Supremo","n_decreto":"126","fecha_decreto":"07-02-1983","decreto_url":"https://www.monumentos.gob.cl/sites/default/files/decretos/ZT_00329_1983_D01637.pdf"}},{"type":"Feature","geometry":{"type":"Point","coordinates":[-70.66616,-33.44613]},"properties":{"nombre":"Sector calle Enrique Concha y Toro","region":"Metropolitana de Santiago","provincia":"Santiago","comuna":"Santiago","codigo_cmn":"00470_ZT_13101","categoria":"Zona Típica o Pintoresca","tipo_decreto":"Decreto Supremo","n_decreto":"276","fecha_decreto":"19-05-1989","decreto_url":"https://www.monumentos.gob.cl/sites/default/files/decretos/ZT_00470_1989_D00276.PDF"}},{"type":"Feature","geometry":{"type":"Point","coordinates":[-70.66732,-33.45338]},"properties":{"nombre":"Sector Casonas Av. República","region":"Metropolitana de Santiago","provincia":"Santiago","comuna":"Santiago","codigo_cmn":"00582_ZT_13101","categoria":"Zona Típica o Pintoresca","tipo_decreto":"Decreto Supremo","n_decreto":"780","fecha_decreto":"10-11-1992","decreto_url":"https://www.monumentos.gob.cl/sites/default/files/decretos/ZT_00582_1992_D00875.pdf"}},{"type":"Feature","geometry":{"type":"Point","coordinates":[-70.66741,-33.44866]},"properties":{"nombre":"Sector Pasaje República - General García","region":"Metropolitana de Santiago","provincia":"Santiago","comuna":"Santiago","codigo_cmn":"00583_ZT_13101","categoria":"Zona Típica o Pintoresca","tipo_decreto":"Decreto Supremo","n_decreto":"780","fecha_decreto":"10-11-1992","decreto_url":"https://www.monumentos.gob.cl/sites/default/files/decretos/ZT_00582_1992_D00780.PDF"}},{"type":"Feature","geometry":{"type":"Point","coordinates":[-70.66912,-33.44933]},"properties":{"nombre":"Conjunto Virginia Opazo","region":"Metropolitana de Santiago","provincia":"Santiago","comuna":"Santiago","codigo_cmn":"00584_ZT_13101","categoria":"Zona Típica o Pintoresca","tipo_decreto":"Decreto Supremo","n_decreto":"780","fecha_decreto":"10-11-1992","decreto_url":"https://www.monumentos.gob.cl/sites/default/files/decretos/ZT_00582_1992_D00780.PDF"}},{"type":"Feature","geometry":{"type":"Point","coordinates":[-70.12045,-20.25708]},"properties":{"nombre":"Cerro Dragón","region":"Tarapacá","provincia":"Iquique","comuna":"Iquique","codigo_cmn":"00925_SN_01101","categoria":"Santuario de la Naturaleza","tipo_decreto":"Decreto Exento","n_decreto":"419","fecha_decreto":"18-04-2005","decreto_url":"https://www.monumentos.gob.cl/sites/default/files/decretos/SN_00925_2005_D00419.PDF"}},{"type":"Feature","geometry":{"type":"Point","coordinates":[-68.8518,-20.29814]},"properties":{"nombre":"Salar de Huasco","region":"Tarapacá","provincia":"Tamarugal","comuna":"Pica","codigo_cmn":"00930_SN_01405","categoria":"Santuario de la Naturaleza","tipo_decreto":"Decreto Exento","n_decreto":"561","fecha_decreto":"09-05-2005","decreto_url":"https://www.monumentos.gob.cl/sites/default/files/decretos/SN_00930_2005_D00561.PDF"}},{"type":"Feature","geometry":{"type":"Point","coordinates":[-68.29872,-22.9429]},"properties":{"nombre":"Valle de la Luna","region":"Antofagasta","provincia":"El Loa","comuna":"San Pedro de Atacama","codigo_cmn":"00307_SN_02203","categoria":"Santuario de la Naturaleza","tipo_decreto":"Decreto Supremo","n_decreto":"37","fecha_decreto":"07-01-1982","decreto_url":"https://www.monumentos.gob.cl/sites/default/files/decretos/SN_00307_1982_D00037.PDF"}},{"type":"Feature","geometry":{"type":"Point","coordinates":[-70.79507,-26.97269]},"properties":{"nombre":"Terreno de 2, 34 ha junto al mar, ubicada en sector del  Rodelillo (rocas de Granito Orbicular estructura esferolítica)","region":"Atacama","provincia":"Copiapó","comuna":"Caldera","codigo_cmn":"00264_SN_03102","categoria":"Santuario de la Naturaleza","tipo_decreto":"Decreto Supremo","n_decreto":"77","fecha_decreto":"12-01-1981","decreto_url":"https://www.monumentos.gob.cl/sites/default/files/decretos/SN_00264_1981_D00077.PDF"}},{"type":"Feature","geometry":{"type":"Point","coordinates":[-71.45706,-32.5865]},"properties":{"nombre":"Isla de Cachagua","region":"Valparaíso","provincia":"Petorca","comuna":"Zapallar","codigo_cmn":"00228_SN_05405","categoria":"Santuario de la Naturaleza","tipo_decreto":"Decreto Supremo","n_decreto":"2","fecha_decreto":"02-01-1979","decreto_url":"https://www.monumentos.gob.cl/sites/default/files/decretos/SN_00228_1979_D00002.PDF"}},{"type":"Feature","geometry":{"type":"Point","coordinates":[-71.51652,-33.05717]},"properties":{"nombre":"Palmar El Salto","region":"Valparaíso","provincia":"Valparaíso","comuna":"Viña del Mar","codigo_cmn":"00722_SN_05109","categoria":"Santuario de la Naturaleza","tipo_decreto":"Decreto Exento","n_decreto":"805","fecha_decreto":"04-08-1998","decreto_url":"https://www.monumentos.gob.cl/sites/default/files/decretos/SN_00722_1998_D00805.PDF"}},{"type":"Feature","geometry":{"type":"Point","coordinates":[-71.51405,-32.79225]},"properties":{"nombre":"Bosque Las Petras de Quintero y su entorno","region":"Valparaíso","provincia":"Valparaíso","comuna":"Quintero","codigo_cmn":"00591_SN_05107","categoria":"Santuario de la Naturaleza","tipo_decreto":"Decreto Supremo","n_decreto":"278","fecha_decreto":"07-06-1993","decreto_url":"https://www.monumentos.gob.cl/sites/default/files/decretos/SN_00591_1993_D00278.PDF"}},{"type":"Feature","geometry":{"type":"Point","coordinates":[-71.5543,-32.94127]},"properties":{"nombre":"Promontorio rocoso Roca Oceánica","region":"Valparaíso","provincia":"Valparaíso","comuna":"Concón","codigo_cmn":"00500_SN_05103","categoria":"Santuario de la Naturaleza","tipo_decreto":"Decreto Supremo","n_decreto":"481","fecha_decreto":"27-03-1990","decreto_url":"https://www.monumentos.gob.cl/sites/default/files/decretos/SN_00500_1990_D00481.PDF"}},{"type":"Feature","geometry":{"type":"Point","coordinates":[-71.60662,-33.50488]},"properties":{"nombre":"Laguna El Peral","region":"Valparaíso","provincia":"San Antonio","comuna":"El Tabo","codigo_cmn":"00153_SN_05605","categoria":"Santuario de la Naturaleza","tipo_decreto":"Decreto Supremo","n_decreto":"631","fecha_decreto":"31-07-1975","decreto_url":"https://www.monumentos.gob.cl/sites/default/files/decretos/SN_00153_1975_D00631.PDF"}},{"type":"Feature","geometry":{"type":"Point","coordinates":[-71.6878,-33.35993]},"properties":{"nombre":"Islote Pájaros Niños","region":"Valparaíso","provincia":"San Antonio","comuna":"Algarrobo","codigo_cmn":"00223_SN_05602","categoria":"Santuario de la Naturaleza","tipo_decreto":"Decreto Supremo","n_decreto":"622","fecha_decreto":"29-06-1978","decreto_url":"https://www.monumentos.gob.cl/sites/default/files/decretos/SN_00223_1978_D00622.PDF"}},{"type":"Feature","geometry":{"type":"Point","coordinates":[-71.69457,-33.3647]},"properties":{"nombre":"Islote o Peñón Peña Blanca y las formaciones rocosas de la Punta de Peña Blanca","region":"Valparaíso","provincia":"San Antonio","comuna":"Algarrobo","codigo_cmn":"00311_SN_05602","categoria":"Santuario de la Naturaleza","tipo_decreto":"Decreto Supremo","n_decreto":"772","fecha_decreto":"08-03-1982","decreto_url":"https://www.monumentos.gob.cl/sites/default/files/decretos/SN_00311_1982_D00772.PDF"}},{"type":"Feature","geometry":{"type":"Point","coordinates":[-70.81437,-32.67255]},"properties":{"nombre":"Serranía El Ciprés","region":"Valparaíso","provincia":"San Felipe de Aconcagua","comuna":"San Felipe","codigo_cmn":"00983_SN_05701","categoria":"Santuario de la Naturaleza","tipo_decreto":"Decreto Exento","n_decreto":"698","fecha_decreto":"30-05-2006","decreto_url":"https://www.monumentos.gob.cl/sites/default/files/decretos/SN_00983_2006_D00698.PDF"}},{"type":"Feature","geometry":{"type":"Point","coordinates":[-71.6579,-33.05181]},"properties":{"nombre":"Acantilados Federico Santa María","region":"Valparaíso","provincia":"Valparaíso","comuna":"Valparaíso","codigo_cmn":"00984_SN_05101","categoria":"Santuario de la Naturaleza","tipo_decreto":"Decreto Exento","n_decreto":"699","fecha_decreto":"30-06-2006","decreto_url":"https://www.monumentos.gob.cl/sites/default/files/decretos/SN_00984_2006_D00699.PDF"}},{"type":"Feature","geometry":{"type":"Point","coordinates":[-70.65913,-34.88274]},"properties":{"nombre":"Predio Alto Huemul","region":"Multiterritorial","provincia":"Multiterritorial","comuna":"Multiterritorial","codigo_cmn":"00667_SN_MT","categoria":"Santuario de la Naturaleza","tipo_decreto":"Decreto Exento","n_decreto":"572","fecha_decreto":"09-10-1996","decreto_url":"https://www.monumentos.gob.cl/sites/default/files/decretos/SN_00667_1996_D00572.PDF"}},{"type":"Feature","geometry":{"type":"Point","coordinates":[-72.03927,-34.77187]},"properties":{"nombre":"Laguna de Torca","region":"Maule","provincia":"Curicó","comuna":"Vichuquén","codigo_cmn":"00156_SN_07309","categoria":"Santuario de la Naturaleza","tipo_decreto":"Decreto Supremo","n_decreto":"680","fecha_decreto":"25-08-1975","decreto_url":"https://www.monumentos.gob.cl/sites/default/files/decretos/MH_00155_1975_D00680.PDF"}},{"type":"Feature","geometry":{"type":"Point","coordinates":[-71.04085,-35.57394]},"properties":{"nombre":"Predio “El Morrillo”","region":"Maule","provincia":"Talca","comuna":"San Clemente","codigo_cmn":"00956_SN_07109","categoria":"Santuario de la Naturaleza","tipo_decreto":"Decreto Exento","n_decreto":"879","fecha_decreto":"30-06-2005","decreto_url":"https://www.monumentos.gob.cl/sites/default/files/decretos/SN_00956_2005_D00879.PDF"}},{"type":"Feature","geometry":{"type":"Point","coordinates":[-71.49769,-36.73716]},"properties":{"nombre":"Predio Los Huemules del Niblinto","region":"Ñuble","provincia":"Punilla","comuna":"Coihueco","codigo_cmn":"00757_SN_16302","categoria":"Santuario de la Naturaleza","tipo_decreto":"Decreto Exento","n_decreto":"1014","fecha_decreto":"26-10-1998","decreto_url":"https://www.monumentos.gob.cl/sites/default/files/decretos/SN_00757_1998_D01014.PDF"}},{"type":"Feature","geometry":{"type":"Point","coordinates":[-72.80966,-36.13033]},"properties":{"nombre":"Islote y Lobería Iglesia de Piedra","region":"Ñuble","provincia":"Itata","comuna":"Cobquecura","codigo_cmn":"00580_SN_16202","categoria":"Santuario de la Naturaleza","tipo_decreto":"Decreto Supremo","n_decreto":"544","fecha_decreto":"01-09-1992","decreto_url":"https://www.monumentos.gob.cl/sites/default/files/decretos/SN_00580_1992_D00544.PDF"}},{"type":"Feature","geometry":{"type":"Point","coordinates":[-73.17186,-36.80476]},"properties":{"nombre":"Península de Hualpén","region":"Biobío","provincia":"Concepción","comuna":"Hualpén","codigo_cmn":"00168_SN_08112","categoria":"Santuario de la Naturaleza","tipo_decreto":"Decreto Supremo","n_decreto":"556","fecha_decreto":"10-06-1976","decreto_url":"https://www.monumentos.gob.cl/sites/default/files/decretos/MH_00159_1976_D00556.PDF"}},{"type":"Feature","geometry":{"type":"Point","coordinates":[-72.88586,-41.49871]},"properties":{"nombre":"Bosque Fósil de Punta Pelluco","region":"Los Lagos","provincia":"Llanquihue","comuna":"Puerto Montt","codigo_cmn":"00221_SN_10101","categoria":"Santuario de la Naturaleza","tipo_decreto":"Decreto Supremo","n_decreto":"48","fecha_decreto":"17-01-1978","decreto_url":"https://www.monumentos.gob.cl/sites/default/files/decretos/SN_00221_1978_D00048.PDF"}},{"type":"Feature","geometry":{"type":"Point","coordinates":[-74.07989,-42.40076]},"properties":{"nombre":"Alerzales existentes en el Fundo Fiscal denominado Potrero Anay","region":"Los Lagos","provincia":"Chiloé","comuna":"Dalcahue","codigo_cmn":"00185_SN_10205","categoria":"Santuario de la Naturaleza","tipo_decreto":"Decreto Supremo","n_decreto":"835","fecha_decreto":"01-09-1976","decreto_url":"https://www.monumentos.gob.cl/sites/default/files/decretos/SN_00185_1976_D00835.PDF"}},{"type":"Feature","geometry":{"type":"Point","coordinates":[-73.49117,-45.76826]},"properties":{"nombre":"Estero de Quitralco","region":"Aysén del General Carlos Ibáñez del Campo","provincia":"Aisén","comuna":"Aisén","codigo_cmn":"00668_SN_11201","categoria":"Santuario de la Naturaleza","tipo_decreto":"Decreto Exento","n_decreto":"600","fecha_decreto":"09-11-1996","decreto_url":"https://www.monumentos.gob.cl/sites/default/files/decretos/SN_00668_1996_D00600.PDF"}},{"type":"Feature","geometry":{"type":"Point","coordinates":[-72.59386,-46.60746]},"properties":{"nombre":"Capilla de Mármol","region":"Aysén del General Carlos Ibáñez del Campo","provincia":"General Carrera","comuna":"Río Ibáñez","codigo_cmn":"00607_SN_11402","categoria":"Santuario de la Naturaleza","tipo_decreto":"Decreto Exento","n_decreto":"281","fecha_decreto":"22-06-1994","decreto_url":"https://www.monumentos.gob.cl/sites/default/files/decretos/SN_00607_1994_D00281.PDF"}},{"type":"Feature","geometry":{"type":"Point","coordinates":[-70.30436,-33.28242]},"properties":{"nombre":"Fundo Yerba Loca","region":"Metropolitana de Santiago","provincia":"Santiago","comuna":"Lo Barnechea","codigo_cmn":"00123_SN_13115","categoria":"Santuario de la Naturaleza","tipo_decreto":"Decreto Supremo","n_decreto":"937","fecha_decreto":"24-07-1973","decreto_url":"https://www.monumentos.gob.cl/sites/default/files/decretos/SN_00123_1973_D00937.PDF"}},{"type":"Feature","geometry":{"type":"Point","coordinates":[-70.38475,-33.22809]},"properties":{"nombre":"Predio Los Nogales","region":"Metropolitana de Santiago","provincia":"Santiago","comuna":"Lo Barnechea","codigo_cmn":"00120_SN_13115","categoria":"Santuario de la Naturaleza","tipo_decreto":"Decreto Supremo","n_decreto":"726","fecha_decreto":"15-06-1973","decreto_url":"https://www.monumentos.gob.cl/sites/default/files/decretos/SN_00120_1973_D00726.PDF"}},{"type":"Feature","geometry":{"type":"Point","coordinates":[-70.47548,-33.69275]},"properties":{"nombre":"Torcazas de Pirque","region":"Metropolitana de Santiago","provincia":"Cordillera","comuna":"Pirque","codigo_cmn":"01036_SN_13202","categoria":"Santuario de la Naturaleza","tipo_decreto":"Decreto Exento","n_decreto":"1977","fecha_decreto":"11-10-2007","decreto_url":"https://www.monumentos.gob.cl/sites/default/files/decretos/SN_01036_2007_D01977.pdf"}},{"type":"Feature","geometry":{"type":"Point","coordinates":[-70.3158,-33.737]},"properties":{"nombre":"Predio Cascada de Las Ánimas","region":"Metropolitana de Santiago","provincia":"Cordillera","comuna":"San José de Maipo","codigo_cmn":"00639_SN_13203","categoria":"Santuario de la Naturaleza","tipo_decreto":"Decreto Exento","n_decreto":"480","fecha_decreto":"16-08-1995","decreto_url":"https://www.monumentos.gob.cl/sites/default/files/decretos/SN_00639_1995_D00480.PDF"}},{"type":"Feature","geometry":{"type":"Point","coordinates":[-72.43422,-35.32947]},"properties":{"nombre":"Las Rocas de Constitución","region":"Maule","provincia":"Talca","comuna":"Constitución","codigo_cmn":"01032_SN_07102","categoria":"Santuario de la Naturaleza","tipo_decreto":"Decreto Exento","n_decreto":"1029","fecha_decreto":"25-05-2007","decreto_url":"https://www.monumentos.gob.cl/sites/default/files/decretos/SN_01032_2007_D01029.PDF"}},{"type":"Feature","geometry":{"type":"Point","coordinates":[-105.36203,-26.4722]},"properties":{"nombre":"La Isla de Salas y Gómez e Islotes adyacentes a Isla de Pascua","region":"Valparaíso","provincia":"Isla de Pascua","comuna":"Isla de Pascua","codigo_cmn":"00165_SN_05201","categoria":"Santuario de la Naturaleza","tipo_decreto":"Decreto Supremo","n_decreto":"556","fecha_decreto":"10-06-1976","decreto_url":"https://www.monumentos.gob.cl/sites/default/files/decretos/MH_00159_1976_D00556.PDF"}},{"type":"Feature","geometry":{"type":"Point","coordinates":[-71.93057,-35.4618]},"properties":{"nombre":"Ramal ferroviario Talca - Constitución, Estación Curtiduría","region":"Maule","provincia":"Talca","comuna":"Pencahue","codigo_cmn":"01428_MH_07107","categoria":"Monumento Histórico","tipo_decreto":"Decreto Exento","n_decreto":"1030","fecha_decreto":"25-05-2007","decreto_url":"https://www.monumentos.gob.cl/sites/default/files/decretos/MH_01027_2007_D01030.PDF"}},{"type":"Feature","geometry":{"type":"Point","coordinates":[-71.5391,-33.01985]},"properties":{"nombre":"Área histórica del Sporting Club de Valparaíso","region":"Valparaíso","provincia":"Valparaíso","comuna":"Viña del Mar","codigo_cmn":"01720_MH_05109","categoria":"Monumento Histórico","tipo_decreto":"Decreto","n_decreto":"27","fecha_decreto":"06-05-2019","decreto_url":"https://www.monumentos.gob.cl/sites/default/files/decretos/mh_01719_2019_d27_do.pdf"}},{"type":"Feature","geometry":{"type":"Point","coordinates":[-71.53853,-33.02011]},"properties":{"nombre":"Área histórica del Sporting Club de Valparaíso","region":"Valparaíso","provincia":"Valparaíso","comuna":"Viña del Mar","codigo_cmn":"01721_MH_05109","categoria":"Monumento Histórico","tipo_decreto":"Decreto","n_decreto":"27","fecha_decreto":"06-05-2019","decreto_url":"https://www.monumentos.gob.cl/sites/default/files/decretos/mh_01719_2019_d27_do.pdf"}},{"type":"Feature","geometry":{"type":"Point","coordinates":[-71.53732,-33.02092]},"properties":{"nombre":"Área histórica del Sporting Club de Valparaíso","region":"Valparaíso","provincia":"Valparaíso","comuna":"Viña del Mar","codigo_cmn":"01722_MH_05109","categoria":"Monumento Histórico","tipo_decreto":"Decreto","n_decreto":"27","fecha_decreto":"06-05-2019","decreto_url":"https://www.monumentos.gob.cl/sites/default/files/decretos/mh_01719_2019_d27_do.pdf"}},{"type":"Feature","geometry":{"type":"Point","coordinates":[-71.53797,-33.01975]},"properties":{"nombre":"Área histórica del Sporting Club de Valparaíso","region":"Valparaíso","provincia":"Valparaíso","comuna":"Viña del Mar","codigo_cmn":"01723_MH_05109","categoria":"Monumento Histórico","tipo_decreto":"Decreto","n_decreto":"27","fecha_decreto":"06-05-2019","decreto_url":"https://www.monumentos.gob.cl/sites/default/files/decretos/mh_01719_2019_d27_do.pdf"}},{"type":"Feature","geometry":{"type":"Point","coordinates":[-71.53789,-33.02022]},"properties":{"nombre":"Área histórica del Sporting Club de Valparaíso","region":"Valparaíso","provincia":"Valparaíso","comuna":"Viña del Mar","codigo_cmn":"01724_MH_05109","categoria":"Monumento Histórico","tipo_decreto":"Decreto","n_decreto":"27","fecha_decreto":"06-05-2019","decreto_url":"https://www.monumentos.gob.cl/sites/default/files/decretos/mh_01719_2019_d27_do.pdf"}},{"type":"Feature","geometry":{"type":"Point","coordinates":[-71.53821,-33.02001]},"properties":{"nombre":"Área histórica del Sporting Club de Valparaíso","region":"Valparaíso","provincia":"Valparaíso","comuna":"Viña del Mar","codigo_cmn":"01725_MH_05109","categoria":"Monumento Histórico","tipo_decreto":"Decreto","n_decreto":"27","fecha_decreto":"06-05-2019","decreto_url":"https://www.monumentos.gob.cl/sites/default/files/decretos/mh_01719_2019_d27_do.pdf"}},{"type":"Feature","geometry":{"type":"Point","coordinates":[-71.5387,-33.01934]},"properties":{"nombre":"Área histórica del Sporting Club de Valparaíso","region":"Valparaíso","provincia":"Valparaíso","comuna":"Viña del Mar","codigo_cmn":"01726_MH_05109","categoria":"Monumento Histórico","tipo_decreto":"Decreto","n_decreto":"27","fecha_decreto":"06-05-2019","decreto_url":"https://www.monumentos.gob.cl/sites/default/files/decretos/mh_01719_2019_d27_do.pdf"}},{"type":"Feature","geometry":{"type":"Point","coordinates":[-71.53873,-33.01954]},"properties":{"nombre":"Área histórica del Sporting Club de Valparaíso","region":"Valparaíso","provincia":"Valparaíso","comuna":"Viña del Mar","codigo_cmn":"01727_MH_05109","categoria":"Monumento Histórico","tipo_decreto":"Decreto","n_decreto":"27","fecha_decreto":"06-05-2019","decreto_url":"https://www.monumentos.gob.cl/sites/default/files/decretos/mh_01719_2019_d27_do.pdf"}},{"type":"Feature","geometry":{"type":"Point","coordinates":[-71.53814,-33.01982]},"properties":{"nombre":"Área histórica del Sporting Club de Valparaíso","region":"Valparaíso","provincia":"Valparaíso","comuna":"Viña del Mar","codigo_cmn":"01728_MH_05109","categoria":"Monumento Histórico","tipo_decreto":"Decreto","n_decreto":"27","fecha_decreto":"06-05-2019","decreto_url":"https://www.monumentos.gob.cl/sites/default/files/decretos/mh_01719_2019_d27_do.pdf"}},{"type":"Feature","geometry":{"type":"Point","coordinates":[-71.94587,-39.84905]},"properties":{"nombre":"Conjunto de Bienes Pertenecientes al Desarrollo del Complejo Forestal y Maderero Panguipulli","region":"Los Ríos","provincia":"Valdivia","comuna":"Panguipulli","codigo_cmn":"01734_MH_14108","categoria":"Monumento Histórico","tipo_decreto":"Decreto","n_decreto":"32","fecha_decreto":"07-06-2019","decreto_url":"https://www.monumentos.gob.cl/sites/default/files/decretos/mh_01730_2019_d32_do.pdf"}},{"type":"Feature","geometry":{"type":"Point","coordinates":[-71.9459,-39.84928]},"properties":{"nombre":"Conjunto de Bienes Pertenecientes al Desarrollo del Complejo Forestal y Maderero Panguipulli","region":"Los Ríos","provincia":"Valdivia","comuna":"Panguipulli","codigo_cmn":"01735_MH_14108","categoria":"Monumento Histórico","tipo_decreto":"Decreto","n_decreto":"32","fecha_decreto":"07-06-2019","decreto_url":"https://www.monumentos.gob.cl/sites/default/files/decretos/mh_01730_2019_d32_do.pdf"}},{"type":"Feature","geometry":{"type":"Point","coordinates":[-71.65004,-35.42944]},"properties":{"nombre":"Ramal Ferroviario Talca - Constitución","region":"Maule","provincia":"Talca","comuna":"Multiterritorial","codigo_cmn":"01027_MH_MT","categoria":"Monumento Histórico","tipo_decreto":"Decreto Exento","n_decreto":"1030","fecha_decreto":"25-05-2007","decreto_url":"https://www.monumentos.gob.cl/sites/default/files/decretos/MH_01027_2007_D01030.PDF"}},{"type":"Feature","geometry":{"type":"Point","coordinates":[-71.78443,-35.46225]},"properties":{"nombre":"Ramal ferroviario Talca - Constitución, Puente Rauquen","region":"Maule","provincia":"Talca","comuna":"Pencahue","codigo_cmn":"01421_MH_07107","categoria":"Monumento Histórico","tipo_decreto":"Decreto Exento","n_decreto":"1030","fecha_decreto":"25-05-2007","decreto_url":"https://www.monumentos.gob.cl/sites/default/files/decretos/MH_01027_2007_D01030.PDF"}},{"type":"Feature","geometry":{"type":"Point","coordinates":[-71.87215,-35.44634]},"properties":{"nombre":"Ramal ferroviario Talca - Constitución, Estación Corinto","region":"Maule","provincia":"Talca","comuna":"Pencahue","codigo_cmn":"01424_MH_07107","categoria":"Monumento Histórico","tipo_decreto":"Decreto Exento","n_decreto":"1030","fecha_decreto":"25-05-2007","decreto_url":"https://www.monumentos.gob.cl/sites/default/files/decretos/MH_01027_2007_D01030.PDF"}},{"type":"Feature","geometry":{"type":"Point","coordinates":[-71.96287,-35.45461]},"properties":{"nombre":"Ramal ferroviario Talca - Constitución, Paradero los llocos","region":"Maule","provincia":"Talca","comuna":"Pencahue","codigo_cmn":"01430_MH_07107","categoria":"Monumento Histórico","tipo_decreto":"Decreto Exento","n_decreto":"1030","fecha_decreto":"25-05-2007","decreto_url":"https://www.monumentos.gob.cl/sites/default/files/decretos/MH_01027_2007_D01030.PDF"}},{"type":"Feature","geometry":{"type":"Point","coordinates":[-71.97466,-35.46135]},"properties":{"nombre":"Ramal ferroviario Talca - Constitución, Paradero el Tricahue","region":"Maule","provincia":"Talca","comuna":"Pencahue","codigo_cmn":"01431_MH_07107","categoria":"Monumento Histórico","tipo_decreto":"Decreto Exento","n_decreto":"1030","fecha_decreto":"25-05-2007","decreto_url":"https://www.monumentos.gob.cl/sites/default/files/decretos/MH_01027_2007_D01030.PDF"}},{"type":"Feature","geometry":{"type":"Point","coordinates":[-72.02407,-35.44532]},"properties":{"nombre":"Ramal ferroviario Talca - Constitución, Estación Gonzalez Bastias","region":"Maule","provincia":"Talca","comuna":"Pencahue","codigo_cmn":"01433_MH_07107","categoria":"Monumento Histórico","tipo_decreto":"Decreto Exento","n_decreto":"1030","fecha_decreto":"25-05-2007","decreto_url":"https://www.monumentos.gob.cl/sites/default/files/decretos/MH_01027_2007_D01030.PDF"}},{"type":"Feature","geometry":{"type":"Point","coordinates":[-72.02536,-35.44475]},"properties":{"nombre":"Ramal ferroviario Talca - Constitución, Tornamesa Gonzalez Bastias","region":"Maule","provincia":"Talca","comuna":"Pencahue","codigo_cmn":"01434_MH_07107","categoria":"Monumento Histórico","tipo_decreto":"Decreto Exento","n_decreto":"1030","fecha_decreto":"25-05-2007","decreto_url":"https://www.monumentos.gob.cl/sites/default/files/decretos/MH_01027_2007_D01030.PDF"}},{"type":"Feature","geometry":{"type":"Point","coordinates":[-72.05666,-35.42341]},"properties":{"nombre":"Ramal ferroviario Talca - Constitución, Estación de Toconey","region":"Maule","provincia":"Talca","comuna":"Pencahue","codigo_cmn":"01435_MH_07107","categoria":"Monumento Histórico","tipo_decreto":"Decreto Exento","n_decreto":"1030","fecha_decreto":"25-05-2007","decreto_url":"https://www.monumentos.gob.cl/sites/default/files/decretos/MH_01027_2007_D01030.PDF"}},{"type":"Feature","geometry":{"type":"Point","coordinates":[-72.10209,-35.43516]},"properties":{"nombre":"Ramal ferroviario Talca - Constitución, Estación Pichaman","region":"Maule","provincia":"Talca","comuna":"Constitución","codigo_cmn":"01437_MH_07102","categoria":"Monumento Histórico","tipo_decreto":"Decreto Exento","n_decreto":"1030","fecha_decreto":"25-05-2007","decreto_url":"https://www.monumentos.gob.cl/sites/default/files/decretos/MH_01027_2007_D01030.PDF"}},{"type":"Feature","geometry":{"type":"Point","coordinates":[-72.12734,-35.43079]},"properties":{"nombre":"Ramal ferroviario Talca - Constitución, Paradero los Romeros","region":"Maule","provincia":"Talca","comuna":"Constitución","codigo_cmn":"01438_MH_07102","categoria":"Monumento Histórico","tipo_decreto":"Decreto Exento","n_decreto":"1030","fecha_decreto":"25-05-2007","decreto_url":"https://www.monumentos.gob.cl/sites/default/files/decretos/MH_01027_2007_D01030.PDF"}},{"type":"Feature","geometry":{"type":"Point","coordinates":[-72.19838,-35.41238]},"properties":{"nombre":"Ramal ferroviario Talca - Constitución, Estación de Forel","region":"Maule","provincia":"Talca","comuna":"Constitución","codigo_cmn":"01439_MH_07102","categoria":"Monumento Histórico","tipo_decreto":"Decreto Exento","n_decreto":"1030","fecha_decreto":"25-05-2007","decreto_url":"https://www.monumentos.gob.cl/sites/default/files/decretos/MH_01027_2007_D01030.PDF"}},{"type":"Feature","geometry":{"type":"Point","coordinates":[-72.20511,-35.40646]},"properties":{"nombre":"Ramal ferroviario Talca - Constitución, Puente Quebrada Honda","region":"Maule","provincia":"Talca","comuna":"Constitución","codigo_cmn":"01440_MH_07102","categoria":"Monumento Histórico","tipo_decreto":"Decreto Exento","n_decreto":"1030","fecha_decreto":"25-05-2007","decreto_url":"https://www.monumentos.gob.cl/sites/default/files/decretos/MH_01027_2007_D01030.PDF"}},{"type":"Feature","geometry":{"type":"Point","coordinates":[-72.20404,-35.40662]},"properties":{"nombre":"Ramal ferroviario Talca - Constitución, Túnel el Álamo","region":"Maule","provincia":"Talca","comuna":"Constitución","codigo_cmn":"01441_MH_07102","categoria":"Monumento Histórico","tipo_decreto":"Decreto Exento","n_decreto":"1030","fecha_decreto":"25-05-2007","decreto_url":"https://www.monumentos.gob.cl/sites/default/files/decretos/MH_01027_2007_D01030.PDF"}},{"type":"Feature","geometry":{"type":"Point","coordinates":[-72.23193,-35.4154]},"properties":{"nombre":"Ramal ferroviario Talca - Constitución, Estación Huinganes","region":"Maule","provincia":"Talca","comuna":"Constitución","codigo_cmn":"01442_MH_07102","categoria":"Monumento Histórico","tipo_decreto":"Decreto Exento","n_decreto":"1030","fecha_decreto":"25-05-2007","decreto_url":"https://www.monumentos.gob.cl/sites/default/files/decretos/MH_01027_2007_D01030.PDF"}},{"type":"Feature","geometry":{"type":"Point","coordinates":[-72.28848,-35.38859]},"properties":{"nombre":"Ramal ferroviario Talca - Constitución, Estación Maquehua","region":"Maule","provincia":"Talca","comuna":"Constitución","codigo_cmn":"01444_MH_07102","categoria":"Monumento Histórico","tipo_decreto":"Decreto Exento","n_decreto":"1030","fecha_decreto":"25-05-2007","decreto_url":"https://www.monumentos.gob.cl/sites/default/files/decretos/MH_01027_2007_D01030.PDF"}},{"type":"Feature","geometry":{"type":"Point","coordinates":[-72.4043,-35.33625]},"properties":{"nombre":"Ramal ferroviario Talca - Constitución, Estación Constitución","region":"Maule","provincia":"Talca","comuna":"Constitución","codigo_cmn":"01450_MH_07102","categoria":"Monumento Histórico","tipo_decreto":"Decreto Exento","n_decreto":"1030","fecha_decreto":"25-05-2007","decreto_url":"https://www.monumentos.gob.cl/sites/default/files/decretos/MH_01027_2007_D01030.PDF"}},{"type":"Feature","geometry":{"type":"Point","coordinates":[-72.40187,-35.33833]},"properties":{"nombre":"Ramal ferroviario Talca - Constitución, Tornamesa Constitución","region":"Maule","provincia":"Talca","comuna":"Constitución","codigo_cmn":"01451_MH_07102","categoria":"Monumento Histórico","tipo_decreto":"Decreto Exento","n_decreto":"1030","fecha_decreto":"25-05-2007","decreto_url":"https://www.monumentos.gob.cl/sites/default/files/decretos/MH_01027_2007_D01030.PDF"}},{"type":"Feature","geometry":{"type":"Point","coordinates":[-71.74405,-35.4765]},"properties":{"nombre":"Ramal ferroviario Talca - Constitución, Estación Colin","region":"Maule","provincia":"Talca","comuna":"Maule","codigo_cmn":"01418_MH_07105","categoria":"Monumento Histórico","tipo_decreto":"Decreto Exento","n_decreto":"1030","fecha_decreto":"25-05-2007","decreto_url":"https://www.monumentos.gob.cl/sites/default/files/decretos/MH_01027_2007_D01030.PDF"}},{"type":"Feature","geometry":{"type":"Point","coordinates":[-71.78219,-35.45713]},"properties":{"nombre":"Ramal ferroviario Talca - Constitución, Paradero Rauquen","region":"Maule","provincia":"Talca","comuna":"Pencahue","codigo_cmn":"01422_MH_07107","categoria":"Monumento Histórico","tipo_decreto":"Decreto Exento","n_decreto":"1030","fecha_decreto":"25-05-2007","decreto_url":"https://www.monumentos.gob.cl/sites/default/files/decretos/MH_01027_2007_D01030.PDF"}},{"type":"Feature","geometry":{"type":"Point","coordinates":[-71.8318,-35.44812]},"properties":{"nombre":"Ramal ferroviario Talca - Constitución, Paradero Pocoa","region":"Maule","provincia":"Talca","comuna":"Pencahue","codigo_cmn":"01423_MH_07107","categoria":"Monumento Histórico","tipo_decreto":"Decreto Exento","n_decreto":"1030","fecha_decreto":"25-05-2007","decreto_url":"https://www.monumentos.gob.cl/sites/default/files/decretos/MH_01027_2007_D01030.PDF"}},{"type":"Feature","geometry":{"type":"Point","coordinates":[-71.88126,-35.44716]},"properties":{"nombre":"Ramal ferroviario Talca - Constitución, Puente Estero Los Puercos","region":"Maule","provincia":"Talca","comuna":"Pencahue","codigo_cmn":"01425_MH_07107","categoria":"Monumento Histórico","tipo_decreto":"Decreto Exento","n_decreto":"1030","fecha_decreto":"25-05-2007","decreto_url":"https://www.monumentos.gob.cl/sites/default/files/decretos/MH_01027_2007_D01030.PDF"}},{"type":"Feature","geometry":{"type":"Point","coordinates":[-71.91649,-35.46018]},"properties":{"nombre":"Ramal ferroviario Talca - Constitución, Puente el Álamo","region":"Maule","provincia":"Talca","comuna":"Pencahue","codigo_cmn":"01426_MH_07107","categoria":"Monumento Histórico","tipo_decreto":"Decreto Exento","n_decreto":"1030","fecha_decreto":"25-05-2007","decreto_url":"https://www.monumentos.gob.cl/sites/default/files/decretos/MH_01027_2007_D01030.PDF"}},{"type":"Feature","geometry":{"type":"Point","coordinates":[-71.93061,-35.46204]},"properties":{"nombre":"Ramal ferroviario Talca - Constitución, Paradero el Morro","region":"Maule","provincia":"Talca","comuna":"Pencahue","codigo_cmn":"01427_MH_07107","categoria":"Monumento Histórico","tipo_decreto":"Decreto Exento","n_decreto":"1030","fecha_decreto":"25-05-2007","decreto_url":"https://www.monumentos.gob.cl/sites/default/files/decretos/MH_01027_2007_D01030.PDF"}},{"type":"Feature","geometry":{"type":"Point","coordinates":[-71.96126,-35.4545]},"properties":{"nombre":"Ramal ferroviario Talca - Constitución, Puente la Meseta","region":"Maule","provincia":"Talca","comuna":"Pencahue","codigo_cmn":"01429_MH_07107","categoria":"Monumento Histórico","tipo_decreto":"Decreto Exento","n_decreto":"1030","fecha_decreto":"25-05-2007","decreto_url":"https://www.monumentos.gob.cl/sites/default/files/decretos/MH_01027_2007_D01030.PDF"}},{"type":"Feature","geometry":{"type":"Point","coordinates":[-71.98739,-35.45281]},"properties":{"nombre":"Ramal ferroviario Talca - Constitución, Paradero el Peumo","region":"Maule","provincia":"Talca","comuna":"Pencahue","codigo_cmn":"01432_MH_07107","categoria":"Monumento Histórico","tipo_decreto":"Decreto Exento","n_decreto":"1030","fecha_decreto":"25-05-2007","decreto_url":"https://www.monumentos.gob.cl/sites/default/files/decretos/MH_01027_2007_D01030.PDF"}},{"type":"Feature","geometry":{"type":"Point","coordinates":[-72.06045,-35.42058]},"properties":{"nombre":"Ramal ferroviario Talca - Constitución, Puente San Antonio","region":"Maule","provincia":"Talca","comuna":"Pencahue","codigo_cmn":"01436_MH_07107","categoria":"Monumento Histórico","tipo_decreto":"Decreto Exento","n_decreto":"1030","fecha_decreto":"25-05-2007","decreto_url":"https://www.monumentos.gob.cl/sites/default/files/decretos/MH_01027_2007_D01030.PDF"}},{"type":"Feature","geometry":{"type":"Point","coordinates":[-72.28576,-35.3927]},"properties":{"nombre":"Ramal ferroviario Talca - Constitución, Paradero Los Digueñes","region":"Maule","provincia":"Talca","comuna":"Constitución","codigo_cmn":"01443_MH_07102","categoria":"Monumento Histórico","tipo_decreto":"Decreto Exento","n_decreto":"1030","fecha_decreto":"25-05-2007","decreto_url":"https://www.monumentos.gob.cl/sites/default/files/decretos/MH_01027_2007_D01030.PDF"}},{"type":"Feature","geometry":{"type":"Point","coordinates":[-72.29165,-35.38508]},"properties":{"nombre":"Ramal ferroviario Talca - Constitución, Puente Estero Maquehua","region":"Maule","provincia":"Talca","comuna":"Constitución","codigo_cmn":"01445_MH_07102","categoria":"Monumento Histórico","tipo_decreto":"Decreto Exento","n_decreto":"1030","fecha_decreto":"25-05-2007","decreto_url":"https://www.monumentos.gob.cl/sites/default/files/decretos/MH_01027_2007_D01030.PDF"}},{"type":"Feature","geometry":{"type":"Point","coordinates":[-72.37447,-35.36653]},"properties":{"nombre":"Ramal ferroviario Talca - Constitución, Puente Banco de Arena","region":"Maule","provincia":"Talca","comuna":"Constitución","codigo_cmn":"01447_MH_07102","categoria":"Monumento Histórico","tipo_decreto":"Decreto Exento","n_decreto":"1030","fecha_decreto":"25-05-2007","decreto_url":"https://www.monumentos.gob.cl/sites/default/files/decretos/MH_01027_2007_D01030.PDF"}},{"type":"Feature","geometry":{"type":"Point","coordinates":[-72.37907,-35.36592]},"properties":{"nombre":"Ramal ferroviario Talca - Constitución, Paradero Rancho Astillero","region":"Maule","provincia":"Talca","comuna":"Constitución","codigo_cmn":"01448_MH_07102","categoria":"Monumento Histórico","tipo_decreto":"Decreto Exento","n_decreto":"1030","fecha_decreto":"25-05-2007","decreto_url":"https://www.monumentos.gob.cl/sites/default/files/decretos/MH_01027_2007_D01030.PDF"}},{"type":"Feature","geometry":{"type":"Point","coordinates":[-72.37907,-35.36592]},"properties":{"nombre":"Ramal ferroviario Talca - Constitución, Paradero Banco de Arena","region":"Maule","provincia":"Talca","comuna":"Constitución","codigo_cmn":"01449_MH_07102","categoria":"Monumento Histórico","tipo_decreto":"Decreto Exento","n_decreto":"1030","fecha_decreto":"25-05-2007","decreto_url":"https://www.monumentos.gob.cl/sites/default/files/decretos/MH_01027_2007_D01030.PDF"}},{"type":"Feature","geometry":{"type":"Point","coordinates":[-72.39572,-35.34135]},"properties":{"nombre":"Ramal ferroviario Talca - Constitución, Puente El Dique","region":"Maule","provincia":"Talca","comuna":"Constitución","codigo_cmn":"01452_MH_07102","categoria":"Monumento Histórico","tipo_decreto":"Decreto Exento","n_decreto":"1030","fecha_decreto":"25-05-2007","decreto_url":"https://www.monumentos.gob.cl/sites/default/files/decretos/MH_01027_2007_D01030.PDF"}},{"type":"Feature","geometry":{"type":"Point","coordinates":[-71.74737,-35.47671]},"properties":{"nombre":"Ramal ferroviario Talca - Constitución, Puente sin nombre","region":"Maule","provincia":"Talca","comuna":"Maule","codigo_cmn":"01419_MH_07105","categoria":"Monumento Histórico","tipo_decreto":"Decreto Exento","n_decreto":"1030","fecha_decreto":"25-05-2007","decreto_url":"https://www.monumentos.gob.cl/sites/default/files/decretos/MH_01027_2007_D01030.PDF"}},{"type":"Feature","geometry":{"type":"Point","coordinates":[-71.78487,-35.46576]},"properties":{"nombre":"Ramal ferroviario Talca - Constitución, Puente Estero Colin","region":"Maule","provincia":"Talca","comuna":"Maule","codigo_cmn":"01420_MH_07105","categoria":"Monumento Histórico","tipo_decreto":"Decreto Exento","n_decreto":"1030","fecha_decreto":"25-05-2007","decreto_url":"https://www.monumentos.gob.cl/sites/default/files/decretos/MH_01027_2007_D01030.PDF"}},{"type":"Feature","geometry":{"type":"Point","coordinates":[-72.34826,-35.36675]},"properties":{"nombre":"Ramal ferroviario Talca - Constitución, Puente Astillero","region":"Maule","provincia":"Talca","comuna":"Constitución","codigo_cmn":"01446_MH_07102","categoria":"Monumento Histórico","tipo_decreto":"Decreto Exento","n_decreto":"1030","fecha_decreto":"25-05-2007","decreto_url":"https://www.monumentos.gob.cl/sites/default/files/decretos/MH_01027_2007_D01030.PDF"}},{"type":"Feature","geometry":{"type":"Point","coordinates":[-71.65432,-35.45965]},"properties":{"nombre":"Ramal ferroviario Talca - Constitución, Puente El Parrón 2","region":"Maule","provincia":"Talca","comuna":"Maule","codigo_cmn":"01416_MH_07105","categoria":"Monumento Histórico","tipo_decreto":"Decreto Exento","n_decreto":"1030","fecha_decreto":"25-05-2007","decreto_url":"https://www.monumentos.gob.cl/sites/default/files/decretos/MH_01027_2007_D01030.PDF"}},{"type":"Feature","geometry":{"type":"Point","coordinates":[-71.65656,-35.46435]},"properties":{"nombre":"Ramal ferroviario Talca - Constitución, Puente El Parrón 3","region":"Maule","provincia":"Talca","comuna":"Maule","codigo_cmn":"01417_MH_07105","categoria":"Monumento Histórico","tipo_decreto":"Decreto Exento","n_decreto":"1030","fecha_decreto":"25-05-2007","decreto_url":"https://www.monumentos.gob.cl/sites/default/files/decretos/MH_01027_2007_D01030.PDF"}},{"type":"Feature","geometry":{"type":"Point","coordinates":[-70.67998,-33.47232]},"properties":{"nombre":"Maestranza de Ferrocarriles San Eugenio y edificaciones anexas","region":"Metropolitana de Santiago","provincia":"Santiago","comuna":"Estación Central","codigo_cmn":"01040_MH_13106","categoria":"Monumento Histórico","tipo_decreto":"Decreto Exento","n_decreto":"2050","fecha_decreto":"23-10-2007","decreto_url":"https://www.monumentos.gob.cl/sites/default/files/decretos/MH_01040_2007_D02050.PDF"}},{"type":"Feature","geometry":{"type":"Point","coordinates":[-73.03726,-36.82869]},"properties":{"nombre":"Campus Central de la Universidad de Concepción","region":"Biobío","provincia":"Concepción","comuna":"Concepción","codigo_cmn":"01553_MH_08101","categoria":"Monumento Histórico","tipo_decreto":"Decreto","n_decreto":"393","fecha_decreto":"28-12-2016","decreto_url":"https://www.monumentos.gob.cl/sites/default/files/decretos/MH_01553_2016_D00393.PDF"}},{"type":"Feature","geometry":{"type":"Point","coordinates":[-69.66396,-22.34618]},"properties":{"nombre":"Sector que indica de la Oficina Salitrera María Elena","region":"Antofagasta","provincia":"Tocopilla","comuna":"María Elena","codigo_cmn":"01061_ZT_02302","categoria":"Zona Típica o Pintoresca","tipo_decreto":"Decreto Exento","n_decreto":"1936","fecha_decreto":"19-05-2008","decreto_url":"https://www.monumentos.gob.cl/sites/default/files/decretos/ZT_01061_2008_D01936.PDF"}},{"type":"Feature","geometry":{"type":"Point","coordinates":[-68.64319,-22.34086]},"properties":{"nombre":"Pueblo San Francisco de Chiuchiu","region":"Antofagasta","provincia":"El Loa","comuna":"Calama","codigo_cmn":"00897_ZT_02201","categoria":"Zona Típica o Pintoresca","tipo_decreto":"Decreto Exento","n_decreto":"207","fecha_decreto":"29-03-2004","decreto_url":"https://www.monumentos.gob.cl/sites/default/files/decretos/ZT_00897_2004_D00207.PDF"}},{"type":"Feature","geometry":{"type":"Point","coordinates":[-69.84047,-23.33368]},"properties":{"nombre":"Construcciones y material rodante ferroviario de Baquedano","region":"Antofagasta","provincia":"Antofagasta","comuna":"Sierra Gorda","codigo_cmn":"00349_MH_02103","categoria":"Monumento Histórico","tipo_decreto":"Decreto Supremo","n_decreto":"1639","fecha_decreto":"16-12-1983","decreto_url":"https://www.monumentos.gob.cl/sites/default/files/decretos/MH_00349_1983_D01639.PDF"}},{"type":"Feature","geometry":{"type":"Point","coordinates":[-72.01232,-34.384]},"properties":{"nombre":"Sector de Pichilemu","region":"Libertador General Bernardo O'Higgins","provincia":"Cardenal Caro","comuna":"Pichilemu","codigo_cmn":"00918_ZT_06201","categoria":"Zona Típica o Pintoresca","tipo_decreto":"Decreto Exento","n_decreto":"1097","fecha_decreto":"22-12-2004","decreto_url":"https://www.monumentos.gob.cl/sites/default/files/decretos/ZT_00918_2004_D01097.PDF"}},{"type":"Feature","geometry":{"type":"Point","coordinates":[-71.10062,-34.35546]},"properties":{"nombre":"Pueblo de Zúñiga","region":"Libertador General Bernardo O'Higgins","provincia":"Cachapoal","comuna":"San Vicente","codigo_cmn":"00919_ZT_06117","categoria":"Zona Típica o Pintoresca","tipo_decreto":"Decreto Exento","n_decreto":"26","fecha_decreto":"11-01-2005","decreto_url":"https://www.monumentos.gob.cl/sites/default/files/decretos/MH_00920_2005_D00026.PDF"}},{"type":"Feature","geometry":{"type":"Point","coordinates":[-72.11058,-36.60506]},"properties":{"nombre":"Iglesia y el convento  de la Virgen del Carmen de Chillán","region":"Ñuble","provincia":"Diguillín","comuna":"Chillán","codigo_cmn":"01288_MH_16101","categoria":"Monumento Histórico","tipo_decreto":"Decreto","n_decreto":"161","fecha_decreto":"23-03-2012","decreto_url":"https://www.monumentos.gob.cl/sites/default/files/decretos/MH_01288_2012_D00161.PDF"}},{"type":"Feature","geometry":{"type":"Point","coordinates":[-73.04709,-36.82295]},"properties":{"nombre":"Mural Historia de la Medicina y Farmacología en Chile","region":"Biobío","provincia":"Concepción","comuna":"Concepción","codigo_cmn":"01473_MH_08101","categoria":"Monumento Histórico","tipo_decreto":"Decreto","n_decreto":"370","fecha_decreto":"01-09-2015","decreto_url":"https://www.monumentos.gob.cl/sites/default/files/decretos/MH_01473_2015_D00370.pdf"}},{"type":"Feature","geometry":{"type":"Point","coordinates":[-71.8605,-33.9436]},"properties":{"nombre":"Bosque de Calabacillo","region":"Libertador General Bernardo O'Higgins","provincia":"Cardenal Caro","comuna":"Navidad","codigo_cmn":"01329_SN_06205","categoria":"Santuario de la Naturaleza","tipo_decreto":"Decreto","n_decreto":"18","fecha_decreto":"18-06-2012","decreto_url":"https://www.monumentos.gob.cl/sites/default/files/decretos/SN_01329_2012_D00018.pdf"}},{"type":"Feature","geometry":{"type":"Point","coordinates":[-68.25826,-23.13666]},"properties":{"nombre":"Laguna Tebenquiche","region":"Antofagasta","provincia":"El Loa","comuna":"San Pedro de Atacama","codigo_cmn":"01718_SN_02203","categoria":"Santuario de la Naturaleza","tipo_decreto":"Decreto","n_decreto":"95","fecha_decreto":"09-11-2018","decreto_url":"https://www.monumentos.gob.cl/sites/default/files/decretos/sn_01718_2019_d95_do.pdf"}},{"type":"Feature","geometry":{"type":"Point","coordinates":[-70.39361,-23.65456]},"properties":{"nombre":"Las casas del ferrocarril de Antofagasta","region":"Antofagasta","provincia":"Antofagasta","comuna":"Antofagasta","codigo_cmn":"01340_ZT_02101","categoria":"Zona Típica o Pintoresca","tipo_decreto":"Decreto","n_decreto":"374","fecha_decreto":"21-05-2013","decreto_url":"https://www.monumentos.gob.cl/sites/default/files/decretos/ZT_01340_2013_D00374.pdf"}},{"type":"Feature","geometry":{"type":"Point","coordinates":[-71.64461,-34.7285]},"properties":{"nombre":"Centro Histórico de Lolol","region":"Libertador General Bernardo O'Higgins","provincia":"Colchagua","comuna":"Lolol","codigo_cmn":"00863_ZT_06304","categoria":"Zona Típica o Pintoresca","tipo_decreto":"Decreto Exento","n_decreto":"350","fecha_decreto":"16-05-2003","decreto_url":"https://www.monumentos.gob.cl/sites/default/files/decretos/ZT_00863_2003_D00350.PDF"}},{"type":"Feature","geometry":{"type":"Point","coordinates":[-68.9301,-22.31848]},"properties":{"nombre":"Campamento Minero de Chuquicamata","region":"Antofagasta","provincia":"El Loa","comuna":"Calama","codigo_cmn":"01463_ZT_02201","categoria":"Zona Típica o Pintoresca","tipo_decreto":"Decreto","n_decreto":"176","fecha_decreto":"13-05-2015","decreto_url":"https://www.monumentos.gob.cl/sites/default/files/decretos/MH_01453_2015_D00176.pdf"}},{"type":"Feature","geometry":{"type":"Point","coordinates":[-68.92978,-22.31757]},"properties":{"nombre":"Centro cívico de Chuquicamata","region":"Antofagasta","provincia":"El Loa","comuna":"Calama","codigo_cmn":"01453_MH_02201","categoria":"Monumento Histórico","tipo_decreto":"Decreto","n_decreto":"176","fecha_decreto":"13-05-2015","decreto_url":"https://www.monumentos.gob.cl/sites/default/files/decretos/MH_01453_2015_D00176.pdf"}},{"type":"Feature","geometry":{"type":"Point","coordinates":[-72.13189,-36.62186]},"properties":{"nombre":"Entorno del Mural de María Martner ubicado en el Parque Monumental Bernardo O'Higgins de Chillán Viejo","region":"Ñuble","provincia":"Diguillín","comuna":"Chillán Viejo","codigo_cmn":"01495_ZT_16103","categoria":"Zona Típica o Pintoresca","tipo_decreto":"Decreto","n_decreto":"536","fecha_decreto":"07-12-2015","decreto_url":"https://www.monumentos.gob.cl/sites/default/files/decretos/MH_01492_2015_D00536.pdf"}},{"type":"Feature","geometry":{"type":"Point","coordinates":[-71.92176,-38.90013]},"properties":{"nombre":"Villa García","region":"La Araucanía","provincia":"Cautín","comuna":"Cunco","codigo_cmn":"01501_ZT_09103","categoria":"Zona Típica o Pintoresca","tipo_decreto":"Decreto","n_decreto":"552","fecha_decreto":"16-12-2015","decreto_url":"https://www.monumentos.gob.cl/sites/default/files/decretos/zt_01501_2017_d334.pdf"}},{"type":"Feature","geometry":{"type":"Point","coordinates":[-71.92166,-38.89993]},"properties":{"nombre":"Capilla San Conrado","region":"La Araucanía","provincia":"Cautín","comuna":"Cunco","codigo_cmn":"01500_MH_09103","categoria":"Monumento Histórico","tipo_decreto":"Decreto","n_decreto":"552","fecha_decreto":"16-12-2015","decreto_url":"https://www.monumentos.gob.cl/sites/default/files/decretos/MH_01500_2015_D00552.pdf"}},{"type":"Feature","geometry":{"type":"Point","coordinates":[-70.52874,-34.20656]},"properties":{"nombre":"Campamento de Coya","region":"Libertador General Bernardo O'Higgins","provincia":"Cachapoal","comuna":"Machalí","codigo_cmn":"01294_ZT_06108","categoria":"Zona Típica o Pintoresca","tipo_decreto":"Decreto","n_decreto":"253","fecha_decreto":"27-06-2012","decreto_url":"https://www.monumentos.gob.cl/sites/default/files/decretos/zt_01294_2017_d365.pdf"}},{"type":"Feature","geometry":{"type":"Point","coordinates":[-70.39872,-23.64587]},"properties":{"nombre":"Edificio de los Servicios Públicos de Antofagasta","region":"Antofagasta","provincia":"Antofagasta","comuna":"Antofagasta","codigo_cmn":"01120_MH_02101","categoria":"Monumento Histórico","tipo_decreto":"Decreto","n_decreto":"79","fecha_decreto":"13-03-2009","decreto_url":"https://www.monumentos.gob.cl/sites/default/files/decretos/MH_01120_2009_D00079.PDF"}},{"type":"Feature","geometry":{"type":"Point","coordinates":[-69.48906,-23.08013]},"properties":{"nombre":"Ruinas del pueblo de Pampa Unión","region":"Antofagasta","provincia":"Antofagasta","comuna":"Sierra Gorda","codigo_cmn":"00513_MH_02103","categoria":"Monumento Histórico","tipo_decreto":"Decreto Supremo","n_decreto":"716","fecha_decreto":"17-10-1990","decreto_url":"https://www.monumentos.gob.cl/sites/default/files/decretos/MH_00513_2008_D02248.pdf"}},{"type":"Feature","geometry":{"type":"Point","coordinates":[-70.4868,-25.40828]},"properties":{"nombre":"Ex Teatro Alhambra de Taltal","region":"Antofagasta","provincia":"Antofagasta","comuna":"Taltal","codigo_cmn":"01121_MH_02104","categoria":"Monumento Histórico","tipo_decreto":"Decreto","n_decreto":"79","fecha_decreto":"13-03-2009","decreto_url":"https://www.monumentos.gob.cl/sites/default/files/decretos/MH_01120_2009_D00079.PDF"}},{"type":"Feature","geometry":{"type":"Point","coordinates":[-70.95203,-34.27063]},"properties":{"nombre":"Parroquia San Nicodemo de Coinco","region":"Libertador General Bernardo O'Higgins","provincia":"Cachapoal","comuna":"Coinco","codigo_cmn":"01113_MH_06103","categoria":"Monumento Histórico","tipo_decreto":"Decreto","n_decreto":"15","fecha_decreto":"27-01-2009","decreto_url":"https://www.monumentos.gob.cl/sites/default/files/decretos/MH_01112_2009_D00015.PDF"}},{"type":"Feature","geometry":{"type":"Point","coordinates":[-70.38,-34.24637]},"properties":{"nombre":"Tubería de madera de Pangal","region":"Libertador General Bernardo O'Higgins","provincia":"Cachapoal","comuna":"Machalí","codigo_cmn":"01380_MH_06108","categoria":"Monumento Histórico","tipo_decreto":"Decreto","n_decreto":"129","fecha_decreto":"03-03-2014","decreto_url":"https://www.monumentos.gob.cl/sites/default/files/decretos/MH_01380_2014_D00129.pdf"}},{"type":"Feature","geometry":{"type":"Point","coordinates":[-71.48204,-34.47652]},"properties":{"nombre":"Escuela básica de Peralillo","region":"Libertador General Bernardo O'Higgins","provincia":"Colchagua","comuna":"Peralillo","codigo_cmn":"00955_MH_06307","categoria":"Monumento Histórico","tipo_decreto":"Decreto Exento","n_decreto":"877","fecha_decreto":"30-06-2005","decreto_url":"https://www.monumentos.gob.cl/sites/default/files/decretos/MH_00955_2005_D00877.PDF"}},{"type":"Feature","geometry":{"type":"Point","coordinates":[-71.16671,-34.3927]},"properties":{"nombre":"Estación de Ferrocarriles de Peumo","region":"Libertador General Bernardo O'Higgins","provincia":"Cachapoal","comuna":"Peumo","codigo_cmn":"01385_MH_06112","categoria":"Monumento Histórico","tipo_decreto":"Decreto","n_decreto":"307","fecha_decreto":"22-07-2014","decreto_url":"https://www.monumentos.gob.cl/sites/default/files/decretos/MH_01385_2014_D00307.pdf"}},{"type":"Feature","geometry":{"type":"Point","coordinates":[-70.9907,-34.58308]},"properties":{"nombre":"Cárcel de San Fernando","region":"Libertador General Bernardo O'Higgins","provincia":"Colchagua","comuna":"San Fernando","codigo_cmn":"01114_MH_06301","categoria":"Monumento Histórico","tipo_decreto":"Decreto","n_decreto":"32","fecha_decreto":"27-01-2009","decreto_url":"https://www.monumentos.gob.cl/sites/default/files/decretos/MH_01112_2009_D00015.PDF"}},{"type":"Feature","geometry":{"type":"Point","coordinates":[-72.09656,-36.61149]},"properties":{"nombre":"Edificio de la Cooperativa Eléctrica de Chillán COPELEC","region":"Ñuble","provincia":"Diguillín","comuna":"Chillán","codigo_cmn":"01066_MH_16101","categoria":"Monumento Histórico","tipo_decreto":"Decreto Exento","n_decreto":"2416","fecha_decreto":"21-07-2008","decreto_url":"https://www.monumentos.gob.cl/sites/default/files/decretos/MH_01066_2011_D00055.pdf"}},{"type":"Feature","geometry":{"type":"Point","coordinates":[-73.05272,-36.82559]},"properties":{"nombre":"Mercado Central de Concepción","region":"Biobío","provincia":"Concepción","comuna":"Concepción","codigo_cmn":"01386_MH_08101","categoria":"Monumento Histórico","tipo_decreto":"Decreto","n_decreto":"322","fecha_decreto":"31-07-2014","decreto_url":"https://www.monumentos.gob.cl/sites/default/files/decretos/MH_01386_2014_D00322.pdf"}},{"type":"Feature","geometry":{"type":"Point","coordinates":[-73.03926,-36.82749]},"properties":{"nombre":"Mural Presencia de América Latina de Jorge González Camarena","region":"Biobío","provincia":"Concepción","comuna":"Concepción","codigo_cmn":"01146_MH_08101","categoria":"Monumento Histórico","tipo_decreto":"Decreto","n_decreto":"147","fecha_decreto":"30-04-2009","decreto_url":"https://www.monumentos.gob.cl/sites/default/files/decretos/MH_01145_2009_D00147.PDF"}},{"type":"Feature","geometry":{"type":"Point","coordinates":[-73.0472,-36.83185]},"properties":{"nombre":"Teatro del Liceo Enrique Molina","region":"Biobío","provincia":"Concepción","comuna":"Concepción","codigo_cmn":"01145_MH_08101","categoria":"Monumento Histórico","tipo_decreto":"Decreto","n_decreto":"147","fecha_decreto":"30-04-2009","decreto_url":"https://www.monumentos.gob.cl/sites/default/files/decretos/MH_01145_2009_D00147.PDF"}},{"type":"Feature","geometry":{"type":"Point","coordinates":[-72.7054,-37.7956]},"properties":{"nombre":"Ex Hospital de Angol","region":"La Araucanía","provincia":"Malleco","comuna":"Angol","codigo_cmn":"01022_MH_09201","categoria":"Monumento Histórico","tipo_decreto":"Decreto Exento","n_decreto":"668","fecha_decreto":"26-03-2007","decreto_url":"https://www.monumentos.gob.cl/sites/default/files/decretos/MH_01022_2007_D00668.PDF"}},{"type":"Feature","geometry":{"type":"Point","coordinates":[-72.43655,-37.95816]},"properties":{"nombre":"Edificio Consistorial de la Municipalidad de Collipulli","region":"La Araucanía","provincia":"Malleco","comuna":"Collipulli","codigo_cmn":"01149_MH_09202","categoria":"Monumento Histórico","tipo_decreto":"Decreto","n_decreto":"168","fecha_decreto":"14-05-2009","decreto_url":"https://www.monumentos.gob.cl/sites/default/files/decretos/MH_01149_2009_D00168.PDF"}},{"type":"Feature","geometry":{"type":"Point","coordinates":[-71.69532,-38.4671]},"properties":{"nombre":"Estación Ferroviaria El Manzanar","region":"La Araucanía","provincia":"Malleco","comuna":"Curacautín","codigo_cmn":"01075_MH_09203","categoria":"Monumento Histórico","tipo_decreto":"Decreto Exento","n_decreto":"2655","fecha_decreto":"28-08-2008","decreto_url":"https://www.monumentos.gob.cl/sites/default/files/decretos/MH_01075_2008_D02655.PDF"}},{"type":"Feature","geometry":{"type":"Point","coordinates":[-72.99143,-38.1918]},"properties":{"nombre":"Casa Salvestrini de Pastene","region":"La Araucanía","provincia":"Malleco","comuna":"Lumaco","codigo_cmn":"01170_MH_09207","categoria":"Monumento Histórico","tipo_decreto":"Decreto","n_decreto":"298","fecha_decreto":"10-08-2009","decreto_url":"https://www.monumentos.gob.cl/sites/default/files/decretos/MH_01170_2009_D00298.PDF"}},{"type":"Feature","geometry":{"type":"Point","coordinates":[-73.06564,-38.02775]},"properties":{"nombre":"Casa Schmidlin","region":"La Araucanía","provincia":"Malleco","comuna":"Purén","codigo_cmn":"01150_MH_09208","categoria":"Monumento Histórico","tipo_decreto":"Decreto","n_decreto":"168","fecha_decreto":"14-05-2009","decreto_url":"https://www.monumentos.gob.cl/sites/default/files/decretos/MH_01149_2009_D00168.PDF"}},{"type":"Feature","geometry":{"type":"Point","coordinates":[-72.582,-37.67251]},"properties":{"nombre":"Centro Cultural Comunal de Renaico, Ex Escuela Primaria N° 16","region":"La Araucanía","provincia":"Malleco","comuna":"Renaico","codigo_cmn":"01265_MH_09209","categoria":"Monumento Histórico","tipo_decreto":"Decreto","n_decreto":"254","fecha_decreto":"18-07-2011","decreto_url":"https://www.monumentos.gob.cl/sites/default/files/decretos/MH_01265_2011_D00254.PDF"}},{"type":"Feature","geometry":{"type":"Point","coordinates":[-72.59205,-38.74053]},"properties":{"nombre":"Hotel Continental de Temuco","region":"La Araucanía","provincia":"Cautín","comuna":"Temuco","codigo_cmn":"01266_MH_09101","categoria":"Monumento Histórico","tipo_decreto":"Decreto","n_decreto":"294","fecha_decreto":"03-08-2011","decreto_url":"https://www.monumentos.gob.cl/sites/default/files/decretos/MH_01266_2011_D00294.PDF"}},{"type":"Feature","geometry":{"type":"Point","coordinates":[-72.44062,-37.95782]},"properties":{"nombre":"Iglesia de San Leonardo de Porto Mauricio","region":"La Araucanía","provincia":"Malleco","comuna":"Collipulli","codigo_cmn":"01332_MH_09202","categoria":"Monumento Histórico","tipo_decreto":"Decreto","n_decreto":"305","fecha_decreto":"20-05-2013","decreto_url":"https://www.monumentos.gob.cl/sites/default/files/decretos/MH_01332_2013_D00305.pdf"}},{"type":"Feature","geometry":{"type":"Point","coordinates":[-68.62059,-22.03188]},"properties":{"nombre":"Viaducto de Conchi sobre el río Loa","region":"Antofagasta","provincia":"El Loa","comuna":"Calama","codigo_cmn":"01409_MH_02201","categoria":"Monumento Histórico","tipo_decreto":"Decreto","n_decreto":"156","fecha_decreto":"04-05-2015","decreto_url":"https://www.monumentos.gob.cl/sites/default/files/decretos/MH_01409_2015_D00156.pdf"}},{"type":"Feature","geometry":{"type":"Point","coordinates":[-72.42262,-38.5382]},"properties":{"nombre":"Capilla Nuestra Señora del Carmen de Ultracautín","region":"La Araucanía","provincia":"Cautín","comuna":"Lautaro","codigo_cmn":"01353_MH_09108","categoria":"Monumento Histórico","tipo_decreto":"Decreto","n_decreto":"446","fecha_decreto":"19-08-2013","decreto_url":"https://www.monumentos.gob.cl/sites/default/files/decretos/MH_01353_2013_D00446.pdf"}},{"type":"Feature","geometry":{"type":"Point","coordinates":[-72.10192,-36.6067]},"properties":{"nombre":"Catedral de Chillán","region":"Ñuble","provincia":"Diguillín","comuna":"Chillán","codigo_cmn":"01465_MH_16101","categoria":"Monumento Histórico","tipo_decreto":"Decreto","n_decreto":"145","fecha_decreto":"29-04-2015","decreto_url":"https://www.monumentos.gob.cl/sites/default/files/decretos/MH_01465_2015_D00145.pdf"}},{"type":"Feature","geometry":{"type":"Point","coordinates":[-70.40225,-23.6584]},"properties":{"nombre":"Casa Abaroa","region":"Antofagasta","provincia":"Antofagasta","comuna":"Antofagasta","codigo_cmn":"01055_MH_02101","categoria":"Monumento Histórico","tipo_decreto":"Decreto Exento","n_decreto":"465","fecha_decreto":"06-02-2008","decreto_url":"https://www.monumentos.gob.cl/sites/default/files/decretos/MH_01055_2008_D00465.PDF"}},{"type":"Feature","geometry":{"type":"Point","coordinates":[-71.48117,-34.47276]},"properties":{"nombre":"Casona Agustín Echeñique","region":"Libertador General Bernardo O'Higgins","provincia":"Colchagua","comuna":"Peralillo","codigo_cmn":"01115_MH_06307","categoria":"Monumento Histórico","tipo_decreto":"Decreto","n_decreto":"15","fecha_decreto":"27-01-2009","decreto_url":"https://www.monumentos.gob.cl/sites/default/files/decretos/MH_01112_2009_D00015.PDF"}},{"type":"Feature","geometry":{"type":"Point","coordinates":[-72.13185,-36.62163]},"properties":{"nombre":"Mural de María Martner ubicado en el Parque Monumental Bernardo O'Higgins de Chillán Viejo","region":"Ñuble","provincia":"Diguillín","comuna":"Chillán Viejo","codigo_cmn":"01494_MH_16103","categoria":"Monumento Histórico","tipo_decreto":"Decreto","n_decreto":"536","fecha_decreto":"07-12-2015","decreto_url":"https://www.monumentos.gob.cl/sites/default/files/decretos/MH_01492_2015_D00536.pdf"}},{"type":"Feature","geometry":{"type":"Point","coordinates":[-70.397,-23.64513]},"properties":{"nombre":"Casa Dauelsberg","region":"Antofagasta","provincia":"Antofagasta","comuna":"Antofagasta","codigo_cmn":"01488_MH_02101","categoria":"Monumento Histórico","tipo_decreto":"Decreto","n_decreto":"534","fecha_decreto":"07-12-2015","decreto_url":"https://www.monumentos.gob.cl/sites/default/files/decretos/MH_01488_2015_D00534.pdf"}},{"type":"Feature","geometry":{"type":"Point","coordinates":[-70.66915,-34.03458]},"properties":{"nombre":"Iglesia de Nuestra Señora de la Merced de Codegua","region":"Libertador General Bernardo O'Higgins","provincia":"Cachapoal","comuna":"Codegua","codigo_cmn":"01112_MH_06102","categoria":"Monumento Histórico","tipo_decreto":"Decreto","n_decreto":"15","fecha_decreto":"27-01-2009","decreto_url":"https://www.monumentos.gob.cl/sites/default/files/decretos/MH_01112_2009_D00015.PDF"}},{"type":"Feature","geometry":{"type":"Point","coordinates":[-70.72535,-34.06839]},"properties":{"nombre":"Casa Hodgkinson","region":"Libertador General Bernardo O'Higgins","provincia":"Cachapoal","comuna":"Graneros","codigo_cmn":"00501_MH_06106","categoria":"Monumento Histórico","tipo_decreto":"Decreto Supremo","n_decreto":"521","fecha_decreto":"17-04-1990","decreto_url":"https://www.monumentos.gob.cl/sites/default/files/decretos/MH_00501_1990_D00521.PDF"}},{"type":"Feature","geometry":{"type":"Point","coordinates":[-70.71364,-33.97707]},"properties":{"nombre":"Edificio de la Estación de los ferrocarriles del Estado de la ciudad de San Francisco de Mostazal","region":"Libertador General Bernardo O'Higgins","provincia":"Cachapoal","comuna":"Mostazal","codigo_cmn":"00291_MH_06110","categoria":"Monumento Histórico","tipo_decreto":"Decreto Supremo","n_decreto":"6006","fecha_decreto":"10-09-1981","decreto_url":"https://www.monumentos.gob.cl/sites/default/files/decretos/MH_00291_1981_D06006.PDF"}},{"type":"Feature","geometry":{"type":"Point","coordinates":[-72.43865,-37.96304]},"properties":{"nombre":"Viaducto del Malleco","region":"La Araucanía","provincia":"Malleco","comuna":"Collipulli","codigo_cmn":"00508_MH_09202","categoria":"Monumento Histórico","tipo_decreto":"Decreto Supremo","n_decreto":"686","fecha_decreto":"25-09-1990","decreto_url":"https://www.monumentos.gob.cl/sites/default/files/decretos/mh_00508_2017_d00049.pdf"}},{"type":"Feature","geometry":{"type":"Point","coordinates":[-72.29329,-39.25256]},"properties":{"nombre":"Guillatuwe, Paliwe y Eltún del complejo religioso y ceremonial de la comunidad mapuche Pedro Ancalef, en localidad de Putue","region":"La Araucanía","provincia":"Cautín","comuna":"Villarrica","codigo_cmn":"01018_MH_09120","categoria":"Monumento Histórico","tipo_decreto":"Decreto Exento","n_decreto":"2128","fecha_decreto":"26-12-2006","decreto_url":"https://www.monumentos.gob.cl/sites/default/files/decretos/MH_01018_2006_D02128.PDF"}},{"type":"Feature","geometry":{"type":"Point","coordinates":[-72.45009,-36.64115]},"properties":{"nombre":"Puente Confluencia","region":"Ñuble","provincia":"Multiterritorial","comuna":"Multiterritorial","codigo_cmn":"01534_MH_MT","categoria":"Monumento Histórico","tipo_decreto":"Decreto","n_decreto":"240","fecha_decreto":"24-08-2016","decreto_url":"https://www.monumentos.gob.cl/sites/default/files/decretos/d_240_del_24.08.2016_mh_puente_confluencia.pdf"}},{"type":"Feature","geometry":{"type":"Point","coordinates":[-71.04161,-34.71279]},"properties":{"nombre":"Estación de Chimbarongo","region":"Libertador General Bernardo O'Higgins","provincia":"Colchagua","comuna":"Chimbarongo","codigo_cmn":"01558_MH_06303","categoria":"Monumento Histórico","tipo_decreto":"Decreto","n_decreto":"28","fecha_decreto":"27-01-2017","decreto_url":"https://www.monumentos.gob.cl/sites/default/files/decretos/MH_01558_2017_D00028.PDF"}},{"type":"Feature","geometry":{"type":"Point","coordinates":[-70.38983,-23.645]},"properties":{"nombre":"Sitio de Memoria ex Centro de Detención Providencia","region":"Antofagasta","provincia":"Antofagasta","comuna":"Antofagasta","codigo_cmn":"01545_MH_02101","categoria":"Monumento Histórico","tipo_decreto":"Decreto","n_decreto":"299","fecha_decreto":"07-11-2016","decreto_url":"https://www.monumentos.gob.cl/sites/default/files/decretos/MH_01545_2016_D00299.PDF"}},{"type":"Feature","geometry":{"type":"Point","coordinates":[-70.39439,-23.64895]},"properties":{"nombre":"Ex Teatro Nacional de Antofagasta","region":"Antofagasta","provincia":"Antofagasta","comuna":"Antofagasta","codigo_cmn":"01680_MH_02101","categoria":"Monumento Histórico","tipo_decreto":"Decreto","n_decreto":"504","fecha_decreto":"21-12-2017","decreto_url":"https://www.monumentos.gob.cl/sites/default/files/decretos/mh_01680_2017_d504.pdf"}},{"type":"Feature","geometry":{"type":"Point","coordinates":[-69.61046,-23.15298]},"properties":{"nombre":"Oficina Salitrera Lastenia Salinas","region":"Antofagasta","provincia":"Antofagasta","comuna":"Sierra Gorda","codigo_cmn":"01681_MH_02103","categoria":"Monumento Histórico","tipo_decreto":"Decreto","n_decreto":"9","fecha_decreto":"15-01-2018","decreto_url":"https://www.monumentos.gob.cl/sites/default/files/decretos/mh_01681_2018_d9.pdf"}},{"type":"Feature","geometry":{"type":"Point","coordinates":[-69.61659,-23.14755]},"properties":{"nombre":"Oficina salitrera y Campo de Prisionero Chacabuco","region":"Antofagasta","provincia":"Antofagasta","comuna":"Sierra Gorda","codigo_cmn":"00069_MH_02103","categoria":"Monumento Histórico","tipo_decreto":"Decreto Supremo","n_decreto":"1749","fecha_decreto":"26-07-1971","decreto_url":"https://www.monumentos.gob.cl/sites/default/files/decretos/MH_00065_1971_D01749.PDF"}},{"type":"Feature","geometry":{"type":"Point","coordinates":[-73.07398,-38.03284]},"properties":{"nombre":"Ex Escuela Municipal N°44 y N°45, actual Liceo María Aurora Guíñez Ramírez","region":"La Araucanía","provincia":"Malleco","comuna":"Purén","codigo_cmn":"01695_MH_09208","categoria":"Monumento Histórico","tipo_decreto":"Decreto","n_decreto":"94","fecha_decreto":"28-02-2018","decreto_url":"https://www.monumentos.gob.cl/sites/default/files/decretos/mh_01694_2018_d94.pdf"}},{"type":"Feature","geometry":{"type":"Point","coordinates":[-70.20528,-22.09495]},"properties":{"nombre":"Colegio Sagrada Familia de Tocopilla","region":"Antofagasta","provincia":"Tocopilla","comuna":"Tocopilla","codigo_cmn":"01694_MH_02301","categoria":"Monumento Histórico","tipo_decreto":"Decreto","n_decreto":"94","fecha_decreto":"28-02-2018","decreto_url":"https://www.monumentos.gob.cl/sites/default/files/decretos/mh_01694_2018_d94.pdf"}},{"type":"Feature","geometry":{"type":"Point","coordinates":[-72.66677,-37.50246]},"properties":{"nombre":"Fuerte de Nacimiento","region":"Biobío","provincia":"Biobío","comuna":"Nacimiento","codigo_cmn":"00036_MH_08306","categoria":"Monumento Histórico","tipo_decreto":"Decreto Supremo","n_decreto":"1312","fecha_decreto":"25-03-1954","decreto_url":"https://www.monumentos.gob.cl/sites/default/files/decretos/MH_00036_1954_D01312.PDF"}},{"type":"Feature","geometry":{"type":"Point","coordinates":[-72.66422,-38.78939]},"properties":{"nombre":"Nguillatuwe, menoko y cementerio del complejo ceremonial y religioso mapuche de Monopaine","region":"La Araucanía","provincia":"Cautín","comuna":"Padre Las Casas","codigo_cmn":"00815_MH_09112","categoria":"Monumento Histórico","tipo_decreto":"Decreto Exento","n_decreto":"1098","fecha_decreto":"19-12-2001","decreto_url":"https://www.monumentos.gob.cl/sites/default/files/decretos/MH_00815_2001_D01098.PDF"}},{"type":"Feature","geometry":{"type":"Point","coordinates":[-68.93587,-22.32605]},"properties":{"nombre":"Cementerio de Chuquicamata","region":"Antofagasta","provincia":"El Loa","comuna":"Calama","codigo_cmn":"01456_MH_02201","categoria":"Monumento Histórico","tipo_decreto":"Decreto","n_decreto":"176","fecha_decreto":"13-05-2015","decreto_url":"https://www.monumentos.gob.cl/sites/default/files/decretos/MH_01453_2015_D00176.pdf"}},{"type":"Feature","geometry":{"type":"Point","coordinates":[-68.94149,-22.32063]},"properties":{"nombre":"Casa 2000 de Chuquicamata","region":"Antofagasta","provincia":"El Loa","comuna":"Calama","codigo_cmn":"01454_MH_02201","categoria":"Monumento Histórico","tipo_decreto":"Decreto","n_decreto":"176","fecha_decreto":"13-05-2015","decreto_url":"https://www.monumentos.gob.cl/sites/default/files/decretos/MH_01453_2015_D00176.pdf"}},{"type":"Feature","geometry":{"type":"Point","coordinates":[-68.91646,-22.30068]},"properties":{"nombre":"Inmuebles representativos del Campamento Americano de Chuquicamata","region":"Antofagasta","provincia":"El Loa","comuna":"Calama","codigo_cmn":"01455_MH_02201","categoria":"Monumento Histórico","tipo_decreto":"Decreto","n_decreto":"176","fecha_decreto":"13-05-2015","decreto_url":"https://www.monumentos.gob.cl/sites/default/files/decretos/MH_01453_2015_D00176.pdf"}},{"type":"Feature","geometry":{"type":"Point","coordinates":[-72.95615,-38.74416]},"properties":{"nombre":"Internado Municipal Femenino","region":"La Araucanía","provincia":"Cautín","comuna":"Nueva Imperial","codigo_cmn":"01696_MH_09111","categoria":"Monumento Histórico","tipo_decreto":"Decreto","n_decreto":"94","fecha_decreto":"28-02-2018","decreto_url":"https://www.monumentos.gob.cl/sites/default/files/decretos/mh_01694_2018_d94.pdf"}},{"type":"Feature","geometry":{"type":"Point","coordinates":[-71.30099,-38.81918]},"properties":{"nombre":"Complejo religioso y ceremonial indígena mapuche de Icalma, Eltuwe(cementerio) y Ngüillatuwe","region":"La Araucanía","provincia":"Malleco","comuna":"Lonquimay","codigo_cmn":"00895_MH_09205","categoria":"Monumento Histórico","tipo_decreto":"Decreto Exento","n_decreto":"65","fecha_decreto":"02-02-2004","decreto_url":"https://www.monumentos.gob.cl/sites/default/files/decretos/MH_00894_2004_D00065.PDF"}},{"type":"Feature","geometry":{"type":"Point","coordinates":[-71.17492,-38.47106]},"properties":{"nombre":"Complejo religioso y ceremonial indígena mapuche de Mitrauquén Alto, Eltuwe (cementerio) y Ngüillatuwe","region":"La Araucanía","provincia":"Malleco","comuna":"Lonquimay","codigo_cmn":"00894_MH_09205","categoria":"Monumento Histórico","tipo_decreto":"Decreto Exento","n_decreto":"65","fecha_decreto":"02-02-2004","decreto_url":"https://www.monumentos.gob.cl/sites/default/files/decretos/MH_00894_2004_D00065.PDF"}},{"type":"Feature","geometry":{"type":"Point","coordinates":[-72.66875,-38.87775]},"properties":{"nombre":"Eltún (cementerio mapuche) de Pelal Rucahue del lof Manquilef","region":"La Araucanía","provincia":"Cautín","comuna":"Freire","codigo_cmn":"01060_MH_09105","categoria":"Monumento Histórico","tipo_decreto":"Decreto Exento","n_decreto":"1925","fecha_decreto":"15-05-2008","decreto_url":"https://www.monumentos.gob.cl/sites/default/files/decretos/MH_01060_2008_D01925.PDF"}},{"type":"Feature","geometry":{"type":"Point","coordinates":[-71.06298,-34.20071]},"properties":{"nombre":"Cerro Poqui","region":"Libertador General Bernardo O'Higgins","provincia":"Cachapoal","comuna":"Coltauco","codigo_cmn":"01705_SN_06104","categoria":"Santuario de la Naturaleza","tipo_decreto":"Decreto","n_decreto":"8","fecha_decreto":"29-01-2018","decreto_url":"https://www.monumentos.gob.cl/sites/default/files/decretos/sn_01705_2018_d8_do.pdf"}},{"type":"Feature","geometry":{"type":"Point","coordinates":[-72.3465,-37.47413]},"properties":{"nombre":"Capilla del Hospital de San Sebastián de Los Ángeles","region":"Biobío","provincia":"Biobío","comuna":"Los Angeles","codigo_cmn":"00479_MH_08301","categoria":"Monumento Histórico","tipo_decreto":"Decreto Supremo","n_decreto":"578","fecha_decreto":"24-11-1989","decreto_url":"https://www.monumentos.gob.cl/sites/default/files/decretos/MH_00479_1989_D00578.PDF"}},{"type":"Feature","geometry":{"type":"Point","coordinates":[-70.39712,-23.64517]},"properties":{"nombre":"Casa West Coast","region":"Antofagasta","provincia":"Antofagasta","comuna":"Antofagasta","codigo_cmn":"01489_MH_02101","categoria":"Monumento Histórico","tipo_decreto":"Decreto","n_decreto":"534","fecha_decreto":"07-12-2015","decreto_url":"https://www.monumentos.gob.cl/sites/default/files/decretos/MH_01488_2015_D00534.pdf"}},{"type":"Feature","geometry":{"type":"Point","coordinates":[-70.68391,-33.44157]},"properties":{"nombre":"Parque Quinta Normal","region":"Metropolitana de Santiago","provincia":"Santiago","comuna":"Santiago","codigo_cmn":"00181_ZT_13101","categoria":"Zona Típica o Pintoresca","tipo_decreto":"Decreto Supremo","n_decreto":"556","fecha_decreto":"10-06-1976","decreto_url":"https://www.monumentos.gob.cl/sites/default/files/decretos/ZT_00181_2009_D00087.pdf"}},{"type":"Feature","geometry":{"type":"Point","coordinates":[-72.85339,-38.94295]},"properties":{"nombre":"Complejo Religioso y ceremonial Nguillatuwe de la localidad de Pelleco Lof Maitén","region":"La Araucanía","provincia":"Cautín","comuna":"Freire","codigo_cmn":"01059_MH_09105","categoria":"Monumento Histórico","tipo_decreto":"Decreto Exento","n_decreto":"1885","fecha_decreto":"07-05-2008","decreto_url":"https://www.monumentos.gob.cl/sites/default/files/decretos/MH_01059_2008_D01885.PDF"}},{"type":"Feature","geometry":{"type":"Point","coordinates":[-72.95978,-38.74327]},"properties":{"nombre":"Puente Ferroviario sobre el río Cholchol","region":"La Araucanía","provincia":"Cautín","comuna":"Nueva Imperial","codigo_cmn":"01089_MH_09111","categoria":"Monumento Histórico","tipo_decreto":"Decreto Exento","n_decreto":"2832","fecha_decreto":"24-09-2008","decreto_url":"https://www.monumentos.gob.cl/sites/default/files/decretos/MH_01089_2008_D02832.PDF"}},{"type":"Feature","geometry":{"type":"Point","coordinates":[-72.79371,-36.13261]},"properties":{"nombre":"Casco Histórico del Pueblo de Cobquecura","region":"Ñuble","provincia":"Itata","comuna":"Cobquecura","codigo_cmn":"00934_ZT_16202","categoria":"Zona Típica o Pintoresca","tipo_decreto":"Decreto Exento","n_decreto":"715","fecha_decreto":"07-06-2005","decreto_url":"https://www.monumentos.gob.cl/sites/default/files/decretos/ZT_00934_2005_D00715.PDF"}},{"type":"Feature","geometry":{"type":"Point","coordinates":[-73.4003,-37.79652]},"properties":{"nombre":"Fuerte de Tucapel","region":"Biobío","provincia":"Arauco","comuna":"Cañete","codigo_cmn":"00041_MH_08203","categoria":"Monumento Histórico","tipo_decreto":"Decreto Supremo","n_decreto":"2373","fecha_decreto":"19-03-1963","decreto_url":"https://www.monumentos.gob.cl/sites/default/files/decretos/d_290_del_28.10.2016_fija_limites_mh_fuerte_de_tucapel.pdf"}},{"type":"Feature","geometry":{"type":"Point","coordinates":[-73.15333,-36.95364]},"properties":{"nombre":"Parque hito a Galvarino","region":"Biobío","provincia":"Concepción","comuna":"Coronel","codigo_cmn":"00893_MH_08102","categoria":"Monumento Histórico","tipo_decreto":"Decreto Exento","n_decreto":"903","fecha_decreto":"10-11-2003","decreto_url":"https://www.monumentos.gob.cl/sites/default/files/decretos/MH_00893_2003_D00903.PDF"}},{"type":"Feature","geometry":{"type":"Point","coordinates":[-73.11203,-36.74207]},"properties":{"nombre":"Sector del Cerro Puntilla de Los Perales","region":"Biobío","provincia":"Concepción","comuna":"Talcahuano","codigo_cmn":"00260_MH_08110","categoria":"Monumento Histórico","tipo_decreto":"Decreto Supremo","n_decreto":"9353","fecha_decreto":"31-10-1980","decreto_url":"https://www.monumentos.gob.cl/sites/default/files/decretos/d_254_del_08.09.2016_limites_mh_cerro_puntilla_de_los_perales.pdf"}},{"type":"Feature","geometry":{"type":"Point","coordinates":[-73.18004,-37.01136]},"properties":{"nombre":"Cabrias del pique Arenas Blancas","region":"Biobío","provincia":"Concepción","comuna":"Coronel","codigo_cmn":"01062_MH_08102","categoria":"Monumento Histórico","tipo_decreto":"Decreto Exento","n_decreto":"2218","fecha_decreto":"25-06-2008","decreto_url":"https://www.monumentos.gob.cl/sites/default/files/decretos/MH_01062_2008_D02218.PDF"}},{"type":"Feature","geometry":{"type":"Point","coordinates":[-73.32729,-37.24909]},"properties":{"nombre":"Cerro Colo Colo","region":"Biobío","provincia":"Arauco","comuna":"Arauco","codigo_cmn":"01063_MH_08202","categoria":"Monumento Histórico","tipo_decreto":"Decreto Exento","n_decreto":"2360","fecha_decreto":"10-07-2008","decreto_url":"https://www.monumentos.gob.cl/sites/default/files/decretos/MH_01063_2016_D00117.pdf"}},{"type":"Feature","geometry":{"type":"Point","coordinates":[-73.3917,-38.05501]},"properties":{"nombre":"Cementerio o eltún de Antiquina","region":"Biobío","provincia":"Arauco","comuna":"Cañete","codigo_cmn":"01064_MH_08203","categoria":"Monumento Histórico","tipo_decreto":"Decreto Exento","n_decreto":"2361","fecha_decreto":"10-07-2008","decreto_url":"https://www.monumentos.gob.cl/sites/default/files/decretos/MH_01064_2008_D02361.PDF"}},{"type":"Feature","geometry":{"type":"Point","coordinates":[-73.17317,-37.08905]},"properties":{"nombre":"Sector de Chambeque","region":"Biobío","provincia":"Concepción","comuna":"Lota","codigo_cmn":"01362_MH_08106","categoria":"Monumento Histórico","tipo_decreto":"Decreto","n_decreto":"232","fecha_decreto":"22-05-2014","decreto_url":"https://www.monumentos.gob.cl/sites/default/files/decretos/MH_01362_2014_D00232.pdf"}},{"type":"Feature","geometry":{"type":"Point","coordinates":[-73.17842,-37.02574]},"properties":{"nombre":"Sector Puchoco-Schwager","region":"Biobío","provincia":"Concepción","comuna":"Coronel","codigo_cmn":"01235_ZT_08102","categoria":"Zona Típica o Pintoresca","tipo_decreto":"Decreto","n_decreto":"220","fecha_decreto":"31-05-2010","decreto_url":"https://www.monumentos.gob.cl/sites/default/files/decretos/ZT_01235_2010_D00220.PDF"}},{"type":"Feature","geometry":{"type":"Point","coordinates":[-73.16216,-37.08685]},"properties":{"nombre":"Sector de Lota Alto","region":"Biobío","provincia":"Concepción","comuna":"Lota","codigo_cmn":"01376_ZT_08106","categoria":"Zona Típica o Pintoresca","tipo_decreto":"Decreto","n_decreto":"232","fecha_decreto":"22-05-2014","decreto_url":"https://www.monumentos.gob.cl/sites/default/files/decretos/MH_01362_2014_D00232.pdf"}},{"type":"Feature","geometry":{"type":"Point","coordinates":[-73.16217,-37.09233]},"properties":{"nombre":"Pabellón 83","region":"Biobío","provincia":"Concepción","comuna":"Lota","codigo_cmn":"01172_MH_08106","categoria":"Monumento Histórico","tipo_decreto":"Decreto","n_decreto":"380","fecha_decreto":"06-10-2009","decreto_url":"https://www.monumentos.gob.cl/sites/default/files/decretos/MH_01172_2009_D00380.PDF"}},{"type":"Feature","geometry":{"type":"Point","coordinates":[-73.1608,-37.07595]},"properties":{"nombre":"Mina Chiflón del Diablo","region":"Biobío","provincia":"Concepción","comuna":"Lota","codigo_cmn":"01173_MH_08106","categoria":"Monumento Histórico","tipo_decreto":"Decreto","n_decreto":"373","fecha_decreto":"06-10-2009","decreto_url":"https://www.monumentos.gob.cl/sites/default/files/decretos/MH_01173_2009_D00373.PDF"}},{"type":"Feature","geometry":{"type":"Point","coordinates":[-73.15605,-37.09509]},"properties":{"nombre":"Desayuno Escolar","region":"Biobío","provincia":"Concepción","comuna":"Lota","codigo_cmn":"01291_MH_08106","categoria":"Monumento Histórico","tipo_decreto":"Decreto","n_decreto":"250","fecha_decreto":"27-06-2012","decreto_url":"https://www.monumentos.gob.cl/sites/default/files/decretos/MH_01290_2012_D00250.PDF"}},{"type":"Feature","geometry":{"type":"Point","coordinates":[-73.16298,-37.0869]},"properties":{"nombre":"Gota de Leche","region":"Biobío","provincia":"Concepción","comuna":"Lota","codigo_cmn":"01290_MH_08106","categoria":"Monumento Histórico","tipo_decreto":"Decreto","n_decreto":"250","fecha_decreto":"27-06-2012","decreto_url":"https://www.monumentos.gob.cl/sites/default/files/decretos/MH_01290_2012_D00250.PDF"}},{"type":"Feature","geometry":{"type":"Point","coordinates":[-73.1686,-37.09243]},"properties":{"nombre":"Parque Isidora Cousiño (Parque de Lota)","region":"Biobío","provincia":"Concepción","comuna":"Lota","codigo_cmn":"01174_MH_08106","categoria":"Monumento Histórico","tipo_decreto":"Decreto","n_decreto":"373","fecha_decreto":"06-10-2009","decreto_url":"https://www.monumentos.gob.cl/sites/default/files/decretos/MH_01173_2009_D00373.PDF"}},{"type":"Feature","geometry":{"type":"Point","coordinates":[-73.15698,-37.09397]},"properties":{"nombre":"Teatro del Sindicato N° 6 (Teatro de los Mineros de lota)","region":"Biobío","provincia":"Concepción","comuna":"Lota","codigo_cmn":"01169_MH_08106","categoria":"Monumento Histórico","tipo_decreto":"Decreto","n_decreto":"294","fecha_decreto":"05-08-2009","decreto_url":"https://www.monumentos.gob.cl/sites/default/files/decretos/MH_01169_2009_D00294.PDF"}},{"type":"Feature","geometry":{"type":"Point","coordinates":[-73.16267,-37.09429]},"properties":{"nombre":"Torre del Centenario de Lota","region":"Biobío","provincia":"Concepción","comuna":"Lota","codigo_cmn":"01242_MH_08106","categoria":"Monumento Histórico","tipo_decreto":"Decreto","n_decreto":"379","fecha_decreto":"14-09-2010","decreto_url":"https://www.monumentos.gob.cl/sites/default/files/decretos/MH_01242_2010_D00379.PDF"}},{"type":"Feature","geometry":{"type":"Point","coordinates":[-73.56784,-37.31955]},"properties":{"nombre":"Eltún o cementerio mapuche ubicado en la localidad de Los Huape","region":"Biobío","provincia":"Arauco","comuna":"Arauco","codigo_cmn":"01268_MH_08202","categoria":"Monumento Histórico","tipo_decreto":"Decreto","n_decreto":"126","fecha_decreto":"23-03-2011","decreto_url":"https://www.monumentos.gob.cl/sites/default/files/decretos/MH_01268_2011_D00315.pdf"}},{"type":"Feature","geometry":{"type":"Point","coordinates":[-72.72813,-37.13303]},"properties":{"nombre":"Cuatro bienes representativos del conjunto jesuita de Rere","region":"Biobío","provincia":"Biobío","comuna":"Yumbel","codigo_cmn":"01281_MH_08113","categoria":"Monumento Histórico","tipo_decreto":"Decreto","n_decreto":"165","fecha_decreto":"26-03-2012","decreto_url":"https://www.monumentos.gob.cl/sites/default/files/decretos/MH_01278_2012_D00165.pdf"}},{"type":"Feature","geometry":{"type":"Point","coordinates":[-73.1869,-37.00235]},"properties":{"nombre":"Sector Maule Schwager","region":"Biobío","provincia":"Concepción","comuna":"Coronel","codigo_cmn":"01352_ZT_08102","categoria":"Zona Típica o Pintoresca","tipo_decreto":"Decreto","n_decreto":"532","fecha_decreto":"23-10-2013","decreto_url":"https://www.monumentos.gob.cl/sites/default/files/decretos/ZT_01352_2013_D00532.pdf"}},{"type":"Feature","geometry":{"type":"Point","coordinates":[-72.95329,-36.63461]},"properties":{"nombre":"Deportivo y Cine Bellavista - Tomé","region":"Biobío","provincia":"Concepción","comuna":"Tomé","codigo_cmn":"01318_MH_08111","categoria":"Monumento Histórico","tipo_decreto":"Decreto","n_decreto":"46","fecha_decreto":"23-01-2013","decreto_url":"https://www.monumentos.gob.cl/sites/default/files/decretos/MH_01318_2013_D00046.PDF"}},{"type":"Feature","geometry":{"type":"Point","coordinates":[-73.65651,-37.61007]},"properties":{"nombre":"La Pileta del Niño Pez","region":"Biobío","provincia":"Arauco","comuna":"Lebu","codigo_cmn":"01564_MH_08201","categoria":"Monumento Histórico","tipo_decreto":"Decreto","n_decreto":"70","fecha_decreto":"07-04-2017","decreto_url":"https://www.monumentos.gob.cl/sites/default/files/decretos/mh_01564_2017_d00070.pdf"}},{"type":"Feature","geometry":{"type":"Point","coordinates":[-73.10538,-36.72361]},"properties":{"nombre":"Fuerte y Sitio de Memoria El Morro de Talcahuano","region":"Biobío","provincia":"Concepción","comuna":"Talcahuano","codigo_cmn":"01571_MH_08110","categoria":"Monumento Histórico","tipo_decreto":"Decreto","n_decreto":"121","fecha_decreto":"15-06-2017","decreto_url":"https://www.monumentos.gob.cl/sites/default/files/decretos/mh_01571_2017_d121.pdf"}},{"type":"Feature","geometry":{"type":"Point","coordinates":[-72.95505,-36.63481]},"properties":{"nombre":"Fábrica Textil Bellavista Oveja Tomé","region":"Biobío","provincia":"Concepción","comuna":"Tomé","codigo_cmn":"01623_MH_08111","categoria":"Monumento Histórico","tipo_decreto":"Decreto","n_decreto":"166","fecha_decreto":"31-07-2017","decreto_url":"https://www.monumentos.gob.cl/sites/default/files/decretos/mh_01623_2017_d166.pdf"}},{"type":"Feature","geometry":{"type":"Point","coordinates":[-71.23953,-34.98539]},"properties":{"nombre":"Plaza de Armas de Curicó","region":"Maule","provincia":"Curicó","comuna":"Curicó","codigo_cmn":"00425_ZT_07301","categoria":"Zona Típica o Pintoresca","tipo_decreto":"Decreto Supremo","n_decreto":"1156","fecha_decreto":"14-11-1986","decreto_url":"https://www.monumentos.gob.cl/sites/default/files/decretos/zt_00425_2018_d18.pdf"}},{"type":"Feature","geometry":{"type":"Point","coordinates":[-71.58336,-35.74795]},"properties":{"nombre":"Sector que rodea y adyacentes de la Plaza de Armas de Yerbas Buenas","region":"Maule","provincia":"Linares","comuna":"Yerbas Buenas","codigo_cmn":"00460_ZT_07408","categoria":"Zona Típica o Pintoresca","tipo_decreto":"Decreto Supremo","n_decreto":"548","fecha_decreto":"28-07-1987","decreto_url":"https://www.monumentos.gob.cl/sites/default/files/decretos/ZT_00460_2002_D00161.pdf"}},{"type":"Feature","geometry":{"type":"Point","coordinates":[-71.58772,-36.38636]},"properties":{"nombre":"Conjunto de inmuebles y sitios correspondientes a la ex Colonia Dignidad","region":"Maule","provincia":"Linares","comuna":"Parral","codigo_cmn":"01522_MH_07404","categoria":"Monumento Histórico","tipo_decreto":"Decreto","n_decreto":"208","fecha_decreto":"18-07-2016","decreto_url":"https://www.monumentos.gob.cl/sites/default/files/decretos/MH_01522_2016_D00208.PDF"}},{"type":"Feature","geometry":{"type":"Point","coordinates":[-72.60238,-35.65376]},"properties":{"nombre":"Humedal de Reloca","region":"Maule","provincia":"Cauquenes","comuna":"Chanco","codigo_cmn":"00960_SN_07202","categoria":"Santuario de la Naturaleza","tipo_decreto":"Decreto Exento","n_decreto":"1613","fecha_decreto":"28-10-2005","decreto_url":"https://www.monumentos.gob.cl/sites/default/files/decretos/SN_00960_2005_D01613.PDF"}},{"type":"Feature","geometry":{"type":"Point","coordinates":[-72.25119,-35.14979]},"properties":{"nombre":"Área denominada Humedales Costeros de Putú - Huenchullami","region":"Maule","provincia":"Talca","comuna":"Constitución","codigo_cmn":"01684_SN_07102","categoria":"Santuario de la Naturaleza","tipo_decreto":"Decreto","n_decreto":"55","fecha_decreto":"04-12-2017","decreto_url":"https://www.monumentos.gob.cl/sites/default/files/decretos/sn_01684_2017_dmma55_do.pdf"}},{"type":"Feature","geometry":{"type":"Point","coordinates":[-72.01792,-35.09392]},"properties":{"nombre":"Sector de la ciudad de Curepto","region":"Maule","provincia":"Talca","comuna":"Curepto","codigo_cmn":"00523_ZT_07103","categoria":"Zona Típica o Pintoresca","tipo_decreto":"Decreto Supremo","n_decreto":"803","fecha_decreto":"21-12-1990","decreto_url":"https://www.monumentos.gob.cl/sites/default/files/decretos/ZT_00523_2013_D00445.pdf"}},{"type":"Feature","geometry":{"type":"Point","coordinates":[-72.12739,-35.72059]},"properties":{"nombre":"Parroquia San Luis Gonzaga de Sauzal","region":"Maule","provincia":"Cauquenes","comuna":"Cauquenes","codigo_cmn":"01038_MH_07201","categoria":"Monumento Histórico","tipo_decreto":"Decreto Exento","n_decreto":"1975","fecha_decreto":"11-10-2007","decreto_url":"https://www.monumentos.gob.cl/sites/default/files/decretos/MH_01038_2007_D01975.PDF"}},{"type":"Feature","geometry":{"type":"Point","coordinates":[-71.44578,-35.38397]},"properties":{"nombre":"Templo Parroquial San José de Pelarco","region":"Maule","provincia":"Talca","comuna":"Pelarco","codigo_cmn":"00819_MH_07106","categoria":"Monumento Histórico","tipo_decreto":"Decreto Exento","n_decreto":"157","fecha_decreto":"06-03-2002"}},{"type":"Feature","geometry":{"type":"Point","coordinates":[-71.86467,-35.44182]},"properties":{"nombre":"Santuario Inmaculada Concepción de Corinto","region":"Maule","provincia":"Talca","comuna":"Pencahue","codigo_cmn":"01037_MH_07107","categoria":"Monumento Histórico","tipo_decreto":"Decreto Exento","n_decreto":"1976","fecha_decreto":"11-10-2007","decreto_url":"https://www.monumentos.gob.cl/sites/default/files/decretos/MH_01037_2007_D01976.PDF"}},{"type":"Feature","geometry":{"type":"Point","coordinates":[-71.66183,-35.4267]},"properties":{"nombre":"Escuelas Concentradas de Talca","region":"Maule","provincia":"Talca","comuna":"Talca","codigo_cmn":"01333_MH_07101","categoria":"Monumento Histórico","tipo_decreto":"Decreto","n_decreto":"308","fecha_decreto":"23-05-2013","decreto_url":"https://www.monumentos.gob.cl/sites/default/files/decretos/MH_01333_2013_D00308.pdf"}},{"type":"Feature","geometry":{"type":"Point","coordinates":[-71.55372,-35.47058]},"properties":{"nombre":"Estación Ferroviaria de Mercedes","region":"Maule","provincia":"Talca","comuna":"Talca","codigo_cmn":"01229_MH_07101","categoria":"Monumento Histórico","tipo_decreto":"Decreto","n_decreto":"98","fecha_decreto":"05-02-2010","decreto_url":"https://www.monumentos.gob.cl/sites/default/files/decretos/MH_01229_2010_D00098.PDF"}},{"type":"Feature","geometry":{"type":"Point","coordinates":[-71.66491,-35.42622]},"properties":{"nombre":"Edificio de la Intendencia de la VII Región del Maule","region":"Maule","provincia":"Talca","comuna":"Talca","codigo_cmn":"00800_MH_07101","categoria":"Monumento Histórico","tipo_decreto":"Decreto Exento","n_decreto":"103","fecha_decreto":"20-03-2001","decreto_url":"https://www.monumentos.gob.cl/sites/default/files/decretos/MH_00800_2001_D00103.PDF"}},{"type":"Feature","geometry":{"type":"Point","coordinates":[-72.05348,-35.0123]},"properties":{"nombre":"Santuario Nuestra Señora del Rosario de Lora","region":"Maule","provincia":"Curicó","comuna":"Licantén","codigo_cmn":"00906_MH_07303","categoria":"Monumento Histórico","tipo_decreto":"Decreto Exento","n_decreto":"639","fecha_decreto":"17-08-2004","decreto_url":"https://www.monumentos.gob.cl/sites/default/files/decretos/MH_00906_2004_D00639.PDF"}},{"type":"Feature","geometry":{"type":"Point","coordinates":[-71.66498,-35.42662]},"properties":{"nombre":"Edificio de los Servicios Públicos de Talca","region":"Maule","provincia":"Talca","comuna":"Talca","codigo_cmn":"01086_MH_07101","categoria":"Monumento Histórico","tipo_decreto":"Decreto Exento","n_decreto":"2739","fecha_decreto":"09-09-2008","decreto_url":"https://www.monumentos.gob.cl/sites/default/files/decretos/MH_01086_2008_D02739.PDF"}},{"type":"Feature","geometry":{"type":"Point","coordinates":[-71.73466,-35.67183]},"properties":{"nombre":"Sector de los hombres Ilustres del cementerio de Villa Alegre","region":"Maule","provincia":"Linares","comuna":"Villa Alegre","codigo_cmn":"00860_MH_07407","categoria":"Monumento Histórico","tipo_decreto":"Decreto Exento","n_decreto":"888","fecha_decreto":"12-09-2002","decreto_url":"https://www.monumentos.gob.cl/sites/default/files/decretos/MH_00860_2002_D00888.PDF"}},{"type":"Feature","geometry":{"type":"Point","coordinates":[-71.23994,-34.98453]},"properties":{"nombre":"Teatro Victoria","region":"Maule","provincia":"Curicó","comuna":"Curicó","codigo_cmn":"01511_MH_07301","categoria":"Monumento Histórico","tipo_decreto":"Decreto","n_decreto":"585","fecha_decreto":"29-12-2015","decreto_url":"https://www.monumentos.gob.cl/sites/default/files/decretos/MH_01511_2015_D00585.PDF"}},{"type":"Feature","geometry":{"type":"Point","coordinates":[-71.15884,-34.87094]},"properties":{"nombre":"Estación de Teno","region":"Maule","provincia":"Curicó","comuna":"Teno","codigo_cmn":"01557_MH_07308","categoria":"Monumento Histórico","tipo_decreto":"Decreto","n_decreto":"23","fecha_decreto":"26-01-2017","decreto_url":"https://www.monumentos.gob.cl/sites/default/files/decretos/MH_01557_2017_D00023.PDF"}},{"type":"Feature","geometry":{"type":"Point","coordinates":[-71.5191,-35.30658]},"properties":{"nombre":"Estación de San Rafael","region":"Maule","provincia":"Talca","comuna":"San Rafael","codigo_cmn":"01556_MH_07110","categoria":"Monumento Histórico","tipo_decreto":"Decreto","n_decreto":"22","fecha_decreto":"26-01-2017","decreto_url":"https://www.monumentos.gob.cl/sites/default/files/decretos/MH_01556_2017_D00022.PDF"}},{"type":"Feature","geometry":{"type":"Point","coordinates":[-71.67996,-35.69577]},"properties":{"nombre":"Estación de Villa Alegre","region":"Maule","provincia":"Linares","comuna":"Villa Alegre","codigo_cmn":"01555_MH_07407","categoria":"Monumento Histórico","tipo_decreto":"Decreto","n_decreto":"11","fecha_decreto":"20-01-2017","decreto_url":"https://www.monumentos.gob.cl/sites/default/files/decretos/MH_01555_2017_D00011.PDF"}},{"type":"Feature","geometry":{"type":"Point","coordinates":[-71.87141,-36.23587]},"properties":{"nombre":"Estación de Perquilauquén","region":"Maule","provincia":"Linares","comuna":"Parral","codigo_cmn":"01554_MH_07404","categoria":"Monumento Histórico","tipo_decreto":"Decreto","n_decreto":"10","fecha_decreto":"20-01-2017","decreto_url":"https://www.monumentos.gob.cl/sites/default/files/decretos/MH_01554_2017_D00010.PDF"}},{"type":"Feature","geometry":{"type":"Point","coordinates":[-71.26094,-36.14967]},"properties":{"nombre":"Cajón del Río Achibueno","region":"Maule","provincia":"Linares","comuna":"Multiterritorial","codigo_cmn":"01484_SN_MT","categoria":"Santuario de la Naturaleza","tipo_decreto":"Decreto","n_decreto":"35","fecha_decreto":"07-09-2015","decreto_url":"https://www.monumentos.gob.cl/sites/default/files/decretos/SN_01484_2015_D00035.pdf"}},{"type":"Feature","geometry":{"type":"Point","coordinates":[-71.66183,-35.4267]},"properties":{"nombre":"Escuelas Concentradas de Talca","region":"Maule","provincia":"Talca","comuna":"Talca","codigo_cmn":"01334_MH_07101","categoria":"Monumento Histórico","tipo_decreto":"Decreto","n_decreto":"308","fecha_decreto":"23-05-2013","decreto_url":"https://www.monumentos.gob.cl/sites/default/files/decretos/MH_01333_2013_D00308.pdf"}},{"type":"Feature","geometry":{"type":"Point","coordinates":[-71.62864,-33.04238]},"properties":{"nombre":"Cerros Alegre y Concepción","region":"Valparaíso","provincia":"Valparaíso","comuna":"Valparaíso","codigo_cmn":"00239_ZT_05101","categoria":"Zona Típica o Pintoresca","tipo_decreto":"Decreto Supremo","n_decreto":"1876","fecha_decreto":"19-07-1979","decreto_url":"https://www.monumentos.gob.cl/sites/default/files/decretos/ZT_00809_2001_D00605.PDF"}},{"type":"Feature","geometry":{"type":"Point","coordinates":[-71.09916,-34.03228]},"properties":{"nombre":"Pueblo Villa Alhué","region":"Metropolitana de Santiago","provincia":"Melipilla","comuna":"Alhué","codigo_cmn":"00328_ZT_13502","categoria":"Zona Típica o Pintoresca","tipo_decreto":"Decreto Supremo","n_decreto":"125","fecha_decreto":"07-02-1983","decreto_url":"https://www.monumentos.gob.cl/sites/default/files/decretos/ZT_00328_2008_D01521.pdf"}},{"type":"Feature","geometry":{"type":"Point","coordinates":[-70.67598,-33.47548]},"properties":{"nombre":"Maestranza de Ferrocarriles San Eugenio y edificaciones anexas","region":"Metropolitana de Santiago","provincia":"Santiago","comuna":"Estación Central","codigo_cmn":"01044_MH_13106","categoria":"Monumento Histórico","tipo_decreto":"Decreto Exento","n_decreto":"2050","fecha_decreto":"23-10-2007","decreto_url":"https://www.monumentos.gob.cl/sites/default/files/decretos/MH_01040_2007_D02050.PDF"}},{"type":"Feature","geometry":{"type":"Point","coordinates":[-70.67596,-33.47597]},"properties":{"nombre":"Maestranza de Ferrocarriles San Eugenio y edificaciones anexas","region":"Metropolitana de Santiago","provincia":"Santiago","comuna":"Estación Central","codigo_cmn":"01045_MH_13106","categoria":"Monumento Histórico","tipo_decreto":"Decreto Exento","n_decreto":"2050","fecha_decreto":"23-10-2007","decreto_url":"https://www.monumentos.gob.cl/sites/default/files/decretos/MH_01040_2007_D02050.PDF"}},{"type":"Feature","geometry":{"type":"Point","coordinates":[-70.67602,-33.47462]},"properties":{"nombre":"Maestranza de Ferrocarriles San Eugenio y edificaciones anexas","region":"Metropolitana de Santiago","provincia":"Santiago","comuna":"Estación Central","codigo_cmn":"01047_MH_13106","categoria":"Monumento Histórico","tipo_decreto":"Decreto Exento","n_decreto":"2050","fecha_decreto":"23-10-2007","decreto_url":"https://www.monumentos.gob.cl/sites/default/files/decretos/MH_01040_2007_D02050.PDF"}},{"type":"Feature","geometry":{"type":"Point","coordinates":[-70.61632,-33.42757]},"properties":{"nombre":"Iglesia Parroquial Nuestra Señora de La Divina Providencia con su casa parroquial y construcciones adyacentes","region":"Metropolitana de Santiago","provincia":"Santiago","comuna":"Providencia","codigo_cmn":"00149_MH_13123","categoria":"Monumento Histórico","tipo_decreto":"Decreto Supremo","n_decreto":"513","fecha_decreto":"13-06-1975","decreto_url":"https://www.monumentos.gob.cl/sites/default/files/decretos/MH_00149_1989_D00057.pdf"}},{"type":"Feature","geometry":{"type":"Point","coordinates":[-70.64806,-33.44438]},"properties":{"nombre":"Sector de las Calles Londres y París","region":"Metropolitana de Santiago","provincia":"Santiago","comuna":"Santiago","codigo_cmn":"00312_ZT_13101","categoria":"Zona Típica o Pintoresca","tipo_decreto":"Decreto Supremo","n_decreto":"1679","fecha_decreto":"14-04-1982","decreto_url":"https://www.monumentos.gob.cl/sites/default/files/decretos/zt_00312_2018_d15.pdf"}},{"type":"Feature","geometry":{"type":"Point","coordinates":[-70.65198,-33.43798]},"properties":{"nombre":"Plaza de Armas, Congreso Nacional y su entorno","region":"Metropolitana de Santiago","provincia":"Santiago","comuna":"Santiago","codigo_cmn":"00426_ZT_13101","categoria":"Zona Típica o Pintoresca","tipo_decreto":"Decreto Supremo","n_decreto":"1551","fecha_decreto":"03-12-1986","decreto_url":"https://www.monumentos.gob.cl/sites/default/files/decretos/i_2464-18_d_64_16.02._2018_opt.pdf"}},{"type":"Feature","geometry":{"type":"Point","coordinates":[-70.65212,-33.45041]},"properties":{"nombre":"Barrio Cívico - Eje Bulnes - Parque Almagro","region":"Metropolitana de Santiago","provincia":"Santiago","comuna":"Santiago","codigo_cmn":"01050_ZT_13101","categoria":"Zona Típica o Pintoresca","tipo_decreto":"Decreto Exento","n_decreto":"462","fecha_decreto":"05-02-2008","decreto_url":"https://www.monumentos.gob.cl/sites/default/files/decretos/ZT_01050_2008_D00462.PDF"}},{"type":"Feature","geometry":{"type":"Point","coordinates":[-70.65111,-33.44342]},"properties":{"nombre":"Sector calle Nueva York, La Bolsa y Club de la Unión","region":"Metropolitana de Santiago","provincia":"Santiago","comuna":"Santiago","codigo_cmn":"00496_ZT_13101","categoria":"Zona Típica o Pintoresca","tipo_decreto":"Decreto Supremo","n_decreto":"606","fecha_decreto":"29-12-1989","decreto_url":"https://www.monumentos.gob.cl/sites/default/files/decretos/ZT_00496_2013_D00137.pdf"}},{"type":"Feature","geometry":{"type":"Point","coordinates":[-70.6706,-33.44176]},"properties":{"nombre":"Sector que indica de los Barrios Yungay y Brasil de Santiago Poniente","region":"Metropolitana de Santiago","provincia":"Santiago","comuna":"Santiago","codigo_cmn":"01119_ZT_13101","categoria":"Zona Típica o Pintoresca","tipo_decreto":"Decreto","n_decreto":"43","fecha_decreto":"19-02-2009","decreto_url":"https://www.monumentos.gob.cl/sites/default/files/decretos/ZT_01119_2009_D00043.PDF"}},{"type":"Feature","geometry":{"type":"Point","coordinates":[-70.63846,-33.46065]},"properties":{"nombre":"Barrio Matta Sur","region":"Metropolitana de Santiago","provincia":"Santiago","comuna":"Santiago","codigo_cmn":"01533_ZT_13101","categoria":"Zona Típica o Pintoresca","tipo_decreto":"Decreto","n_decreto":"210","fecha_decreto":"18-07-2016","decreto_url":"https://www.monumentos.gob.cl/sites/default/files/decretos/ZT_01533_2016_D00210.PDF"}},{"type":"Feature","geometry":{"type":"Point","coordinates":[-70.66383,-33.4635]},"properties":{"nombre":"Sector Club Hípico y Parque O'Higgins","region":"Metropolitana de Santiago","provincia":"Santiago","comuna":"Santiago","codigo_cmn":"00835_ZT_13101","categoria":"Zona Típica o Pintoresca","tipo_decreto":"Decreto Exento","n_decreto":"523","fecha_decreto":"13-06-2002","decreto_url":"https://www.monumentos.gob.cl/sites/default/files/decretos/MH_00832_2002_D00523.PDF"}},{"type":"Feature","geometry":{"type":"Point","coordinates":[-70.67047,-33.45933]},"properties":{"nombre":"Edificios del Club Hípico","region":"Metropolitana de Santiago","provincia":"Santiago","comuna":"Santiago","codigo_cmn":"00833_MH_13101","categoria":"Monumento Histórico","tipo_decreto":"Decreto Exento","n_decreto":"523","fecha_decreto":"13-06-2002","decreto_url":"https://www.monumentos.gob.cl/sites/default/files/decretos/MH_00832_2002_D00523.PDF"}},{"type":"Feature","geometry":{"type":"Point","coordinates":[-70.67005,-33.45861]},"properties":{"nombre":"Edificios del Club Hípico","region":"Metropolitana de Santiago","provincia":"Santiago","comuna":"Santiago","codigo_cmn":"00834_MH_13101","categoria":"Monumento Histórico","tipo_decreto":"Decreto Exento","n_decreto":"523","fecha_decreto":"13-06-2002","decreto_url":"https://www.monumentos.gob.cl/sites/default/files/decretos/MH_00832_2002_D00523.PDF"}},{"type":"Feature","geometry":{"type":"Point","coordinates":[-70.69341,-33.6063]},"properties":{"nombre":"Edificios de la maestranza de San Bernardo","region":"Metropolitana de Santiago","provincia":"Maipo","comuna":"San Bernardo","codigo_cmn":"01222_MH_13401","categoria":"Monumento Histórico","tipo_decreto":"Decreto","n_decreto":"46","fecha_decreto":"19-01-2010","decreto_url":"https://www.monumentos.gob.cl/sites/default/files/decretos/MH_01222_2010_D00046.PDF"}},{"type":"Feature","geometry":{"type":"Point","coordinates":[-70.65268,-33.51397]},"properties":{"nombre":"Mural Exaltación de los trabajadores de la ex Escuela Rebeca","region":"Metropolitana de Santiago","provincia":"Santiago","comuna":"San Miguel","codigo_cmn":"01504_MH_13130","categoria":"Monumento Histórico","tipo_decreto":"Decreto","n_decreto":"76","fecha_decreto":"11-03-2016","decreto_url":"https://www.monumentos.gob.cl/sites/default/files/decretos/MH_01504_2016_D00076.pdf"}},{"type":"Feature","geometry":{"type":"Point","coordinates":[-70.64862,-33.42285]},"properties":{"nombre":"Teatro Grez y Lavandería del Instituto Psiquiátrico Dr. José Horwitz","region":"Metropolitana de Santiago","provincia":"Santiago","comuna":"Recoleta","codigo_cmn":"01515_MH_13127","categoria":"Monumento Histórico","tipo_decreto":"Decreto","n_decreto":"135","fecha_decreto":"29-04-2016","decreto_url":"https://www.monumentos.gob.cl/sites/default/files/decretos/MH_01515_2016_D00135.pdf"}},{"type":"Feature","geometry":{"type":"Point","coordinates":[-70.7209,-33.58406]},"properties":{"nombre":"Cuartel N°II de la Sección de Inteligencia de la Escuela de Infantería de San Bernardo","region":"Metropolitana de Santiago","provincia":"Maipo","comuna":"San Bernardo","codigo_cmn":"01704_MH_13401","categoria":"Monumento Histórico","tipo_decreto":"Decreto","n_decreto":"98","fecha_decreto":"28-02-2018","decreto_url":"https://www.monumentos.gob.cl/sites/default/files/decretos/mh_01702_2018_d98.pdf"}},{"type":"Feature","geometry":{"type":"Point","coordinates":[-70.71723,-33.59426]},"properties":{"nombre":"Cuartel N°II de la Sección de Inteligencia de la Escuela de Infantería de San Bernardo","region":"Metropolitana de Santiago","provincia":"Maipo","comuna":"San Bernardo","codigo_cmn":"01702_MH_13401","categoria":"Monumento Histórico","tipo_decreto":"Decreto","n_decreto":"98","fecha_decreto":"28-02-2018","decreto_url":"https://www.monumentos.gob.cl/sites/default/files/decretos/mh_01702_2018_d98.pdf"}},{"type":"Feature","geometry":{"type":"Point","coordinates":[-70.65037,-33.4325]},"properties":{"nombre":"Puente metálico sobre el río Mapocho, que enfrenta a la calle 21 de Mayo","region":"Metropolitana de Santiago","provincia":"Santiago","comuna":"Santiago","codigo_cmn":"00678_MH_13101","categoria":"Monumento Histórico","tipo_decreto":"Decreto Exento","n_decreto":"824","fecha_decreto":"29-07-1997","decreto_url":"https://www.monumentos.gob.cl/sites/default/files/decretos/MH_00675_1997_D00824.pdf"}},{"type":"Feature","geometry":{"type":"Point","coordinates":[-70.67074,-33.4601]},"properties":{"nombre":"Edificios del Club Hípico","region":"Metropolitana de Santiago","provincia":"Santiago","comuna":"Santiago","codigo_cmn":"00832_MH_13101","categoria":"Monumento Histórico","tipo_decreto":"Decreto Exento","n_decreto":"523","fecha_decreto":"13-06-2002","decreto_url":"https://www.monumentos.gob.cl/sites/default/files/decretos/MH_00832_2002_D00523.PDF"}},{"type":"Feature","geometry":{"type":"Point","coordinates":[-70.71563,-33.58811]},"properties":{"nombre":"Cuartel N°II de la Sección de Inteligencia de la Escuela de Infantería de San Bernardo","region":"Metropolitana de Santiago","provincia":"Maipo","comuna":"San Bernardo","codigo_cmn":"01703_MH_13401","categoria":"Monumento Histórico","tipo_decreto":"Decreto","n_decreto":"98","fecha_decreto":"28-02-2018","decreto_url":"https://www.monumentos.gob.cl/sites/default/files/decretos/mh_01702_2018_d98.pdf"}},{"type":"Feature","geometry":{"type":"Point","coordinates":[-70.64795,-33.43919]},"properties":{"nombre":"Murales de Nemesio Antúnez","region":"Metropolitana de Santiago","provincia":"Santiago","comuna":"Santiago","codigo_cmn":"01263_MH_13101","categoria":"Monumento Histórico","tipo_decreto":"Decreto","n_decreto":"253","fecha_decreto":"18-07-2011","decreto_url":"https://www.monumentos.gob.cl/sites/default/files/decretos/MH_01261_2011_D00253.PDF"}},{"type":"Feature","geometry":{"type":"Point","coordinates":[-70.63231,-33.42208]},"properties":{"nombre":"Segunda Cumbre del Parque Metropolitano de Santiago","region":"Metropolitana de Santiago","provincia":"Santiago","comuna":"Multiterritorial","codigo_cmn":"01272_MH_MT","categoria":"Monumento Histórico","tipo_decreto":"Decreto","n_decreto":"352","fecha_decreto":"03-09-2010","decreto_url":"https://www.monumentos.gob.cl/sites/default/files/decretos/MH_01239_2010_D00352.PDF"}},{"type":"Feature","geometry":{"type":"Point","coordinates":[-70.63241,-33.42214]},"properties":{"nombre":"Segunda Cumbre del Parque Metropolitano de Santiago","region":"Metropolitana de Santiago","provincia":"Santiago","comuna":"Multiterritorial","codigo_cmn":"01239_MH_MT","categoria":"Monumento Histórico","tipo_decreto":"Decreto","n_decreto":"352","fecha_decreto":"03-09-2010","decreto_url":"https://www.monumentos.gob.cl/sites/default/files/decretos/MH_01239_2010_D00352.PDF"}},{"type":"Feature","geometry":{"type":"Point","coordinates":[-70.63225,-33.42198]},"properties":{"nombre":"Segunda Cumbre del Parque Metropolitano de Santiago","region":"Metropolitana de Santiago","provincia":"Santiago","comuna":"Multiterritorial","codigo_cmn":"01273_MH_MT","categoria":"Monumento Histórico","tipo_decreto":"Decreto","n_decreto":"352","fecha_decreto":"03-09-2010","decreto_url":"https://www.monumentos.gob.cl/sites/default/files/decretos/MH_01239_2010_D00352.PDF"}},{"type":"Feature","geometry":{"type":"Point","coordinates":[-70.63241,-33.42219]},"properties":{"nombre":"Segunda Cumbre del Parque Metropolitano de Santiago","region":"Metropolitana de Santiago","provincia":"Santiago","comuna":"Multiterritorial","codigo_cmn":"01276_MH_MT","categoria":"Monumento Histórico","tipo_decreto":"Decreto","n_decreto":"352","fecha_decreto":"03-09-2010","decreto_url":"https://www.monumentos.gob.cl/sites/default/files/decretos/MH_01239_2010_D00352.PDF"}},{"type":"Feature","geometry":{"type":"Point","coordinates":[-70.65338,-33.43995]},"properties":{"nombre":"Murales de Nemesio Antúnez","region":"Metropolitana de Santiago","provincia":"Santiago","comuna":"Santiago","codigo_cmn":"01261_MH_13101","categoria":"Monumento Histórico","tipo_decreto":"Decreto","n_decreto":"253","fecha_decreto":"18-07-2011","decreto_url":"https://www.monumentos.gob.cl/sites/default/files/decretos/MH_01261_2011_D00253.PDF"}},{"type":"Feature","geometry":{"type":"Point","coordinates":[-70.65338,-33.44011]},"properties":{"nombre":"Murales de Nemesio Antúnez","region":"Metropolitana de Santiago","provincia":"Santiago","comuna":"Santiago","codigo_cmn":"01262_MH_13101","categoria":"Monumento Histórico","tipo_decreto":"Decreto","n_decreto":"253","fecha_decreto":"18-07-2011","decreto_url":"https://www.monumentos.gob.cl/sites/default/files/decretos/MH_01261_2011_D00253.PDF"}},{"type":"Feature","geometry":{"type":"Point","coordinates":[-70.64954,-33.43672]},"properties":{"nombre":"Mural Nemesio Antúnez","region":"Metropolitana de Santiago","provincia":"Santiago","comuna":"Santiago","codigo_cmn":"01264_MH_13101","categoria":"Monumento Histórico","tipo_decreto":"Decreto","n_decreto":"253","fecha_decreto":"18-07-2011","decreto_url":"https://www.monumentos.gob.cl/sites/default/files/decretos/MH_01261_2011_D00253.PDF"}},{"type":"Feature","geometry":{"type":"Point","coordinates":[-71.00835,-32.99073]},"properties":{"nombre":"Sector del Cerro el Roble","region":"Metropolitana de Santiago","provincia":"Chacabuco","comuna":"Tiltil","codigo_cmn":"00795_SN_13303","categoria":"Santuario de la Naturaleza","tipo_decreto":"Decreto Exento","n_decreto":"229","fecha_decreto":"27-06-2000","decreto_url":"https://www.monumentos.gob.cl/sites/default/files/decretos/SN_00795_2000_D00229.PDF"}},{"type":"Feature","geometry":{"type":"Point","coordinates":[-70.2658,-33.65321]},"properties":{"nombre":"Predios denominados San Francisco de Lagunillas y Quillayal","region":"Metropolitana de Santiago","provincia":"Cordillera","comuna":"San José de Maipo","codigo_cmn":"01056_SN_13203","categoria":"Santuario de la Naturaleza","tipo_decreto":"Decreto Exento","n_decreto":"775","fecha_decreto":"08-04-2008","decreto_url":"https://www.monumentos.gob.cl/sites/default/files/decretos/SN_01056_2008_D00775.PDF"}},{"type":"Feature","geometry":{"type":"Point","coordinates":[-70.90349,-33.49462]},"properties":{"nombre":"Quebrada de La Plata","region":"Metropolitana de Santiago","provincia":"Santiago","comuna":"Maipú","codigo_cmn":"01569_SN_13119","categoria":"Santuario de la Naturaleza","tipo_decreto":"Decreto","n_decreto":"44","fecha_decreto":"19-12-2017","decreto_url":"https://www.monumentos.gob.cl/sites/default/files/decretos/sn_01569_2017_dmma44.pdf"}},{"type":"Feature","geometry":{"type":"Point","coordinates":[-71.04853,-33.91572]},"properties":{"nombre":"San Juan de Piche","region":"Metropolitana de Santiago","provincia":"Melipilla","comuna":"Alhué","codigo_cmn":"01356_SN_13502","categoria":"Santuario de la Naturaleza","tipo_decreto":"Decreto","n_decreto":"23","fecha_decreto":"19-06-2013","decreto_url":"https://www.monumentos.gob.cl/sites/default/files/decretos/SN_01356_2013_D00023.pdf"}},{"type":"Feature","geometry":{"type":"Point","coordinates":[-70.55313,-33.86797]},"properties":{"nombre":"El Ajial","region":"Metropolitana de Santiago","provincia":"Maipo","comuna":"Paine","codigo_cmn":"01551_SN_13404","categoria":"Santuario de la Naturaleza","tipo_decreto":"Decreto","n_decreto":"4","fecha_decreto":"03-03-2016","decreto_url":"https://www.monumentos.gob.cl/sites/default/files/decretos/SN_01551_2016_D00004.pdf"}},{"type":"Feature","geometry":{"type":"Point","coordinates":[-71.00294,-33.84916]},"properties":{"nombre":"Horcón de Piedra","region":"Metropolitana de Santiago","provincia":"Melipilla","comuna":"Melipilla","codigo_cmn":"01330_SN_13501","categoria":"Santuario de la Naturaleza","tipo_decreto":"Decreto","n_decreto":"28","fecha_decreto":"26-07-2011","decreto_url":"https://www.monumentos.gob.cl/sites/default/files/decretos/SN_01330_2011_D00028.pdf"}},{"type":"Feature","geometry":{"type":"Point","coordinates":[-70.6333,-33.44049]},"properties":{"nombre":"Calle Viña del Mar","region":"Metropolitana de Santiago","provincia":"Santiago","comuna":"Providencia","codigo_cmn":"00686_ZT_13123","categoria":"Zona Típica o Pintoresca","tipo_decreto":"Decreto Exento","n_decreto":"1043","fecha_decreto":"15-10-1997","decreto_url":"https://www.monumentos.gob.cl/sites/default/files/decretos/ZT_00686_1997_D01043.PDF"}},{"type":"Feature","geometry":{"type":"Point","coordinates":[-70.63011,-33.43145]},"properties":{"nombre":"Población León XIII","region":"Metropolitana de Santiago","provincia":"Santiago","comuna":"Providencia","codigo_cmn":"00673_ZT_13123","categoria":"Zona Típica o Pintoresca","tipo_decreto":"Decreto Exento","n_decreto":"477","fecha_decreto":"25-04-1997","decreto_url":"https://www.monumentos.gob.cl/sites/default/files/decretos/ZT_00673_2013_D00534.pdf"}},{"type":"Feature","geometry":{"type":"Point","coordinates":[-70.61703,-33.43276]},"properties":{"nombre":"Población William Noon","region":"Metropolitana de Santiago","provincia":"Santiago","comuna":"Providencia","codigo_cmn":"00618_ZT_13123","categoria":"Zona Típica o Pintoresca","tipo_decreto":"Decreto Exento","n_decreto":"514","fecha_decreto":"31-10-1994","decreto_url":"https://www.monumentos.gob.cl/sites/default/files/decretos/ZT_00618_1994_D00514.PDF"}},{"type":"Feature","geometry":{"type":"Point","coordinates":[-70.64686,-33.4567]},"properties":{"nombre":"Conjunto Residencial calle Serrano","region":"Metropolitana de Santiago","provincia":"Santiago","comuna":"Santiago","codigo_cmn":"00875_ZT_13101","categoria":"Zona Típica o Pintoresca","tipo_decreto":"Decreto Exento","n_decreto":"364","fecha_decreto":"26-05-2003","decreto_url":"https://www.monumentos.gob.cl/sites/default/files/decretos/ZT_00875_2003_D00364.PDF"}},{"type":"Feature","geometry":{"type":"Point","coordinates":[-70.64803,-33.44434]},"properties":{"nombre":"Londres 38. Espacio de Memorias. Ex centro clandestino de detención, tortura, ejecución y desaparición forzada","region":"Metropolitana de Santiago","provincia":"Santiago","comuna":"Santiago","codigo_cmn":"00959_MH_13101","categoria":"Monumento Histórico","tipo_decreto":"Decreto Exento","n_decreto":"1413","fecha_decreto":"04-10-2005","decreto_url":"https://www.monumentos.gob.cl/sites/default/files/decretos/MH_00959_2005_D01413.PDF"}},{"type":"Feature","geometry":{"type":"Point","coordinates":[-70.63546,-33.45491]},"properties":{"nombre":"Población Madrid","region":"Metropolitana de Santiago","provincia":"Santiago","comuna":"Santiago","codigo_cmn":"00783_ZT_13101","categoria":"Zona Típica o Pintoresca","tipo_decreto":"Decreto Exento","n_decreto":"6","fecha_decreto":"11-01-2000","decreto_url":"https://www.monumentos.gob.cl/sites/default/files/decretos/ZT_00783_2000_D00006.PDF"}},{"type":"Feature","geometry":{"type":"Point","coordinates":[-70.69258,-33.53437]},"properties":{"nombre":"Sector del Pueblo de Lo Espejo","region":"Metropolitana de Santiago","provincia":"Santiago","comuna":"Lo Espejo","codigo_cmn":"00816_ZT_13116","categoria":"Zona Típica o Pintoresca","tipo_decreto":"Decreto Exento","n_decreto":"24","fecha_decreto":"15-01-2002","decreto_url":"https://www.monumentos.gob.cl/sites/default/files/decretos/ZT_00816_2002_D00024.PDF"}},{"type":"Feature","geometry":{"type":"Point","coordinates":[-70.61725,-33.43652]},"properties":{"nombre":"Calle Keller","region":"Metropolitana de Santiago","provincia":"Santiago","comuna":"Providencia","codigo_cmn":"00531_ZT_13123","categoria":"Zona Típica o Pintoresca","tipo_decreto":"Decreto Supremo","n_decreto":"90","fecha_decreto":"01-04-1991","decreto_url":"https://www.monumentos.gob.cl/sites/default/files/decretos/ZT_00531_1991_D00090.PDF"}},{"type":"Feature","geometry":{"type":"Point","coordinates":[-70.62152,-33.43606]},"properties":{"nombre":"Población Caja de Seguro Obrero","region":"Metropolitana de Santiago","provincia":"Santiago","comuna":"Providencia","codigo_cmn":"00792_ZT_13123","categoria":"Zona Típica o Pintoresca","tipo_decreto":"Decreto Exento","n_decreto":"168","fecha_decreto":"26-05-2000","decreto_url":"https://www.monumentos.gob.cl/sites/default/files/decretos/ZT_00792_2000_D00168.PDF"}},{"type":"Feature","geometry":{"type":"Point","coordinates":[-70.65559,-33.46547]},"properties":{"nombre":"Sector delimitado por Av. Viel, Av. Matta, Av. Rondizzoni y calle San Ignacio","region":"Metropolitana de Santiago","provincia":"Santiago","comuna":"Santiago","codigo_cmn":"01156_ZT_13101","categoria":"Zona Típica o Pintoresca","tipo_decreto":"Decreto","n_decreto":"207","fecha_decreto":"05-06-2009","decreto_url":"https://www.monumentos.gob.cl/sites/default/files/decretos/ZT_01156_2009_D00207.PDF"}},{"type":"Feature","geometry":{"type":"Point","coordinates":[-70.66265,-33.41147]},"properties":{"nombre":"Población Los Castaños","region":"Metropolitana de Santiago","provincia":"Santiago","comuna":"Independencia","codigo_cmn":"00657_ZT_13108","categoria":"Zona Típica o Pintoresca","tipo_decreto":"Decreto Exento","n_decreto":"285","fecha_decreto":"20-05-1996","decreto_url":"https://www.monumentos.gob.cl/sites/default/files/decretos/ZT_00657_1996_D00285.PDF"}},{"type":"Feature","geometry":{"type":"Point","coordinates":[-70.62243,-33.4599]},"properties":{"nombre":"Conjunto Empart de Ñuñoa","region":"Metropolitana de Santiago","provincia":"Santiago","comuna":"Ñuñoa","codigo_cmn":"01243_ZT_13120","categoria":"Zona Típica o Pintoresca","tipo_decreto":"Decreto","n_decreto":"377","fecha_decreto":"14-09-2010","decreto_url":"https://www.monumentos.gob.cl/sites/default/files/decretos/ZT_01243_2010_D00377.PDF"}},{"type":"Feature","geometry":{"type":"Point","coordinates":[-70.63453,-33.43246]},"properties":{"nombre":"Plaza Camilo Mori, Cité Constitución N° 135 y edificios adyacentes","region":"Metropolitana de Santiago","provincia":"Santiago","comuna":"Providencia","codigo_cmn":"00808_ZT_13123","categoria":"Zona Típica o Pintoresca","tipo_decreto":"Decreto Exento","n_decreto":"599","fecha_decreto":"30-08-2001","decreto_url":"https://www.monumentos.gob.cl/sites/default/files/decretos/ZT_00808_2001_D00599.PDF"}},{"type":"Feature","geometry":{"type":"Point","coordinates":[-70.61073,-33.45267]},"properties":{"nombre":"Población para Suboficiales de la Escuela de Aplicación de Caballería","region":"Metropolitana de Santiago","provincia":"Santiago","comuna":"Ñuñoa","codigo_cmn":"01025_ZT_13120","categoria":"Zona Típica o Pintoresca","tipo_decreto":"Decreto Exento","n_decreto":"902","fecha_decreto":"09-05-2007","decreto_url":"https://www.monumentos.gob.cl/sites/default/files/decretos/ZT_01025_2007_D00902.PDF"}},{"type":"Feature","geometry":{"type":"Point","coordinates":[-70.59926,-33.45224]},"properties":{"nombre":"Población Empleados Públicos y Periodistas Chile-España","region":"Metropolitana de Santiago","provincia":"Santiago","comuna":"Ñuñoa","codigo_cmn":"01088_ZT_13120","categoria":"Zona Típica o Pintoresca","tipo_decreto":"Decreto Exento","n_decreto":"2799","fecha_decreto":"15-09-2008","decreto_url":"https://www.monumentos.gob.cl/sites/default/files/decretos/ZT_01088_2008_D02799.PDF"}},{"type":"Feature","geometry":{"type":"Point","coordinates":[-70.61592,-33.4446]},"properties":{"nombre":"Sector comprendido entre la calle Emilio Delporte, Avenida Manuel Montt, Avenida Santa Isabel y calle Miguel Claro","region":"Metropolitana de Santiago","provincia":"Santiago","comuna":"Providencia","codigo_cmn":"01090_ZT_13123","categoria":"Zona Típica o Pintoresca","tipo_decreto":"Decreto Exento","n_decreto":"2875","fecha_decreto":"29-09-2008","decreto_url":"https://www.monumentos.gob.cl/sites/default/files/decretos/ZT_01090_2008_D02875.PDF"}},{"type":"Feature","geometry":{"type":"Point","coordinates":[-70.66605,-33.42541]},"properties":{"nombre":"Población Manuel Montt","region":"Metropolitana de Santiago","provincia":"Santiago","comuna":"Independencia","codigo_cmn":"01270_ZT_13108","categoria":"Zona Típica o Pintoresca","tipo_decreto":"Decreto","n_decreto":"489","fecha_decreto":"29-12-2011","decreto_url":"https://www.monumentos.gob.cl/sites/default/files/decretos/ZT_01270_2011_D00489.PDF"}},{"type":"Feature","geometry":{"type":"Point","coordinates":[-70.67698,-33.44184]},"properties":{"nombre":"Lucrecia Valdés, Adriana Cousiño, Hurtado Rodríguez y calles aledañas","region":"Metropolitana de Santiago","provincia":"Santiago","comuna":"Santiago","codigo_cmn":"00794_ZT_13101","categoria":"Zona Típica o Pintoresca","tipo_decreto":"Decreto Exento","n_decreto":"217","fecha_decreto":"21-06-2000","decreto_url":"https://www.monumentos.gob.cl/sites/default/files/decretos/ZT_00794_2000_D00217.PDF"}},{"type":"Feature","geometry":{"type":"Point","coordinates":[-70.6104,-33.43238]},"properties":{"nombre":"Entorno Palacio Falabella","region":"Metropolitana de Santiago","provincia":"Santiago","comuna":"Providencia","codigo_cmn":"00690_ZT_13123","categoria":"Zona Típica o Pintoresca","tipo_decreto":"Decreto Exento","n_decreto":"737","fecha_decreto":"10-07-1998","decreto_url":"https://www.monumentos.gob.cl/sites/default/files/decretos/MH_00689_1998_D00737.PDF"}},{"type":"Feature","geometry":{"type":"Point","coordinates":[-70.58179,-33.45678]},"properties":{"nombre":"Sector 1 de la Villa Frei","region":"Metropolitana de Santiago","provincia":"Santiago","comuna":"Ñuñoa","codigo_cmn":"01483_ZT_13120","categoria":"Zona Típica o Pintoresca","tipo_decreto":"Decreto","n_decreto":"517","fecha_decreto":"19-11-2015","decreto_url":"https://www.monumentos.gob.cl/sites/default/files/decretos/ZT_01483_2015_D00517.pdf"}},{"type":"Feature","geometry":{"type":"Point","coordinates":[-70.6505,-33.47459]},"properties":{"nombre":"Barrio Huemúl","region":"Metropolitana de Santiago","provincia":"Santiago","comuna":"Santiago","codigo_cmn":"01503_ZT_13101","categoria":"Zona Típica o Pintoresca","tipo_decreto":"Decreto","n_decreto":"26","fecha_decreto":"29-01-2016","decreto_url":"https://www.monumentos.gob.cl/sites/default/files/decretos/MH_01502_2016_D00026.pdf"}},{"type":"Feature","geometry":{"type":"Point","coordinates":[-70.5895,-33.43321]},"properties":{"nombre":"Barrio Las Flores","region":"Metropolitana de Santiago","provincia":"Santiago","comuna":"Providencia","codigo_cmn":"01518_ZT_13123","categoria":"Zona Típica o Pintoresca","tipo_decreto":"Decreto","n_decreto":"138","fecha_decreto":"29-04-2016","decreto_url":"https://www.monumentos.gob.cl/sites/default/files/decretos/ZT_01518_2016_D00138.pdf"}},{"type":"Feature","geometry":{"type":"Point","coordinates":[-70.61998,-33.46362]},"properties":{"nombre":"Conjunto Habitacional Villa Olímpica","region":"Metropolitana de Santiago","provincia":"Santiago","comuna":"Ñuñoa","codigo_cmn":"01575_ZT_13120","categoria":"Zona Típica o Pintoresca","tipo_decreto":"Decreto","n_decreto":"141","fecha_decreto":"05-07-2017","decreto_url":"https://www.monumentos.gob.cl/sites/default/files/decretos/zt_01575_2017_d141.pdf"}},{"type":"Feature","geometry":{"type":"Point","coordinates":[-70.68774,-33.30523]},"properties":{"nombre":"Pueblo de las Canteras","region":"Metropolitana de Santiago","provincia":"Chacabuco","comuna":"Colina","codigo_cmn":"01676_ZT_13301","categoria":"Zona Típica o Pintoresca","tipo_decreto":"Decreto","n_decreto":"368","fecha_decreto":"15-11-2017","decreto_url":"https://www.monumentos.gob.cl/sites/default/files/decretos/decreto_mh_y_zt_canteras_de_colina.pdf"}},{"type":"Feature","geometry":{"type":"Point","coordinates":[-70.61473,-33.45872]},"properties":{"nombre":"Barrio Suárez Mujica","region":"Metropolitana de Santiago","provincia":"Santiago","comuna":"Ñuñoa","codigo_cmn":"01708_ZT_13120","categoria":"Zona Típica o Pintoresca","tipo_decreto":"Decreto","n_decreto":"35","fecha_decreto":"17-10-2018","decreto_url":"https://www.monumentos.gob.cl/sites/default/files/decretos/zt_01708_2018_d35.pdf"}},{"type":"Feature","geometry":{"type":"Point","coordinates":[-70.65738,-33.40726]},"properties":{"nombre":"Las Poblaciones Obreras de la Plaza Chacabuco","region":"Metropolitana de Santiago","provincia":"Santiago","comuna":"Independencia","codigo_cmn":"01711_ZT_13108","categoria":"Zona Típica o Pintoresca","tipo_decreto":"Decreto","n_decreto":"8","fecha_decreto":"25-01-2019","decreto_url":"https://www.monumentos.gob.cl/sites/default/files/decretos/zt_01711_2019_d8_1.pdf"}},{"type":"Feature","geometry":{"type":"Point","coordinates":[-70.68537,-33.45318]},"properties":{"nombre":"Catedral Evangélica de Chile","region":"Metropolitana de Santiago","provincia":"Santiago","comuna":"Estación Central","codigo_cmn":"01351_MH_13106","categoria":"Monumento Histórico","tipo_decreto":"Decreto","n_decreto":"588","fecha_decreto":"03-12-2013","decreto_url":"https://www.monumentos.gob.cl/sites/default/files/decretos/MH_01351_2013_D00588.pdf"}},{"type":"Feature","geometry":{"type":"Point","coordinates":[-70.65349,-33.41454]},"properties":{"nombre":"Hospital San José","region":"Metropolitana de Santiago","provincia":"Santiago","comuna":"Independencia","codigo_cmn":"00782_MH_13108","categoria":"Monumento Histórico","tipo_decreto":"Decreto Exento","n_decreto":"442","fecha_decreto":"27-12-1999","decreto_url":"https://www.monumentos.gob.cl/sites/default/files/decretos/MH_00782_1999_D00442.PDF"}},{"type":"Feature","geometry":{"type":"Point","coordinates":[-70.58374,-33.41809]},"properties":{"nombre":"Casa de Asturias N°400","region":"Metropolitana de Santiago","provincia":"Santiago","comuna":"Las Condes","codigo_cmn":"01230_MH_13114","categoria":"Monumento Histórico","tipo_decreto":"Decreto","n_decreto":"126","fecha_decreto":"09-03-2010","decreto_url":"https://www.monumentos.gob.cl/sites/default/files/decretos/MH_01230_2010_D00126.PDF"}},{"type":"Feature","geometry":{"type":"Point","coordinates":[-70.75773,-33.4932]},"properties":{"nombre":"Casa y Parque de la Quinta de Las Rosas de Maipú","region":"Metropolitana de Santiago","provincia":"Santiago","comuna":"Maipú","codigo_cmn":"00612_MH_13119","categoria":"Monumento Histórico","tipo_decreto":"Decreto Exento","n_decreto":"325","fecha_decreto":"27-07-1994","decreto_url":"https://www.monumentos.gob.cl/sites/default/files/decretos/MH_00612_2005_D00415.pdf"}},{"type":"Feature","geometry":{"type":"Point","coordinates":[-70.75525,-33.49471]},"properties":{"nombre":"Cerro Primo de Rivera o Los Pajaritos","region":"Metropolitana de Santiago","provincia":"Santiago","comuna":"Maipú","codigo_cmn":"00527_MH_13119","categoria":"Monumento Histórico","tipo_decreto":"Decreto Supremo","n_decreto":"66","fecha_decreto":"22-02-1991","decreto_url":"https://www.monumentos.gob.cl/sites/default/files/decretos/MH_00527_2014_D00515.pdf"}},{"type":"Feature","geometry":{"type":"Point","coordinates":[-70.76531,-33.51124]},"properties":{"nombre":"Muros de La antigua Iglesia de Maipú","region":"Metropolitana de Santiago","provincia":"Santiago","comuna":"Maipú","codigo_cmn":"00384_MH_13119","categoria":"Monumento Histórico","tipo_decreto":"Decreto Supremo","n_decreto":"645","fecha_decreto":"26-10-1984","decreto_url":"https://www.monumentos.gob.cl/sites/default/files/decretos/MH_00384_1984_D00645.PDF"}},{"type":"Feature","geometry":{"type":"Point","coordinates":[-70.63383,-33.43901]},"properties":{"nombre":"Casa del Escritor","region":"Metropolitana de Santiago","provincia":"Santiago","comuna":"Providencia","codigo_cmn":"01171_MH_13123","categoria":"Monumento Histórico","tipo_decreto":"Decreto","n_decreto":"379","fecha_decreto":"06-10-2009","decreto_url":"https://www.monumentos.gob.cl/sites/default/files/decretos/MH_01171_2009_D00379.PDF"}},{"type":"Feature","geometry":{"type":"Point","coordinates":[-70.61793,-33.41984]},"properties":{"nombre":"Casa lo Contador","region":"Metropolitana de Santiago","provincia":"Santiago","comuna":"Providencia","codigo_cmn":"00142_MH_13123","categoria":"Monumento Histórico","tipo_decreto":"Decreto Supremo","n_decreto":"808","fecha_decreto":"09-08-1974","decreto_url":"https://www.monumentos.gob.cl/sites/default/files/decretos/MH_00142_2014_D00193.pdf"}},{"type":"Feature","geometry":{"type":"Point","coordinates":[-70.63491,-33.43531]},"properties":{"nombre":"Escuela de Derecho de la Universidad de Chile","region":"Metropolitana de Santiago","provincia":"Santiago","comuna":"Providencia","codigo_cmn":"01381_MH_13123","categoria":"Monumento Histórico","tipo_decreto":"Decreto","n_decreto":"289","fecha_decreto":"02-07-2014","decreto_url":"https://www.monumentos.gob.cl/sites/default/files/decretos/MH_01381_2014_D00289.pdf"}},{"type":"Feature","geometry":{"type":"Point","coordinates":[-70.62929,-33.43159]},"properties":{"nombre":"Iglesia Epifanía del Señor","region":"Metropolitana de Santiago","provincia":"Santiago","comuna":"Providencia","codigo_cmn":"00672_MH_13123","categoria":"Monumento Histórico","tipo_decreto":"Decreto Exento","n_decreto":"477","fecha_decreto":"25-04-1997","decreto_url":"https://www.monumentos.gob.cl/sites/default/files/decretos/ZT_00673_1997_D00477.PDF"}},{"type":"Feature","geometry":{"type":"Point","coordinates":[-70.6336,-33.44116]},"properties":{"nombre":"Museo Benjamín Vicuña Mackenna","region":"Metropolitana de Santiago","provincia":"Santiago","comuna":"Providencia","codigo_cmn":"00577_MH_13123","categoria":"Monumento Histórico","tipo_decreto":"Decreto Supremo","n_decreto":"341","fecha_decreto":"01-07-1992","decreto_url":"https://www.monumentos.gob.cl/sites/default/files/decretos/MH_00577_2013_D00032.pdf"}},{"type":"Feature","geometry":{"type":"Point","coordinates":[-70.55272,-33.56225]},"properties":{"nombre":"Puente colonial en el Canal San Carlos Viejo","region":"Metropolitana de Santiago","provincia":"Cordillera","comuna":"Puente Alto","codigo_cmn":"01377_MH_13201","categoria":"Monumento Histórico","tipo_decreto":"Decreto","n_decreto":"194","fecha_decreto":"29-04-2014","decreto_url":"https://www.monumentos.gob.cl/sites/default/files/decretos/MH_01377_2014_D00194.pdf"}},{"type":"Feature","geometry":{"type":"Point","coordinates":[-70.69449,-33.34156]},"properties":{"nombre":"Casas de San Ignacio de Quilicura","region":"Metropolitana de Santiago","provincia":"Santiago","comuna":"Quilicura","codigo_cmn":"00259_MH_13125","categoria":"Monumento Histórico","tipo_decreto":"Decreto Supremo","n_decreto":"8377","fecha_decreto":"02-10-1980","decreto_url":"https://www.monumentos.gob.cl/sites/default/files/decretos/MH_00259_2008_D02556.pdf"}},{"type":"Feature","geometry":{"type":"Point","coordinates":[-70.64845,-33.40854]},"properties":{"nombre":"Patio N°29, actual N° 162, del Cementerio General","region":"Metropolitana de Santiago","provincia":"Santiago","comuna":"Recoleta","codigo_cmn":"01010_MH_13127","categoria":"Monumento Histórico","tipo_decreto":"Decreto Exento","n_decreto":"919","fecha_decreto":"10-07-2006","decreto_url":"https://www.monumentos.gob.cl/sites/default/files/decretos/MH_01010_2006_D00919.PDF"}},{"type":"Feature","geometry":{"type":"Point","coordinates":[-70.64516,-33.42186]},"properties":{"nombre":"Iglesia La  Viñita","region":"Metropolitana de Santiago","provincia":"Santiago","comuna":"Recoleta","codigo_cmn":"00517_MH_13127","categoria":"Monumento Histórico","tipo_decreto":"Decreto Supremo","n_decreto":"751","fecha_decreto":"19-11-1990","decreto_url":"https://www.monumentos.gob.cl/sites/default/files/decretos/MH_00517_2009_D00422.pdf"}},{"type":"Feature","geometry":{"type":"Point","coordinates":[-70.64343,-33.42968]},"properties":{"nombre":"Iglesia Parroquial Santa Filomena","region":"Metropolitana de Santiago","provincia":"Santiago","comuna":"Recoleta","codigo_cmn":"00648_MH_13127","categoria":"Monumento Histórico","tipo_decreto":"Decreto Exento","n_decreto":"694","fecha_decreto":"28-12-1995","decreto_url":"https://www.monumentos.gob.cl/sites/default/files/decretos/MH_00648_2009_D00350.pdf"}},{"type":"Feature","geometry":{"type":"Point","coordinates":[-70.62012,-33.50619]},"properties":{"nombre":"Campo de Prisioneros Políticos Tres y Cuatro Álamos","region":"Metropolitana de Santiago","provincia":"Santiago","comuna":"San Joaquín","codigo_cmn":"01293_MH_13129","categoria":"Monumento Histórico","tipo_decreto":"Decreto","n_decreto":"252","fecha_decreto":"27-06-2012","decreto_url":"https://www.monumentos.gob.cl/sites/default/files/decretos/ds_208_de_2017_modifica_mh_3_y_4_alamos.pdf"}},{"type":"Feature","geometry":{"type":"Point","coordinates":[-71.48146,-33.96866]},"properties":{"nombre":"Iglesia de Loica","region":"Metropolitana de Santiago","provincia":"Melipilla","comuna":"San Pedro","codigo_cmn":"01241_MH_13505","categoria":"Monumento Histórico","tipo_decreto":"Decreto","n_decreto":"373","fecha_decreto":"10-09-2010","decreto_url":"https://www.monumentos.gob.cl/sites/default/files/decretos/MH_01241_2010_D00373.PDF"}},{"type":"Feature","geometry":{"type":"Point","coordinates":[-70.39035,-33.58669]},"properties":{"nombre":"Aduana el Manzano","region":"Metropolitana de Santiago","provincia":"Cordillera","comuna":"San José de Maipo","codigo_cmn":"00913_MH_13203","categoria":"Monumento Histórico","tipo_decreto":"Decreto Exento","n_decreto":"948","fecha_decreto":"05-11-2004","decreto_url":"https://www.monumentos.gob.cl/sites/default/files/decretos/MH_00913_2004_D00948.PDF"}},{"type":"Feature","geometry":{"type":"Point","coordinates":[-70.34993,-33.64381]},"properties":{"nombre":"Casa de Salud de Mujeres Carolina Deursther","region":"Metropolitana de Santiago","provincia":"Cordillera","comuna":"San José de Maipo","codigo_cmn":"00908_MH_13203","categoria":"Monumento Histórico","tipo_decreto":"Decreto Exento","n_decreto":"672","fecha_decreto":"24-08-2004","decreto_url":"https://www.monumentos.gob.cl/sites/default/files/decretos/MH_00908_2004_D00672.PDF"}},{"type":"Feature","geometry":{"type":"Point","coordinates":[-70.6381,-33.45958]},"properties":{"nombre":"Asilo de Ancianos de la Congregación de las hermanitas de los pobres","region":"Metropolitana de Santiago","provincia":"Santiago","comuna":"Santiago","codigo_cmn":"01271_MH_13101","categoria":"Monumento Histórico","tipo_decreto":"Decreto","n_decreto":"151","fecha_decreto":"19-03-2012","decreto_url":"https://www.monumentos.gob.cl/sites/default/files/decretos/MH_01271_2012_D00151.PDF"}},{"type":"Feature","geometry":{"type":"Point","coordinates":[-70.65157,-33.44275]},"properties":{"nombre":"Bolsa de Comercio","region":"Metropolitana de Santiago","provincia":"Santiago","comuna":"Santiago","codigo_cmn":"00289_MH_13101","categoria":"Monumento Histórico","tipo_decreto":"Decreto Supremo","n_decreto":"3705","fecha_decreto":"30-06-1981","decreto_url":"https://www.monumentos.gob.cl/sites/default/files/decretos/MH_00288_2013_D00114.pdf"}},{"type":"Feature","geometry":{"type":"Point","coordinates":[-70.63847,-33.45121]},"properties":{"nombre":"Calzada de la calle Antonio Ricaurte","region":"Metropolitana de Santiago","provincia":"Santiago","comuna":"Santiago","codigo_cmn":"01048_MH_13101","categoria":"Monumento Histórico","tipo_decreto":"Decreto Exento","n_decreto":"401","fecha_decreto":"18-01-2008","decreto_url":"https://www.monumentos.gob.cl/sites/default/files/decretos/MH_01048_2008_D00401.PDF"}},{"type":"Feature","geometry":{"type":"Point","coordinates":[-70.65086,-33.44457]},"properties":{"nombre":"Casa Central de la Universidad de Chile","region":"Metropolitana de Santiago","provincia":"Santiago","comuna":"Santiago","codigo_cmn":"00140_MH_13101","categoria":"Monumento Histórico","tipo_decreto":"Decreto Supremo","n_decreto":"11","fecha_decreto":"07-01-1974","decreto_url":"https://www.monumentos.gob.cl/sites/default/files/decretos/MH_00140_2013_D00444.pdf"}},{"type":"Feature","geometry":{"type":"Point","coordinates":[-70.65383,-33.43729]},"properties":{"nombre":"Club de Septiembre (Casa Edwards)","region":"Metropolitana de Santiago","provincia":"Santiago","comuna":"Santiago","codigo_cmn":"00127_MH_13101","categoria":"Monumento Histórico","tipo_decreto":"Decreto Supremo","n_decreto":"2086","fecha_decreto":"13-12-1973","decreto_url":"https://www.monumentos.gob.cl/sites/default/files/decretos/MH_00127_2013_D00024.pdf"}},{"type":"Feature","geometry":{"type":"Point","coordinates":[-70.68047,-33.44209]},"properties":{"nombre":"Consultorio Externo del Hospital San Juan de Dios","region":"Metropolitana de Santiago","provincia":"Santiago","comuna":"Santiago","codigo_cmn":"00914_MH_13101","categoria":"Monumento Histórico","tipo_decreto":"Decreto Exento","n_decreto":"949","fecha_decreto":"05-11-2004","decreto_url":"https://www.monumentos.gob.cl/sites/default/files/decretos/MH_00914_2004_D00949.PDF"}},{"type":"Feature","geometry":{"type":"Point","coordinates":[-70.65277,-33.45543]},"properties":{"nombre":"Consultorio N°1 Doctor Ramón Corbalán Melgarejo","region":"Metropolitana de Santiago","provincia":"Santiago","comuna":"Santiago","codigo_cmn":"01379_MH_13101","categoria":"Monumento Histórico","tipo_decreto":"Decreto","n_decreto":"291","fecha_decreto":"02-07-2014","decreto_url":"https://www.monumentos.gob.cl/sites/default/files/decretos/MH_01379_2014_D00291.pdf"}},{"type":"Feature","geometry":{"type":"Point","coordinates":[-70.64952,-33.43845]},"properties":{"nombre":"Edificio Comercial Edwards","region":"Metropolitana de Santiago","provincia":"Santiago","comuna":"Santiago","codigo_cmn":"00091_MH_13101","categoria":"Monumento Histórico","tipo_decreto":"Decreto Supremo","n_decreto":"1903","fecha_decreto":"11-10-1972","decreto_url":"https://www.monumentos.gob.cl/sites/default/files/decretos/MH_00091_2013_D00033.pdf"}},{"type":"Feature","geometry":{"type":"Point","coordinates":[-70.6511,-33.437]},"properties":{"nombre":"Correo Central","region":"Metropolitana de Santiago","provincia":"Santiago","comuna":"Santiago","codigo_cmn":"00190_MH_13101","categoria":"Monumento Histórico","tipo_decreto":"Decreto Supremo","n_decreto":"1290","fecha_decreto":"30-12-1976","decreto_url":"https://www.monumentos.gob.cl/sites/default/files/decretos/MH_00190_2013_D00038.pdf"}},{"type":"Feature","geometry":{"type":"Point","coordinates":[-70.65105,-33.43646]},"properties":{"nombre":"Edificio del Cuerpo de Bomberos de Santiago","region":"Metropolitana de Santiago","provincia":"Santiago","comuna":"Santiago","codigo_cmn":"00327_MH_13101","categoria":"Monumento Histórico","tipo_decreto":"Decreto Supremo","n_decreto":"84","fecha_decreto":"19-01-1983","decreto_url":"https://www.monumentos.gob.cl/sites/default/files/decretos/MH_00327_2013_D00034.pdf"}},{"type":"Feature","geometry":{"type":"Point","coordinates":[-70.65837,-33.45701]},"properties":{"nombre":"Ex Arsenales de Guerra","region":"Metropolitana de Santiago","provincia":"Santiago","comuna":"Santiago","codigo_cmn":"00516_MH_13101","categoria":"Monumento Histórico","tipo_decreto":"Decreto Supremo","n_decreto":"722","fecha_decreto":"25-10-1990","decreto_url":"https://www.monumentos.gob.cl/sites/default/files/decretos/MH_00516_2008_D00637.pdf"}},{"type":"Feature","geometry":{"type":"Point","coordinates":[-70.65327,-33.43813]},"properties":{"nombre":"Edificio del Congreso Nacional","region":"Metropolitana de Santiago","provincia":"Santiago","comuna":"Santiago","codigo_cmn":"00184_MH_13101","categoria":"Monumento Histórico","tipo_decreto":"Decreto Supremo","n_decreto":"583","fecha_decreto":"28-06-1976","decreto_url":"https://www.monumentos.gob.cl/sites/default/files/decretos/MH_00184_2013_D00025.pdf"}},{"type":"Feature","geometry":{"type":"Point","coordinates":[-70.65347,-33.43298]},"properties":{"nombre":"Hotel Bristol","region":"Metropolitana de Santiago","provincia":"Santiago","comuna":"Santiago","codigo_cmn":"01023_MH_13101","categoria":"Monumento Histórico","tipo_decreto":"Decreto Exento","n_decreto":"603","fecha_decreto":"26-03-2007","decreto_url":"https://www.monumentos.gob.cl/sites/default/files/decretos/MH_01023_2007_D00603.PDF"}},{"type":"Feature","geometry":{"type":"Point","coordinates":[-70.64073,-33.46147]},"properties":{"nombre":"Pabellón Valentín Errázuriz y otros pabellones del Hospital San Borja Arriarán","region":"Metropolitana de Santiago","provincia":"Santiago","comuna":"Santiago","codigo_cmn":"01221_MH_13101","categoria":"Monumento Histórico","tipo_decreto":"Decreto","n_decreto":"521","fecha_decreto":"30-12-2009","decreto_url":"https://www.monumentos.gob.cl/sites/default/files/decretos/d_249_del_01.09.2016_mh_pabellon_alejandro_del_rio_y_limites.pdf"}},{"type":"Feature","geometry":{"type":"Point","coordinates":[-70.65388,-33.44281]},"properties":{"nombre":"Palacio de La Moneda - Antigua Real casa de Moneda","region":"Metropolitana de Santiago","provincia":"Santiago","comuna":"Santiago","codigo_cmn":"00027_MH_13101","categoria":"Monumento Histórico","tipo_decreto":"Decreto Supremo","n_decreto":"5058","fecha_decreto":"06-07-1951","decreto_url":"https://www.monumentos.gob.cl/sites/default/files/decretos/MH_00027_2013_D00021.pdf"}},{"type":"Feature","geometry":{"type":"Point","coordinates":[-70.65307,-33.43915]},"properties":{"nombre":"Palacio de los Tribunales de Justicia","region":"Metropolitana de Santiago","provincia":"Santiago","comuna":"Santiago","codigo_cmn":"00183_MH_13101","categoria":"Monumento Histórico","tipo_decreto":"Decreto Supremo","n_decreto":"583","fecha_decreto":"28-06-1976","decreto_url":"https://www.monumentos.gob.cl/sites/default/files/decretos/MH_00183_2013_D00036.pdf"}},{"type":"Feature","geometry":{"type":"Point","coordinates":[-70.66516,-33.44625]},"properties":{"nombre":"Palacio Elguín","region":"Metropolitana de Santiago","provincia":"Santiago","comuna":"Santiago","codigo_cmn":"01361_MH_13101","categoria":"Monumento Histórico","tipo_decreto":"Decreto","n_decreto":"195","fecha_decreto":"29-04-2014","decreto_url":"https://www.monumentos.gob.cl/sites/default/files/decretos/MH_01361_2014_D00195.pdf"}},{"type":"Feature","geometry":{"type":"Point","coordinates":[-70.6522,-33.4389]},"properties":{"nombre":"Ex Palacio viejo de los Tribunales, antiguo Palacio de la Aduana de Santiago","region":"Metropolitana de Santiago","provincia":"Santiago","comuna":"Santiago","codigo_cmn":"00058_MH_13101","categoria":"Monumento Histórico","tipo_decreto":"Decreto Supremo","n_decreto":"12392","fecha_decreto":"01-12-1969","decreto_url":"https://www.monumentos.gob.cl/sites/default/files/decretos/MH_00058_1969_D12392.PDF"}},{"type":"Feature","geometry":{"type":"Point","coordinates":[-70.63701,-33.43747]},"properties":{"nombre":"Sede Nacional del Colegio de Arquitectos de Chile A.G","region":"Metropolitana de Santiago","provincia":"Santiago","comuna":"Santiago","codigo_cmn":"01244_MH_13101","categoria":"Monumento Histórico","tipo_decreto":"Decreto","n_decreto":"410","fecha_decreto":"13-10-2010","decreto_url":"https://www.monumentos.gob.cl/sites/default/files/decretos/MH_01244_2010_D00410.PDF"}},{"type":"Feature","geometry":{"type":"Point","coordinates":[-70.65052,-33.4482]},"properties":{"nombre":"Teatro Cariola","region":"Metropolitana de Santiago","provincia":"Santiago","comuna":"Santiago","codigo_cmn":"01316_MH_13101","categoria":"Monumento Histórico","tipo_decreto":"Decreto","n_decreto":"548","fecha_decreto":"17-12-2012","decreto_url":"https://www.monumentos.gob.cl/sites/default/files/decretos/MH_01316_2012_D00548.PDF"}},{"type":"Feature","geometry":{"type":"Point","coordinates":[-70.65556,-33.46202]},"properties":{"nombre":"Teatro Parque Cousiño (ex Humoresque)","region":"Metropolitana de Santiago","provincia":"Santiago","comuna":"Santiago","codigo_cmn":"01359_MH_13101","categoria":"Monumento Histórico","tipo_decreto":"Decreto","n_decreto":"135","fecha_decreto":"06-03-2014","decreto_url":"https://www.monumentos.gob.cl/sites/default/files/decretos/MH_01358_2014_D00125.pdf"}},{"type":"Feature","geometry":{"type":"Point","coordinates":[-70.60984,-33.43223]},"properties":{"nombre":"Palacio Falabella","region":"Metropolitana de Santiago","provincia":"Santiago","comuna":"Providencia","codigo_cmn":"00689_MH_13123","categoria":"Monumento Histórico","tipo_decreto":"Decreto Exento","n_decreto":"737","fecha_decreto":"10-07-1998","decreto_url":"https://www.monumentos.gob.cl/sites/default/files/decretos/MH_00689_1998_D00737.PDF"}},{"type":"Feature","geometry":{"type":"Point","coordinates":[-70.63236,-33.54368]},"properties":{"nombre":"Mural El primer Gol del Pueblo Chileno de Roberto Matta","region":"Metropolitana de Santiago","provincia":"Santiago","comuna":"La Granja","codigo_cmn":"01402_MH_13111","categoria":"Monumento Histórico","tipo_decreto":"Decreto","n_decreto":"124","fecha_decreto":"10-04-2015","decreto_url":"https://www.monumentos.gob.cl/sites/default/files/decretos/MH_01402_2015_D00124.pdf"}},{"type":"Feature","geometry":{"type":"Point","coordinates":[-70.6551,-33.43904]},"properties":{"nombre":"Edificio Sede del Tribunal Calificador de Elecciones","region":"Metropolitana de Santiago","provincia":"Santiago","comuna":"Santiago","codigo_cmn":"01408_MH_13101","categoria":"Monumento Histórico","tipo_decreto":"Decreto","n_decreto":"157","fecha_decreto":"04-05-2015","decreto_url":"https://www.monumentos.gob.cl/sites/default/files/decretos/MH_01408_2015_D00157.pdf"}},{"type":"Feature","geometry":{"type":"Point","coordinates":[-70.66001,-33.41172]},"properties":{"nombre":"Casa de Av. Francia N° 1442","region":"Metropolitana de Santiago","provincia":"Santiago","comuna":"Independencia","codigo_cmn":"00666_MH_13108","categoria":"Monumento Histórico","tipo_decreto":"Decreto Exento","n_decreto":"555","fecha_decreto":"03-10-1996","decreto_url":"https://www.monumentos.gob.cl/sites/default/files/decretos/MH_00666_1996_D00555.PDF"}},{"type":"Feature","geometry":{"type":"Point","coordinates":[-70.65144,-33.44336]},"properties":{"nombre":"Club de la Unión","region":"Metropolitana de Santiago","provincia":"Santiago","comuna":"Santiago","codigo_cmn":"00288_MH_13101","categoria":"Monumento Histórico","tipo_decreto":"Decreto Supremo","n_decreto":"3705","fecha_decreto":"30-06-1981","decreto_url":"https://www.monumentos.gob.cl/sites/default/files/decretos/MH_00288_2013_D00114.pdf"}},{"type":"Feature","geometry":{"type":"Point","coordinates":[-70.51718,-33.53051]},"properties":{"nombre":"Sitio donde ocurrió la Matanza de Lo Cañas","region":"Metropolitana de Santiago","provincia":"Santiago","comuna":"La Florida","codigo_cmn":"01464_MH_13110","categoria":"Monumento Histórico","tipo_decreto":"Decreto","n_decreto":"204","fecha_decreto":"28-05-2015","decreto_url":"https://www.monumentos.gob.cl/sites/default/files/decretos/MH_01464_2015_D00204.pdf"}},{"type":"Feature","geometry":{"type":"Point","coordinates":[-70.63386,-33.4407]},"properties":{"nombre":"Casa ubicada en Av. Vicuña Mackenna Nº 84","region":"Metropolitana de Santiago","provincia":"Santiago","comuna":"Providencia","codigo_cmn":"00814_MH_13123","categoria":"Monumento Histórico","tipo_decreto":"Decreto Exento","n_decreto":"858","fecha_decreto":"29-10-2001","decreto_url":"https://www.monumentos.gob.cl/sites/default/files/decretos/MH_00814_2001_D00858.PDF"}},{"type":"Feature","geometry":{"type":"Point","coordinates":[-70.64227,-33.41303]},"properties":{"nombre":"Cementerio Católico","region":"Metropolitana de Santiago","provincia":"Santiago","comuna":"Recoleta","codigo_cmn":"01497_MH_13127","categoria":"Monumento Histórico","tipo_decreto":"Decreto","n_decreto":"551","fecha_decreto":"16-12-2015","decreto_url":"https://www.monumentos.gob.cl/sites/default/files/decretos/MH_01497_2015_D00551.pdf"}},{"type":"Feature","geometry":{"type":"Point","coordinates":[-70.62284,-33.41584]},"properties":{"nombre":"Mural obra de María Martner y de Juan O'Gorman del Balneario Tupahue","region":"Metropolitana de Santiago","provincia":"Santiago","comuna":"Providencia","codigo_cmn":"01492_MH_13123","categoria":"Monumento Histórico","tipo_decreto":"Decreto","n_decreto":"536","fecha_decreto":"07-12-2015","decreto_url":"https://www.monumentos.gob.cl/sites/default/files/decretos/MH_01492_2015_D00536.pdf"}},{"type":"Feature","geometry":{"type":"Point","coordinates":[-71.2108,-34.02281]},"properties":{"nombre":"Casona de la Hacienda Alhué y predio que la circunda","region":"Metropolitana de Santiago","provincia":"Melipilla","comuna":"Alhué","codigo_cmn":"00926_MH_13502","categoria":"Monumento Histórico","tipo_decreto":"Decreto Exento","n_decreto":"418","fecha_decreto":"18-04-2005","decreto_url":"https://www.monumentos.gob.cl/sites/default/files/decretos/MH_00926_2005_D00418.PDF"}},{"type":"Feature","geometry":{"type":"Point","coordinates":[-70.65458,-33.41797]},"properties":{"nombre":"Anfiteatro del Instituto de Anatomía","region":"Metropolitana de Santiago","provincia":"Santiago","comuna":"Independencia","codigo_cmn":"01498_MH_13108","categoria":"Monumento Histórico","tipo_decreto":"Decreto","n_decreto":"549","fecha_decreto":"16-12-2015","decreto_url":"https://www.monumentos.gob.cl/sites/default/files/decretos/MH_01498_2015_D00549.pdf"}},{"type":"Feature","geometry":{"type":"Point","coordinates":[-70.65348,-33.43124]},"properties":{"nombre":"Antiguo edificio del Instituto de Higiene","region":"Metropolitana de Santiago","provincia":"Santiago","comuna":"Independencia","codigo_cmn":"00382_MH_13108","categoria":"Monumento Histórico","tipo_decreto":"Decreto Supremo","n_decreto":"646","fecha_decreto":"26-10-1984","decreto_url":"https://www.monumentos.gob.cl/sites/default/files/decretos/MH_00382_1984_D00646.PDF"}},{"type":"Feature","geometry":{"type":"Point","coordinates":[-70.65451,-33.43222]},"properties":{"nombre":"Estación Mapocho (CCEM)","region":"Metropolitana de Santiago","provincia":"Santiago","comuna":"Santiago","codigo_cmn":"00188_MH_13101","categoria":"Monumento Histórico","tipo_decreto":"Decreto Supremo","n_decreto":"1290","fecha_decreto":"30-12-1976","decreto_url":"https://www.monumentos.gob.cl/sites/default/files/decretos/MH_00186_1976_D01290.PDF"}},{"type":"Feature","geometry":{"type":"Point","coordinates":[-70.65104,-33.43378]},"properties":{"nombre":"Mercado Central","region":"Metropolitana de Santiago","provincia":"Santiago","comuna":"Santiago","codigo_cmn":"00376_MH_13101","categoria":"Monumento Histórico","tipo_decreto":"Decreto Supremo","n_decreto":"341","fecha_decreto":"15-06-1984","decreto_url":"https://www.monumentos.gob.cl/sites/default/files/decretos/mh_00376_2017_d00050.pdf"}},{"type":"Feature","geometry":{"type":"Point","coordinates":[-70.66508,-33.53895]},"properties":{"nombre":"Edificio ubicado en Gran Avenida José Miguel Carrera Nº 8925, ex casa de la cultura de La Cisterna","region":"Metropolitana de Santiago","provincia":"Santiago","comuna":"La Cisterna","codigo_cmn":"00910_MH_13109","categoria":"Monumento Histórico","tipo_decreto":"Decreto Exento","n_decreto":"836","fecha_decreto":"06-10-2004","decreto_url":"https://www.monumentos.gob.cl/sites/default/files/decretos/MH_00910_2004_D00836.PDF"}},{"type":"Feature","geometry":{"type":"Point","coordinates":[-70.66124,-33.52381]},"properties":{"nombre":"Inmueble conocido como “Nido 20”","region":"Metropolitana de Santiago","provincia":"Santiago","comuna":"La Cisterna","codigo_cmn":"00968_MH_13109","categoria":"Monumento Histórico","tipo_decreto":"Decreto Exento","n_decreto":"1922","fecha_decreto":"29-12-2005","decreto_url":"https://www.monumentos.gob.cl/sites/default/files/decretos/MH_00968_2005_D01922.PDF"}},{"type":"Feature","geometry":{"type":"Point","coordinates":[-70.55176,-33.4106]},"properties":{"nombre":"Casa presidencial de Tomás Moro","region":"Metropolitana de Santiago","provincia":"Santiago","comuna":"Las Condes","codigo_cmn":"01019_MH_13114","categoria":"Monumento Histórico","tipo_decreto":"Decreto Exento","n_decreto":"2130","fecha_decreto":"26-12-2006","decreto_url":"https://www.monumentos.gob.cl/sites/default/files/decretos/MH_01019_2006_D02130.PDF"}},{"type":"Feature","geometry":{"type":"Point","coordinates":[-70.61724,-33.45628]},"properties":{"nombre":"Sitio histórico ubicado en Av. José Domingo Cañas Nº 1367","region":"Metropolitana de Santiago","provincia":"Santiago","comuna":"Ñuñoa","codigo_cmn":"00817_MH_13120","categoria":"Monumento Histórico","tipo_decreto":"Decreto Exento","n_decreto":"52","fecha_decreto":"21-01-2002","decreto_url":"https://www.monumentos.gob.cl/sites/default/files/decretos/MH_00817_2002_D00052.PDF"}},{"type":"Feature","geometry":{"type":"Point","coordinates":[-70.5425,-33.46366]},"properties":{"nombre":"Parque por La Paz Villa Grimaldi","region":"Metropolitana de Santiago","provincia":"Santiago","comuna":"Peñalolén","codigo_cmn":"00898_MH_13122","categoria":"Monumento Histórico","tipo_decreto":"Decreto Exento","n_decreto":"264","fecha_decreto":"27-04-2004","decreto_url":"https://www.monumentos.gob.cl/sites/default/files/decretos/MH_00898_2004_D00264.PDF"}},{"type":"Feature","geometry":{"type":"Point","coordinates":[-70.62237,-33.44391]},"properties":{"nombre":"Casa del ex Presidente de la República don Eduardo Frei Montalva","region":"Metropolitana de Santiago","provincia":"Santiago","comuna":"Providencia","codigo_cmn":"00931_MH_13123","categoria":"Monumento Histórico","tipo_decreto":"Decreto Exento","n_decreto":"586","fecha_decreto":"13-05-2005","decreto_url":"https://www.monumentos.gob.cl/sites/default/files/decretos/MH_00931_2005_D00586.PDF"}},{"type":"Feature","geometry":{"type":"Point","coordinates":[-70.63464,-33.42802]},"properties":{"nombre":"Funicular del cerro San Cristóbal","region":"Metropolitana de Santiago","provincia":"Santiago","comuna":"Multiterritorial","codigo_cmn":"00799_MH_MT","categoria":"Monumento Histórico","tipo_decreto":"Decreto Exento","n_decreto":"515","fecha_decreto":"16-11-2000","decreto_url":"https://www.monumentos.gob.cl/sites/default/files/decretos/de_ndeg_515_fecha_16.11.2000.pdf"}},{"type":"Feature","geometry":{"type":"Point","coordinates":[-70.61247,-33.42516]},"properties":{"nombre":"Palacio Schacht","region":"Metropolitana de Santiago","provincia":"Santiago","comuna":"Providencia","codigo_cmn":"00924_MH_13123","categoria":"Monumento Histórico","tipo_decreto":"Decreto Exento","n_decreto":"365","fecha_decreto":"08-04-2005","decreto_url":"https://www.monumentos.gob.cl/sites/default/files/decretos/MH_00924_2005_D00365.PDF"}},{"type":"Feature","geometry":{"type":"Point","coordinates":[-70.63416,-33.4312]},"properties":{"nombre":"Casa de Pablo Neruda, ubicada en calle Fernando Márquez de la Plata N°019","region":"Metropolitana de Santiago","provincia":"Santiago","comuna":"Providencia","codigo_cmn":"00505_MH_13123","categoria":"Monumento Histórico","tipo_decreto":"Decreto Supremo","n_decreto":"622","fecha_decreto":"31-07-1990","decreto_url":"https://www.monumentos.gob.cl/sites/default/files/decretos/mh_00505_2017_d400.pdf"}},{"type":"Feature","geometry":{"type":"Point","coordinates":[-70.63002,-33.43647]},"properties":{"nombre":"Templo parroquial de los Santos Ángeles Custodios","region":"Metropolitana de Santiago","provincia":"Santiago","comuna":"Providencia","codigo_cmn":"00497_MH_13123","categoria":"Monumento Histórico","tipo_decreto":"Decreto Supremo","n_decreto":"13","fecha_decreto":"12-01-1990","decreto_url":"https://www.monumentos.gob.cl/sites/default/files/decretos/d_391_del_28.12.2016_limites_mh_templo_santos_angeles_custodios.pdf"}},{"type":"Feature","geometry":{"type":"Point","coordinates":[-70.62459,-33.43702]},"properties":{"nombre":"Edificio del Hospital del Salvador","region":"Metropolitana de Santiago","provincia":"Santiago","comuna":"Providencia","codigo_cmn":"00391_MH_13123","categoria":"Monumento Histórico","tipo_decreto":"Decreto Supremo","n_decreto":"245","fecha_decreto":"06-05-1985","decreto_url":"https://www.monumentos.gob.cl/sites/default/files/decretos/MH_00391_1985_D00245.PDF"}},{"type":"Feature","geometry":{"type":"Point","coordinates":[-70.3519,-33.64131]},"properties":{"nombre":"Edificio del Ex Sanatorio Laennec","region":"Metropolitana de Santiago","provincia":"Cordillera","comuna":"San José de Maipo","codigo_cmn":"00838_MH_13203","categoria":"Monumento Histórico","tipo_decreto":"Decreto Exento","n_decreto":"780","fecha_decreto":"28-08-2002","decreto_url":"https://www.monumentos.gob.cl/sites/default/files/decretos/MH_00838_2002_D00780.PDF"}},{"type":"Feature","geometry":{"type":"Point","coordinates":[-70.64857,-33.44495]},"properties":{"nombre":"Edificio de calle Londres Nº 65 y 67","region":"Metropolitana de Santiago","provincia":"Santiago","comuna":"Santiago","codigo_cmn":"01011_MH_13101","categoria":"Monumento Histórico","tipo_decreto":"Decreto Exento","n_decreto":"905","fecha_decreto":"07-07-2006","decreto_url":"https://www.monumentos.gob.cl/sites/default/files/decretos/MH_01011_2006_D00905.PDF"}},{"type":"Feature","geometry":{"type":"Point","coordinates":[-70.67895,-33.44446]},"properties":{"nombre":"Edificio de la ex Dirección General de Aprovisionamiento del Estado","region":"Metropolitana de Santiago","provincia":"Santiago","comuna":"Santiago","codigo_cmn":"00807_MH_13101","categoria":"Monumento Histórico","tipo_decreto":"Decreto Exento","n_decreto":"447","fecha_decreto":"10-07-2001","decreto_url":"https://www.monumentos.gob.cl/sites/default/files/decretos/MH_00807_2001_D00447.PDF"}},{"type":"Feature","geometry":{"type":"Point","coordinates":[-70.63521,-33.43946]},"properties":{"nombre":"Sede de la Embajada de Argentina en Chile","region":"Metropolitana de Santiago","provincia":"Santiago","comuna":"Santiago","codigo_cmn":"00836_MH_13101","categoria":"Monumento Histórico","tipo_decreto":"Decreto Exento","n_decreto":"673","fecha_decreto":"24-07-2002","decreto_url":"https://www.monumentos.gob.cl/sites/default/files/decretos/MH_00836_2002_D00673.PDF"}},{"type":"Feature","geometry":{"type":"Point","coordinates":[-70.6457,-33.43595]},"properties":{"nombre":"Edificio sede del Colegio de Enfermeras de Chile A. G.","region":"Metropolitana de Santiago","provincia":"Santiago","comuna":"Santiago","codigo_cmn":"01026_MH_13101","categoria":"Monumento Histórico","tipo_decreto":"Decreto Exento","n_decreto":"909","fecha_decreto":"12-05-2007","decreto_url":"https://www.monumentos.gob.cl/sites/default/files/decretos/MH_01026_2007_D00909.PDF"}},{"type":"Feature","geometry":{"type":"Point","coordinates":[-70.64768,-33.43533]},"properties":{"nombre":"Iglesia de San Pedro","region":"Metropolitana de Santiago","provincia":"Santiago","comuna":"Santiago","codigo_cmn":"00512_MH_13101","categoria":"Monumento Histórico","tipo_decreto":"Decreto Supremo","n_decreto":"705","fecha_decreto":"08-10-1990","decreto_url":"https://www.monumentos.gob.cl/sites/default/files/decretos/MH_00512_2004_D00041.pdf"}},{"type":"Feature","geometry":{"type":"Point","coordinates":[-70.68119,-33.44306]},"properties":{"nombre":"Invernadero de la Quinta Normal","region":"Metropolitana de Santiago","provincia":"Santiago","comuna":"Santiago","codigo_cmn":"01157_MH_13101","categoria":"Monumento Histórico","tipo_decreto":"Decreto","n_decreto":"279","fecha_decreto":"17-07-2009","decreto_url":"https://www.monumentos.gob.cl/sites/default/files/decretos/MH_01157_2009_D00279.PDF"}},{"type":"Feature","geometry":{"type":"Point","coordinates":[-70.68179,-33.44153]},"properties":{"nombre":"Edificio del Museo Nacional de Historia Natural","region":"Metropolitana de Santiago","provincia":"Santiago","comuna":"Santiago","codigo_cmn":"00528_MH_13101","categoria":"Monumento Histórico","tipo_decreto":"Decreto Supremo","n_decreto":"69","fecha_decreto":"28-02-1991","decreto_url":"https://www.monumentos.gob.cl/sites/default/files/decretos/MH_00528_2003_D00466.pdf"}},{"type":"Feature","geometry":{"type":"Point","coordinates":[-70.65144,-33.47433]},"properties":{"nombre":"Teatro Huemúl","region":"Metropolitana de Santiago","provincia":"Santiago","comuna":"Santiago","codigo_cmn":"01502_MH_13101","categoria":"Monumento Histórico","tipo_decreto":"Decreto","n_decreto":"26","fecha_decreto":"29-01-2016","decreto_url":"https://www.monumentos.gob.cl/sites/default/files/decretos/MH_01502_2016_D00026.pdf"}},{"type":"Feature","geometry":{"type":"Point","coordinates":[-70.64718,-33.43554]},"properties":{"nombre":"Casa llamada de Velasco","region":"Metropolitana de Santiago","provincia":"Santiago","comuna":"Santiago","codigo_cmn":"00293_MH_13101","categoria":"Monumento Histórico","tipo_decreto":"Decreto Supremo","n_decreto":"6006","fecha_decreto":"10-09-1981","decreto_url":"https://www.monumentos.gob.cl/sites/default/files/decretos/MH_00293_2016_D00363.PDF"}},{"type":"Feature","geometry":{"type":"Point","coordinates":[-70.6492,-33.4386]},"properties":{"nombre":"Casa Colorada","region":"Metropolitana de Santiago","provincia":"Santiago","comuna":"Santiago","codigo_cmn":"00038_MH_13101","categoria":"Monumento Histórico","tipo_decreto":"Ley","n_decreto":"13936","fecha_decreto":"30-04-1960","decreto_url":"https://www.monumentos.gob.cl/sites/default/files/decretos/mh_00038_2017_d122.pdf"}},{"type":"Feature","geometry":{"type":"Point","coordinates":[-70.65139,-33.43791]},"properties":{"nombre":"Templo parroquial de El Sagrario","region":"Metropolitana de Santiago","provincia":"Santiago","comuna":"Santiago","codigo_cmn":"00148_MH_13101","categoria":"Monumento Histórico","tipo_decreto":"Decreto Supremo","n_decreto":"75","fecha_decreto":"17-01-1975","decreto_url":"https://www.monumentos.gob.cl/sites/default/files/decretos/mh_00148_2018_d19.pdf"}},{"type":"Feature","geometry":{"type":"Point","coordinates":[-70.64585,-33.44206]},"properties":{"nombre":"Biblioteca Nacional","region":"Metropolitana de Santiago","provincia":"Santiago","comuna":"Santiago","codigo_cmn":"00186_MH_13101","categoria":"Monumento Histórico","tipo_decreto":"Decreto Supremo","n_decreto":"1290","fecha_decreto":"30-12-1976","decreto_url":"https://www.monumentos.gob.cl/sites/default/files/decretos/MH_00186_2016_D00137.pdf"}},{"type":"Feature","geometry":{"type":"Point","coordinates":[-70.64634,-33.43541]},"properties":{"nombre":"Casa de Santo Domingo Nº 627","region":"Metropolitana de Santiago","provincia":"Santiago","comuna":"Santiago","codigo_cmn":"00294_MH_13101","categoria":"Monumento Histórico","tipo_decreto":"Decreto Supremo","n_decreto":"6006","fecha_decreto":"10-09-1981","decreto_url":"https://www.monumentos.gob.cl/sites/default/files/decretos/MH_00294_2016_D00362.PDF"}},{"type":"Feature","geometry":{"type":"Point","coordinates":[-70.68805,-33.52545]},"properties":{"nombre":"Sitio donde fueron encontrados los cuerpos de Víctor Jara, Littre Quiroga y otras tres personas que no han sido identificadas","region":"Metropolitana de Santiago","provincia":"Santiago","comuna":"Lo Espejo","codigo_cmn":"01509_MH_13116","categoria":"Monumento Histórico","tipo_decreto":"Decreto","n_decreto":"586","fecha_decreto":"29-12-2015","decreto_url":"https://www.monumentos.gob.cl/sites/default/files/decretos/MH_01509_2015_D00586.pdf"}},{"type":"Feature","geometry":{"type":"Point","coordinates":[-70.64494,-33.44059]},"properties":{"nombre":"Ex centro de detención Clínica Santa Lucía","region":"Metropolitana de Santiago","provincia":"Santiago","comuna":"Santiago","codigo_cmn":"01517_MH_13101","categoria":"Monumento Histórico","tipo_decreto":"Decreto","n_decreto":"136","fecha_decreto":"29-04-2016","decreto_url":"https://www.monumentos.gob.cl/sites/default/files/decretos/MH_01517_2016_D00136.pdf"}},{"type":"Feature","geometry":{"type":"Point","coordinates":[-70.67812,-33.48857]},"properties":{"nombre":"Casas de André Jarlán y Pierre Dubois","region":"Metropolitana de Santiago","provincia":"Santiago","comuna":"Pedro Aguirre Cerda","codigo_cmn":"01521_MH_13121","categoria":"Monumento Histórico","tipo_decreto":"Decreto","n_decreto":"132","fecha_decreto":"29-04-2016","decreto_url":"https://www.monumentos.gob.cl/sites/default/files/decretos/MH_01521_2016_D00132.PDF"}},{"type":"Feature","geometry":{"type":"Point","coordinates":[-70.64788,-33.4506]},"properties":{"nombre":"Sede Social y Espacio de Memoria de los trabajadores de la construcción, excavadores y alcantarilleros de la Región Metropolitana","region":"Metropolitana de Santiago","provincia":"Santiago","comuna":"Santiago","codigo_cmn":"01535_MH_13101","categoria":"Monumento Histórico","tipo_decreto":"Decreto","n_decreto":"250","fecha_decreto":"01-09-2016","decreto_url":"https://www.monumentos.gob.cl/sites/default/files/decretos/MH_01535_2016_D00250.PDF"}},{"type":"Feature","geometry":{"type":"Point","coordinates":[-70.65052,-33.44018]},"properties":{"nombre":"Casa Matriz del Banco de Chile","region":"Metropolitana de Santiago","provincia":"Santiago","comuna":"Santiago","codigo_cmn":"01552_MH_13101","categoria":"Monumento Histórico","tipo_decreto":"Decreto","n_decreto":"209","fecha_decreto":"18-07-2016","decreto_url":"https://www.monumentos.gob.cl/sites/default/files/decretos/MH_01552_2016_D00209.PDF"}},{"type":"Feature","geometry":{"type":"Point","coordinates":[-70.65231,-33.43137]},"properties":{"nombre":"Piscina Escolar de la Universidad de Chile","region":"Metropolitana de Santiago","provincia":"Santiago","comuna":"Independencia","codigo_cmn":"01547_MH_13108","categoria":"Monumento Histórico","tipo_decreto":"Decreto","n_decreto":"306","fecha_decreto":"15-11-2016","decreto_url":"https://www.monumentos.gob.cl/sites/default/files/decretos/MH_01547_2016_D00306.PDF"}},{"type":"Feature","geometry":{"type":"Point","coordinates":[-70.65563,-33.42893]},"properties":{"nombre":"Consultorio N°2","region":"Metropolitana de Santiago","provincia":"Santiago","comuna":"Independencia","codigo_cmn":"01548_MH_13108","categoria":"Monumento Histórico","tipo_decreto":"Decreto","n_decreto":"307","fecha_decreto":"15-11-2016","decreto_url":"https://www.monumentos.gob.cl/sites/default/files/decretos/MH_01548_2016_D00307.PDF"}},{"type":"Feature","geometry":{"type":"Point","coordinates":[-70.6588,-33.44527]},"properties":{"nombre":"Sede Social de la Agrupación Nacional de Empleados Fiscales (ANEF)","region":"Metropolitana de Santiago","provincia":"Santiago","comuna":"Santiago","codigo_cmn":"01549_MH_13101","categoria":"Monumento Histórico","tipo_decreto":"Decreto","n_decreto":"346","fecha_decreto":"01-12-2016","decreto_url":"https://www.monumentos.gob.cl/sites/default/files/decretos/MH_01549_2016_D00346.PDF"}},{"type":"Feature","geometry":{"type":"Point","coordinates":[-70.67294,-33.43844]},"properties":{"nombre":"Casa de Ignacio Domeyko","region":"Metropolitana de Santiago","provincia":"Santiago","comuna":"Santiago","codigo_cmn":"01559_MH_13101","categoria":"Monumento Histórico","tipo_decreto":"Decreto","n_decreto":"255","fecha_decreto":"08-09-2016","decreto_url":"https://www.monumentos.gob.cl/sites/default/files/decretos/d_255_del_08.09.2016_mh_casa_de_ignacio_domeyko.pdf"}},{"type":"Feature","geometry":{"type":"Point","coordinates":[-70.68281,-33.56285]},"properties":{"nombre":"Monumento a los Mártires de la Aviación Militar Chilena","region":"Metropolitana de Santiago","provincia":"Santiago","comuna":"El Bosque","codigo_cmn":"01576_MH_13105","categoria":"Monumento Histórico","tipo_decreto":"Decreto","n_decreto":"157","fecha_decreto":"19-07-2017","decreto_url":"https://www.monumentos.gob.cl/sites/default/files/decretos/d_157_19.07.2017_mh_martires_de_la_aviacion.pdf"}},{"type":"Feature","geometry":{"type":"Point","coordinates":[-70.57168,-33.40352]},"properties":{"nombre":"Villa Ministro Carlos Cortés (Villa San Luis de Las Condes)","region":"Metropolitana de Santiago","provincia":"Santiago","comuna":"Las Condes","codigo_cmn":"01574_MH_13114","categoria":"Monumento Histórico","tipo_decreto":"Decreto","n_decreto":"135","fecha_decreto":"29-06-2017","decreto_url":"https://www.monumentos.gob.cl/sites/default/files/decretos/d_135_29.06.2017_mh_villa_san_luis.pdf"}},{"type":"Feature","geometry":{"type":"Point","coordinates":[-70.5876,-33.48299]},"properties":{"nombre":"Sitio de memoria centro de detención denominado Venda Sexy - Discoteque","region":"Metropolitana de Santiago","provincia":"Santiago","comuna":"Macul","codigo_cmn":"01537_MH_13118","categoria":"Monumento Histórico","tipo_decreto":"Decreto","n_decreto":"277","fecha_decreto":"03-10-2016","decreto_url":"https://www.monumentos.gob.cl/sites/default/files/decretos/MH_01537_2016_D00277.PDF"}},{"type":"Feature","geometry":{"type":"Point","coordinates":[-70.99414,-33.91041]},"properties":{"nombre":"Altos de Cantillana-Horcón de Piedras y Roblería Cajón de Lisboa","region":"Metropolitana de Santiago","provincia":"Multiterritorial","comuna":"Multiterritorial","codigo_cmn":"01220_SN_MT","categoria":"Santuario de la Naturaleza","tipo_decreto":"Decreto","n_decreto":"30","fecha_decreto":"30-12-2009","decreto_url":"https://www.monumentos.gob.cl/sites/default/files/decretos/SN_01220_2009_D00517.PDF"}},{"type":"Feature","geometry":{"type":"Point","coordinates":[-70.67087,-33.39632]},"properties":{"nombre":"Casa Consistorial de Conchalí. Ex casa patronal de la Chacra Lo Negrete","region":"Metropolitana de Santiago","provincia":"Santiago","comuna":"Conchalí","codigo_cmn":"00903_MH_13104","categoria":"Monumento Histórico","tipo_decreto":"Decreto Exento","n_decreto":"479","fecha_decreto":"01-07-2004","decreto_url":"https://www.monumentos.gob.cl/sites/default/files/decretos/MH_00903_2004_D00479.PDF"}},{"type":"Feature","geometry":{"type":"Point","coordinates":[-70.63677,-33.43567]},"properties":{"nombre":"Puente metálico sobre el río Mapocho, que enfrenta a la Fuente Alemana, ubicada en el Parque Forestal","region":"Metropolitana de Santiago","provincia":"Santiago","comuna":"Santiago","codigo_cmn":"00677_MH_13101","categoria":"Monumento Histórico","tipo_decreto":"Decreto Exento","n_decreto":"824","fecha_decreto":"29-07-1997","decreto_url":"https://www.monumentos.gob.cl/sites/default/files/decretos/MH_00675_1997_D00824.pdf"}},{"type":"Feature","geometry":{"type":"Point","coordinates":[-70.67807,-33.44193]},"properties":{"nombre":"Escuela Normal N°1","region":"Metropolitana de Santiago","provincia":"Santiago","comuna":"Santiago","codigo_cmn":"00286_MH_13101","categoria":"Monumento Histórico","tipo_decreto":"Decreto Supremo","n_decreto":"2701","fecha_decreto":"02-06-1981","decreto_url":"https://www.monumentos.gob.cl/sites/default/files/decretos/MH_00286_2016_D00174.PDF"}},{"type":"Feature","geometry":{"type":"Point","coordinates":[-70.64761,-33.44342]},"properties":{"nombre":"Iglesia y convento de San Francisco","region":"Metropolitana de Santiago","provincia":"Santiago","comuna":"Santiago","codigo_cmn":"00029_MH_13101","categoria":"Monumento Histórico","tipo_decreto":"Decreto Supremo","n_decreto":"5058","fecha_decreto":"06-07-1951","decreto_url":"https://www.monumentos.gob.cl/sites/default/files/decretos/d_14_del_20.01.2017_limites_mh_iglesia_y_convento_san_francisco.pdf"}},{"type":"Feature","geometry":{"type":"Point","coordinates":[-70.64171,-33.43816]},"properties":{"nombre":"Barrio Santa Lucía-Mulato Gil de Castro-Parque Forestal","region":"Metropolitana de Santiago","provincia":"Santiago","comuna":"Santiago","codigo_cmn":"00653_ZT_13101","categoria":"Zona Típica o Pintoresca","tipo_decreto":"Decreto Exento","n_decreto":"123","fecha_decreto":"21-02-1996","decreto_url":"https://www.monumentos.gob.cl/sites/default/files/decretos/ZT_00653_1998_D00730.pdf"}},{"type":"Feature","geometry":{"type":"Point","coordinates":[-70.64534,-33.43424]},"properties":{"nombre":"Parque Forestal","region":"Metropolitana de Santiago","provincia":"Santiago","comuna":"Multiterritorial","codigo_cmn":"00679_ZT_MT","categoria":"Zona Típica o Pintoresca","tipo_decreto":"Decreto Exento","n_decreto":"824","fecha_decreto":"29-07-1997","decreto_url":"https://www.monumentos.gob.cl/sites/default/files/decretos/MH_00675_1997_D00824.pdf"}},{"type":"Feature","geometry":{"type":"Point","coordinates":[-70.68901,-33.30763]},"properties":{"nombre":"Sector Cerro Pan de Azúcar","region":"Metropolitana de Santiago","provincia":"Chacabuco","comuna":"Colina","codigo_cmn":"01674_MH_13301","categoria":"Monumento Histórico","tipo_decreto":"Decreto","n_decreto":"368","fecha_decreto":"15-11-2017","decreto_url":"https://www.monumentos.gob.cl/sites/default/files/decretos/decreto_mh_y_zt_canteras_de_colina.pdf"}},{"type":"Feature","geometry":{"type":"Point","coordinates":[-70.59968,-33.48176]},"properties":{"nombre":"Ex Casa Vásquez (Edificio Consistorial de Macul)","region":"Metropolitana de Santiago","provincia":"Santiago","comuna":"Macul","codigo_cmn":"01144_MH_13118","categoria":"Monumento Histórico","tipo_decreto":"Decreto","n_decreto":"148","fecha_decreto":"30-04-2009","decreto_url":"https://www.monumentos.gob.cl/sites/default/files/decretos/MH_01144_2009_D00148.PDF"}},{"type":"Feature","geometry":{"type":"Point","coordinates":[-70.76531,-33.51124]},"properties":{"nombre":"Templo Votivo Nacional","region":"Metropolitana de Santiago","provincia":"Santiago","comuna":"Maipú","codigo_cmn":"00385_MH_13119","categoria":"Monumento Histórico","tipo_decreto":"Decreto Supremo","n_decreto":"645","fecha_decreto":"26-10-1984","decreto_url":"https://www.monumentos.gob.cl/sites/default/files/decretos/MH_00385_2008_D02840.pdf"}},{"type":"Feature","geometry":{"type":"Point","coordinates":[-70.61057,-33.46605]},"properties":{"nombre":"Estadio Nacional","region":"Metropolitana de Santiago","provincia":"Santiago","comuna":"Ñuñoa","codigo_cmn":"00876_MH_13120","categoria":"Monumento Histórico","tipo_decreto":"Decreto Exento","n_decreto":"710","fecha_decreto":"11-09-2003","decreto_url":"https://www.monumentos.gob.cl/sites/default/files/decretos/MH_00876_2003_D00710.PDF"}},{"type":"Feature","geometry":{"type":"Point","coordinates":[-70.66348,-33.31387]},"properties":{"nombre":"Sector Cerro La Pedregosa","region":"Metropolitana de Santiago","provincia":"Chacabuco","comuna":"Colina","codigo_cmn":"01675_MH_13301","categoria":"Monumento Histórico","tipo_decreto":"Decreto","n_decreto":"368","fecha_decreto":"15-11-2017","decreto_url":"https://www.monumentos.gob.cl/sites/default/files/decretos/decreto_mh_y_zt_canteras_de_colina.pdf"}},{"type":"Feature","geometry":{"type":"Point","coordinates":[-70.65997,-33.44475]},"properties":{"nombre":"Sede de la Fundación de Ayuda Social de las Iglesias Cristianas (FASIC)","region":"Metropolitana de Santiago","provincia":"Santiago","comuna":"Santiago","codigo_cmn":"01679_MH_13101","categoria":"Monumento Histórico","tipo_decreto":"Decreto","n_decreto":"509","fecha_decreto":"22-12-2017","decreto_url":"https://www.monumentos.gob.cl/sites/default/files/decretos/mh_01679_2017_d509.pdf"}},{"type":"Feature","geometry":{"type":"Point","coordinates":[-70.65776,-33.40015]},"properties":{"nombre":"Casona El Tilo","region":"Metropolitana de Santiago","provincia":"Santiago","comuna":"Recoleta","codigo_cmn":"01683_MH_13127","categoria":"Monumento Histórico","tipo_decreto":"Decreto","n_decreto":"20","fecha_decreto":"19-01-2018","decreto_url":"https://www.monumentos.gob.cl/sites/default/files/decretos/mh_01683_2018_d20.pdf"}},{"type":"Feature","geometry":{"type":"Point","coordinates":[-70.65442,-33.44143]},"properties":{"nombre":"Sitio de Memoria Cuartel N°1 del Servicio de Inteligencia de Carabineros (SICAR)","region":"Metropolitana de Santiago","provincia":"Santiago","comuna":"Santiago","codigo_cmn":"01689_MH_13101","categoria":"Monumento Histórico","tipo_decreto":"Decreto","n_decreto":"68","fecha_decreto":"22-02-2018","decreto_url":"https://www.monumentos.gob.cl/sites/default/files/decretos/mh_01689_2018_d68.pdf"}},{"type":"Feature","geometry":{"type":"Point","coordinates":[-70.65715,-33.44725]},"properties":{"nombre":"Edificio Eguiguren Yrarrázaval","region":"Metropolitana de Santiago","provincia":"Santiago","comuna":"Santiago","codigo_cmn":"01698_MH_13101","categoria":"Monumento Histórico","tipo_decreto":"Decreto","n_decreto":"71","fecha_decreto":"23-02-2018","decreto_url":"https://www.monumentos.gob.cl/sites/default/files/decretos/mh_01699_2018_d71.pdf"}},{"type":"Feature","geometry":{"type":"Point","coordinates":[-70.65726,-33.44698]},"properties":{"nombre":"Casa Valdés Bustamante","region":"Metropolitana de Santiago","provincia":"Santiago","comuna":"Santiago","codigo_cmn":"01699_MH_13101","categoria":"Monumento Histórico","tipo_decreto":"Decreto","n_decreto":"71","fecha_decreto":"23-02-2018","decreto_url":"https://www.monumentos.gob.cl/sites/default/files/decretos/mh_01699_2018_d71.pdf"}},{"type":"Feature","geometry":{"type":"Point","coordinates":[-70.65728,-33.44688]},"properties":{"nombre":"Casa San Ignacio 85","region":"Metropolitana de Santiago","provincia":"Santiago","comuna":"Santiago","codigo_cmn":"01700_MH_13101","categoria":"Monumento Histórico","tipo_decreto":"Decreto","n_decreto":"71","fecha_decreto":"23-02-2018","decreto_url":"https://www.monumentos.gob.cl/sites/default/files/decretos/mh_01699_2018_d71.pdf"}},{"type":"Feature","geometry":{"type":"Point","coordinates":[-70.73049,-33.09128]},"properties":{"nombre":"Casas del Fundo Quilapilún","region":"Metropolitana de Santiago","provincia":"Chacabuco","comuna":"Colina","codigo_cmn":"00296_MH_13301","categoria":"Monumento Histórico","tipo_decreto":"Decreto Supremo","n_decreto":"6006","fecha_decreto":"19-09-1981","decreto_url":"https://www.monumentos.gob.cl/sites/default/files/decretos/d_15_del_20.01.2017_limites_mh_casas_del_fundo_quilapilun.pdf"}},{"type":"Feature","geometry":{"type":"Point","coordinates":[-70.65429,-33.44012]},"properties":{"nombre":"Edificio de la ex Caja de Crédito Hipotecario","region":"Metropolitana de Santiago","provincia":"Santiago","comuna":"Santiago","codigo_cmn":"01709_MH_13101","categoria":"Monumento Histórico","tipo_decreto":"Decreto","n_decreto":"26","fecha_decreto":"28-08-2018","decreto_url":"https://www.monumentos.gob.cl/sites/default/files/decretos/mh_01709_2018_d26.pdf"}},{"type":"Feature","geometry":{"type":"Point","coordinates":[-70.74785,-33.61523]},"properties":{"nombre":"Fortaleza Incaica de Chena y sus contornos","region":"Metropolitana de Santiago","provincia":"Maipo","comuna":"Multiterritorial","codigo_cmn":"00192_MH_MT","categoria":"Monumento Histórico","tipo_decreto":"Decreto Supremo","n_decreto":"622","fecha_decreto":"17-08-1977","decreto_url":"https://www.monumentos.gob.cl/sites/default/files/decretos/mh_00192_2017_d114.pdf"}},{"type":"Feature","geometry":{"type":"Point","coordinates":[-70.65157,-33.43823]},"properties":{"nombre":"Ex Palacio Arzobispal","region":"Metropolitana de Santiago","provincia":"Santiago","comuna":"Santiago","codigo_cmn":"00147_MH_13101","categoria":"Monumento Histórico","tipo_decreto":"Decreto Supremo","n_decreto":"75","fecha_decreto":"17-01-1975","decreto_url":"https://www.monumentos.gob.cl/sites/default/files/decretos/mh_00147_2018_d13.pdf"}},{"type":"Feature","geometry":{"type":"Point","coordinates":[-70.65051,-33.43567]},"properties":{"nombre":"Iglesia de Santo Domingo","region":"Metropolitana de Santiago","provincia":"Santiago","comuna":"Santiago","codigo_cmn":"00031_MH_13101","categoria":"Monumento Histórico","tipo_decreto":"Decreto Supremo","n_decreto":"5058","fecha_decreto":"06-07-1951","decreto_url":"https://www.monumentos.gob.cl/sites/default/files/decretos/mh_00031_2017_d123.pdf"}},{"type":"Feature","geometry":{"type":"Point","coordinates":[-70.67458,-33.4507]},"properties":{"nombre":"Estadio Víctor Jara","region":"Metropolitana de Santiago","provincia":"Santiago","comuna":"Santiago","codigo_cmn":"01187_MH_13101","categoria":"Monumento Histórico","tipo_decreto":"Decreto","n_decreto":"483","fecha_decreto":"30-12-2009","decreto_url":"https://www.monumentos.gob.cl/sites/default/files/decretos/mh_01187_2017_d127.pdf"}},{"type":"Feature","geometry":{"type":"Point","coordinates":[-70.65685,-33.44742]},"properties":{"nombre":"Iglesia de San Ignacio","region":"Metropolitana de Santiago","provincia":"Santiago","comuna":"Santiago","codigo_cmn":"00859_MH_13101","categoria":"Monumento Histórico","tipo_decreto":"Decreto Exento","n_decreto":"817","fecha_decreto":"04-09-2002","decreto_url":"https://www.monumentos.gob.cl/sites/default/files/decretos/MH_00859_2002_D00817.PDF"}},{"type":"Feature","geometry":{"type":"Point","coordinates":[-70.63797,-33.46542]},"properties":{"nombre":"El Conjunto del Patronato San Antonio de Padua","region":"Metropolitana de Santiago","provincia":"Santiago","comuna":"Santiago","codigo_cmn":"01713_MH_13101","categoria":"Monumento Histórico","tipo_decreto":"Decreto","n_decreto":"12","fecha_decreto":"31-01-2019","decreto_url":"https://www.monumentos.gob.cl/sites/default/files/decretos/mh_00614_2017_d194.pdf"}},{"type":"Feature","geometry":{"type":"Point","coordinates":[-70.63883,-33.43519]},"properties":{"nombre":"Puente metálico sobre el río Mapocho, que enfrenta a la calle Purísima al oriente","region":"Metropolitana de Santiago","provincia":"Santiago","comuna":"Santiago","codigo_cmn":"00675_MH_13101","categoria":"Monumento Histórico","tipo_decreto":"Decreto Exento","n_decreto":"824","fecha_decreto":"29-07-1997","decreto_url":"https://www.monumentos.gob.cl/sites/default/files/decretos/MH_00675_1997_D00824.pdf"}},{"type":"Feature","geometry":{"type":"Point","coordinates":[-70.63894,-33.43516]},"properties":{"nombre":"Puente metálico sobre el río Mapocho, que enfrenta a la calle Purísima al poniente","region":"Metropolitana de Santiago","provincia":"Santiago","comuna":"Santiago","codigo_cmn":"00676_MH_13101","categoria":"Monumento Histórico","tipo_decreto":"Decreto Exento","n_decreto":"824","fecha_decreto":"29-07-1997","decreto_url":"https://www.monumentos.gob.cl/sites/default/files/decretos/MH_00675_1997_D00824.pdf"}},{"type":"Feature","geometry":{"type":"Point","coordinates":[-70.63223,-33.42196]},"properties":{"nombre":"Segunda Cumbre del Parque Metropolitano de Santiago","region":"Metropolitana de Santiago","provincia":"Santiago","comuna":"Multiterritorial","codigo_cmn":"01275_MH_MT","categoria":"Monumento Histórico","tipo_decreto":"Decreto","n_decreto":"352","fecha_decreto":"03-09-2010","decreto_url":"https://www.monumentos.gob.cl/sites/default/files/decretos/MH_01239_2010_D00352.PDF"}},{"type":"Feature","geometry":{"type":"Point","coordinates":[-70.65193,-33.43772]},"properties":{"nombre":"Catedral de Santiago","region":"Metropolitana de Santiago","provincia":"Santiago","comuna":"Santiago","codigo_cmn":"00028_MH_13101","categoria":"Monumento Histórico","tipo_decreto":"Decreto Supremo","n_decreto":"5058","fecha_decreto":"06-07-1951","decreto_url":"https://www.monumentos.gob.cl/sites/default/files/decretos/mh_00028_2018_d23.pdf"}},{"type":"Feature","geometry":{"type":"Point","coordinates":[-70.61698,-33.47512]},"properties":{"nombre":"Bodegas de la Viña Santa Carolina","region":"Metropolitana de Santiago","provincia":"Santiago","comuna":"Macul","codigo_cmn":"00124_MH_13118","categoria":"Monumento Histórico","tipo_decreto":"Decreto Supremo","n_decreto":"936","fecha_decreto":"24-07-1973","decreto_url":"https://www.monumentos.gob.cl/sites/default/files/decretos/MH_00124_1996_D00610.pdf"}},{"type":"Feature","geometry":{"type":"Point","coordinates":[-70.64361,-33.43532]},"properties":{"nombre":"Museo Nacional de Bellas Artes, comprendiendo también la parte ocupada actualmente por el Museo de Arte Contemporáneo","region":"Metropolitana de Santiago","provincia":"Santiago","comuna":"Santiago","codigo_cmn":"00187_MH_13101","categoria":"Monumento Histórico","tipo_decreto":"Decreto Supremo","n_decreto":"1290","fecha_decreto":"30-12-1976","decreto_url":"https://www.monumentos.gob.cl/sites/default/files/decretos/MH_00187_2016_D00374.PDF"}},{"type":"Feature","geometry":{"type":"Point","coordinates":[-70.64524,-33.44197]},"properties":{"nombre":"Edificio del Archivo Nacional","region":"Metropolitana de Santiago","provincia":"Santiago","comuna":"Santiago","codigo_cmn":"00553_MH_13101","categoria":"Monumento Histórico","tipo_decreto":"Decreto Supremo","n_decreto":"444","fecha_decreto":"21-11-1991","decreto_url":"https://www.monumentos.gob.cl/sites/default/files/decretos/MH_00553_2016_D00139.pdf"}},{"type":"Feature","geometry":{"type":"Point","coordinates":[-70.67711,-33.47464]},"properties":{"nombre":"Maestranza de Ferrocarriles San Eugenio y edificaciones anexas","region":"Metropolitana de Santiago","provincia":"Santiago","comuna":"Estación Central","codigo_cmn":"01039_ZT_13106","categoria":"Zona Típica o Pintoresca","tipo_decreto":"Decreto Exento","n_decreto":"2050","fecha_decreto":"23-10-2007","decreto_url":"https://www.monumentos.gob.cl/sites/default/files/decretos/MH_01040_2007_D02050.PDF"}},{"type":"Feature","geometry":{"type":"Point","coordinates":[-70.35266,-33.63979]},"properties":{"nombre":"Centro Histórico de San José de Maipo","region":"Metropolitana de Santiago","provincia":"Cordillera","comuna":"San José de Maipo","codigo_cmn":"01238_ZT_13203","categoria":"Zona Típica o Pintoresca","tipo_decreto":"Decreto","n_decreto":"266","fecha_decreto":"01-07-2010","decreto_url":"https://www.monumentos.gob.cl/sites/default/files/decretos/ZT_01238_2010_D00266.PDF"}},{"type":"Feature","geometry":{"type":"Point","coordinates":[-70.65449,-33.43094]},"properties":{"nombre":"Sitio de Memoria Cuartel Borgoño","region":"Metropolitana de Santiago","provincia":"Santiago","comuna":"Independencia","codigo_cmn":"01563_MH_13108","categoria":"Monumento Histórico","tipo_decreto":"Decreto","n_decreto":"347","fecha_decreto":"01-12-2016","decreto_url":"https://www.monumentos.gob.cl/sites/default/files/decretos/mh_01563_2016_d00347.pdf"}},{"type":"Feature","geometry":{"type":"Point","coordinates":[-70.92862,-32.8406]},"properties":{"nombre":"Casa Santa Teresa de LlaiLlay (antigua Casa de Jenaro Prieto)","region":"Valparaíso","provincia":"San Felipe de Aconcagua","comuna":"Llaillay","codigo_cmn":"01147_MH_05703","categoria":"Monumento Histórico","tipo_decreto":"Decreto","n_decreto":"156","fecha_decreto":"11-05-2009","decreto_url":"https://www.monumentos.gob.cl/sites/default/files/decretos/MH_01147_2009_D00156.PDF"}},{"type":"Feature","geometry":{"type":"Point","coordinates":[-71.21031,-32.68907]},"properties":{"nombre":"Inmuebles que Indica en el pueblo de El Melón","region":"Valparaíso","provincia":"Quillota","comuna":"Nogales","codigo_cmn":"00682_MH_05506","categoria":"Monumento Histórico","tipo_decreto":"Decreto Exento","n_decreto":"1014","fecha_decreto":"08-10-1997","decreto_url":"https://www.monumentos.gob.cl/sites/default/files/decretos/MH_00682_1999_D00441.pdf"}},{"type":"Feature","geometry":{"type":"Point","coordinates":[-71.62753,-33.04632]},"properties":{"nombre":"Casa de Pólvora y ex Cárcel Pública de Valparaíso, actual Parque Cultural","region":"Valparaíso","provincia":"Valparaíso","comuna":"Valparaíso","codigo_cmn":"01714_MH_05101","categoria":"Monumento Histórico","tipo_decreto":"Decreto","n_decreto":"14","fecha_decreto":"12-03-2019","decreto_url":"https://www.monumentos.gob.cl/sites/default/files/decretos/mh_01714_2020_d3_do.pdf"}},{"type":"Feature","geometry":{"type":"Point","coordinates":[-71.65773,-33.27602]},"properties":{"nombre":"Humedal de Tunquén","region":"Valparaíso","provincia":"Multiterritorial","comuna":"Multiterritorial","codigo_cmn":"01514_SN_MT","categoria":"Santuario de la Naturaleza","tipo_decreto":"Decreto","n_decreto":"75","fecha_decreto":"10-10-2014","decreto_url":"https://www.monumentos.gob.cl/sites/default/files/decretos/SN_01514_2014_D00075.pdf"}},{"type":"Feature","geometry":{"type":"Point","coordinates":[-71.65754,-33.44127]},"properties":{"nombre":"Quebrada de Córdova","region":"Valparaíso","provincia":"San Antonio","comuna":"Multiterritorial","codigo_cmn":"01666_SN_MT","categoria":"Santuario de la Naturaleza","tipo_decreto":"Decreto","n_decreto":"30","fecha_decreto":"14-07-2017","decreto_url":"https://www.monumentos.gob.cl/sites/default/files/decretos/sn_01666_2017_dmma30.pdf"}},{"type":"Feature","geometry":{"type":"Point","coordinates":[-71.54901,-32.9448]},"properties":{"nombre":"Campo Dunar de la Punta de Concón","region":"Valparaíso","provincia":"Valparaíso","comuna":"Multiterritorial","codigo_cmn":"00593_SN_MT","categoria":"Santuario de la Naturaleza","tipo_decreto":"Decreto Supremo","n_decreto":"481","fecha_decreto":"05-08-1993","decreto_url":"https://www.monumentos.gob.cl/sites/default/files/decretos/SN_00593_2012_D00045.pdf"}},{"type":"Feature","geometry":{"type":"Point","coordinates":[-70.72018,-32.59204]},"properties":{"nombre":"Hacienda Lo Vicuña","region":"Valparaíso","provincia":"San Felipe de Aconcagua","comuna":"Putaendo","codigo_cmn":"01057_ZT_05705","categoria":"Zona Típica o Pintoresca","tipo_decreto":"Decreto Exento","n_decreto":"984","fecha_decreto":"11-04-2008","decreto_url":"https://www.monumentos.gob.cl/sites/default/files/decretos/MH_01058_2008_D00984.PDF"}},{"type":"Feature","geometry":{"type":"Point","coordinates":[-71.19299,-32.78952]},"properties":{"nombre":"Recinto Ferroviario de La Calera","region":"Valparaíso","provincia":"Quillota","comuna":"Calera","codigo_cmn":"01384_ZT_05502","categoria":"Zona Típica o Pintoresca","tipo_decreto":"Decreto","n_decreto":"306","fecha_decreto":"22-07-2014","decreto_url":"https://www.monumentos.gob.cl/sites/default/files/decretos/MH_01382_2014_D00306.pdf"}},{"type":"Feature","geometry":{"type":"Point","coordinates":[-70.71924,-32.62774]},"properties":{"nombre":"Centro Histórico y Calle Comercio de Putaendo","region":"Valparaíso","provincia":"San Felipe de Aconcagua","comuna":"Putaendo","codigo_cmn":"00831_ZT_05705","categoria":"Zona Típica o Pintoresca","tipo_decreto":"Decreto Exento","n_decreto":"394","fecha_decreto":"08-05-2002","decreto_url":"https://www.monumentos.gob.cl/sites/default/files/decretos/ZT_00831_2002_D00394.PDF"}},{"type":"Feature","geometry":{"type":"Point","coordinates":[-71.62429,-33.50042]},"properties":{"nombre":"Barrios Vaticano y Quirinal","region":"Valparaíso","provincia":"San Antonio","comuna":"El Tabo","codigo_cmn":"01401_ZT_05605","categoria":"Zona Típica o Pintoresca","tipo_decreto":"Decreto","n_decreto":"110","fecha_decreto":"25-03-2015","decreto_url":"https://www.monumentos.gob.cl/sites/default/files/decretos/MH_01400_2015_D00110.pdf"}},{"type":"Feature","geometry":{"type":"Point","coordinates":[-71.62887,-33.04055]},"properties":{"nombre":"Área Histórica de Valparaíso","region":"Valparaíso","provincia":"Valparaíso","comuna":"Valparaíso","codigo_cmn":"00813_ZT_05101","categoria":"Zona Típica o Pintoresca","tipo_decreto":"Decreto Exento","n_decreto":"605","fecha_decreto":"31-08-2001","decreto_url":"https://www.monumentos.gob.cl/sites/default/files/decretos/ZT_00813_2008_D00453.PDF"}},{"type":"Feature","geometry":{"type":"Point","coordinates":[-71.6302,-33.03694]},"properties":{"nombre":"Sector Plaza Echaurren y calle Serrano","region":"Valparaíso","provincia":"Valparaíso","comuna":"Valparaíso","codigo_cmn":"00810_ZT_05101","categoria":"Zona Típica o Pintoresca","tipo_decreto":"Decreto Exento","n_decreto":"605","fecha_decreto":"31-08-2001","decreto_url":"https://www.monumentos.gob.cl/sites/default/files/decretos/ZT_00809_2001_D00605.PDF"}},{"type":"Feature","geometry":{"type":"Point","coordinates":[-71.63233,-33.03644]},"properties":{"nombre":"Entorno Iglesia La Matriz","region":"Valparaíso","provincia":"Valparaíso","comuna":"Valparaíso","codigo_cmn":"00085_ZT_05101","categoria":"Zona Típica o Pintoresca","tipo_decreto":"Decreto Supremo","n_decreto":"2412","fecha_decreto":"06-10-1971","decreto_url":"https://www.monumentos.gob.cl/sites/default/files/decretos/ZT_00809_2001_D00605.PDF"}},{"type":"Feature","geometry":{"type":"Point","coordinates":[-71.62857,-33.03852]},"properties":{"nombre":"Edificios y plaza que indica: Plaza Sotomayor de Valparaíso, incluye los edificios que la encierran","region":"Valparaíso","provincia":"Valparaíso","comuna":"Valparaíso","codigo_cmn":"00230_ZT_05101","categoria":"Zona Típica o Pintoresca","tipo_decreto":"Decreto Supremo","n_decreto":"170","fecha_decreto":"23-01-1979","decreto_url":"https://www.monumentos.gob.cl/sites/default/files/decretos/ZT_00809_2001_D00605.PDF"}},{"type":"Feature","geometry":{"type":"Point","coordinates":[-71.62753,-33.04018]},"properties":{"nombre":"Sector Bancario de Calle Prat","region":"Valparaíso","provincia":"Valparaíso","comuna":"Valparaíso","codigo_cmn":"00812_ZT_05101","categoria":"Zona Típica o Pintoresca","tipo_decreto":"Decreto Exento","n_decreto":"605","fecha_decreto":"31-08-2001","decreto_url":"https://www.monumentos.gob.cl/sites/default/files/decretos/ZT_00809_2001_D00605.PDF"}},{"type":"Feature","geometry":{"type":"Point","coordinates":[-71.63039,-33.03876]},"properties":{"nombre":"Sector Cerro Cordillera","region":"Valparaíso","provincia":"Valparaíso","comuna":"Valparaíso","codigo_cmn":"00811_ZT_05101","categoria":"Zona Típica o Pintoresca","tipo_decreto":"Decreto Exento","n_decreto":"605","fecha_decreto":"31-08-2001","decreto_url":"https://www.monumentos.gob.cl/sites/default/files/decretos/ZT_00809_2001_D00605.PDF"}},{"type":"Feature","geometry":{"type":"Point","coordinates":[-71.63216,-33.03525]},"properties":{"nombre":"Sector Quebrada Márquez","region":"Valparaíso","provincia":"Valparaíso","comuna":"Valparaíso","codigo_cmn":"00809_ZT_05101","categoria":"Zona Típica o Pintoresca","tipo_decreto":"Decreto Exento","n_decreto":"605","fecha_decreto":"31-08-2001","decreto_url":"https://www.monumentos.gob.cl/sites/default/files/decretos/ZT_00809_2001_D00605.PDF"}},{"type":"Feature","geometry":{"type":"Point","coordinates":[-70.30542,-32.90969]},"properties":{"nombre":"Estación de ferrocarriles de río Blanco del ferrocarril Trasandino","region":"Valparaíso","provincia":"Los Andes","comuna":"Los Andes","codigo_cmn":"01033_MH_05301","categoria":"Monumento Histórico","tipo_decreto":"Decreto Exento","n_decreto":"1120","fecha_decreto":"07-06-2007","decreto_url":"https://www.monumentos.gob.cl/sites/default/files/decretos/MH_01033_2007_D01120.PDF"}},{"type":"Feature","geometry":{"type":"Point","coordinates":[-71.19494,-32.79013]},"properties":{"nombre":"Tornamesa de la Estación de Ferrocarriles de La Calera","region":"Valparaíso","provincia":"Quillota","comuna":"Calera","codigo_cmn":"01383_MH_05502","categoria":"Monumento Histórico","tipo_decreto":"Decreto","n_decreto":"306","fecha_decreto":"22-07-2014","decreto_url":"https://www.monumentos.gob.cl/sites/default/files/decretos/MH_01382_2014_D00306.pdf"}},{"type":"Feature","geometry":{"type":"Point","coordinates":[-71.1914,-32.78981]},"properties":{"nombre":"Edificio Estación de Ferrocarriles de la Calera","region":"Valparaíso","provincia":"Quillota","comuna":"Calera","codigo_cmn":"01382_MH_05502","categoria":"Monumento Histórico","tipo_decreto":"Decreto","n_decreto":"306","fecha_decreto":"22-07-2014","decreto_url":"https://www.monumentos.gob.cl/sites/default/files/decretos/MH_01382_2014_D00306.pdf"}},{"type":"Feature","geometry":{"type":"Point","coordinates":[-70.93159,-32.25219]},"properties":{"nombre":"Iglesia Nuestra Señora de la Merced","region":"Valparaíso","provincia":"Petorca","comuna":"Petorca","codigo_cmn":"01110_MH_05404","categoria":"Monumento Histórico","tipo_decreto":"Decreto","n_decreto":"17","fecha_decreto":"27-01-2009","decreto_url":"https://www.monumentos.gob.cl/sites/default/files/decretos/MH_01110_2009_D00017.PDF"}},{"type":"Feature","geometry":{"type":"Point","coordinates":[-71.31808,-33.15097]},"properties":{"nombre":"Capilla Los Perales","region":"Valparaíso","provincia":"Marga Marga","comuna":"Quilpué","codigo_cmn":"01104_MH_05801","categoria":"Monumento Histórico","tipo_decreto":"Decreto Exento","n_decreto":"3841","fecha_decreto":"22-12-2008","decreto_url":"https://www.monumentos.gob.cl/sites/default/files/decretos/MH_01104_2008_D03841.PDF"}},{"type":"Feature","geometry":{"type":"Point","coordinates":[-71.37364,-33.04388]},"properties":{"nombre":"Teatro Pompeya y sus Portales de Villa Alemana","region":"Valparaíso","provincia":"Marga Marga","comuna":"Villa Alemana","codigo_cmn":"01122_MH_05804","categoria":"Monumento Histórico","tipo_decreto":"Decreto","n_decreto":"88","fecha_decreto":"24-03-2009","decreto_url":"https://www.monumentos.gob.cl/sites/default/files/decretos/MH_01122_2009_D00088.PDF"}},{"type":"Feature","geometry":{"type":"Point","coordinates":[-71.55419,-33.02985]},"properties":{"nombre":"Palacio y Parque Vergara","region":"Valparaíso","provincia":"Valparaíso","comuna":"Viña del Mar","codigo_cmn":"01068_MH_05109","categoria":"Monumento Histórico","tipo_decreto":"Decreto Exento","n_decreto":"2479","fecha_decreto":"31-07-2008","decreto_url":"https://www.monumentos.gob.cl/sites/default/files/decretos/MH_01068_2008_D02479.PDF"}},{"type":"Feature","geometry":{"type":"Point","coordinates":[-71.55063,-33.0247]},"properties":{"nombre":"Teatro Municipal de Viña del Mar","region":"Valparaíso","provincia":"Valparaíso","comuna":"Viña del Mar","codigo_cmn":"01185_MH_05109","categoria":"Monumento Histórico","tipo_decreto":"Decreto","n_decreto":"435","fecha_decreto":"23-11-2009","decreto_url":"https://www.monumentos.gob.cl/sites/default/files/decretos/MH_01185_2009_D00435.PDF"}},{"type":"Feature","geometry":{"type":"Point","coordinates":[-71.61058,-33.05172]},"properties":{"nombre":"Ascensor del Hospital Van Büren","region":"Valparaíso","provincia":"Valparaíso","comuna":"Valparaíso","codigo_cmn":"01240_MH_05101","categoria":"Monumento Histórico","tipo_decreto":"Decreto","n_decreto":"369","fecha_decreto":"06-09-2010","decreto_url":"https://www.monumentos.gob.cl/sites/default/files/decretos/MH_01240_2010_D00369.PDF"}},{"type":"Feature","geometry":{"type":"Point","coordinates":[-71.61546,-33.04783]},"properties":{"nombre":"Casa Ballivián, actual sede de la Corporación Club de Deportes Santiago Wanderers","region":"Valparaíso","provincia":"Valparaíso","comuna":"Valparaíso","codigo_cmn":"01070_MH_05101","categoria":"Monumento Histórico","tipo_decreto":"Decreto Exento","n_decreto":"2551","fecha_decreto":"14-08-2008","decreto_url":"https://www.monumentos.gob.cl/sites/default/files/decretos/MH_01070_2009_D00423.pdf"}},{"type":"Feature","geometry":{"type":"Point","coordinates":[-71.62521,-33.04465]},"properties":{"nombre":"Cementerio N° 1 o Cementerio General de Valparaíso","region":"Valparaíso","provincia":"Valparaíso","comuna":"Valparaíso","codigo_cmn":"00963_MH_05101","categoria":"Monumento Histórico","tipo_decreto":"Decreto Exento","n_decreto":"1797","fecha_decreto":"28-11-2005","decreto_url":"https://www.monumentos.gob.cl/sites/default/files/decretos/MH_00963_2005_D01797.PDF"}},{"type":"Feature","geometry":{"type":"Point","coordinates":[-71.62556,-33.04565]},"properties":{"nombre":"Cementerio de Disidentes o Cementerio Inglés de Valparaíso","region":"Valparaíso","provincia":"Valparaíso","comuna":"Valparaíso","codigo_cmn":"00965_MH_05101","categoria":"Monumento Histórico","tipo_decreto":"Decreto Exento","n_decreto":"1797","fecha_decreto":"28-11-2005","decreto_url":"https://www.monumentos.gob.cl/sites/default/files/decretos/MH_00963_2005_D01797.PDF"}},{"type":"Feature","geometry":{"type":"Point","coordinates":[-71.6262,-33.04653]},"properties":{"nombre":"Cementerio N°2 de Valparaíso","region":"Valparaíso","provincia":"Valparaíso","comuna":"Valparaíso","codigo_cmn":"00964_MH_05101","categoria":"Monumento Histórico","tipo_decreto":"Decreto Exento","n_decreto":"1797","fecha_decreto":"28-11-2005","decreto_url":"https://www.monumentos.gob.cl/sites/default/files/decretos/MH_00963_2005_D01797.PDF"}},{"type":"Feature","geometry":{"type":"Point","coordinates":[-71.63152,-33.03203]},"properties":{"nombre":"Edificio Ex Escuela Naval","region":"Valparaíso","provincia":"Valparaíso","comuna":"Valparaíso","codigo_cmn":"01295_MH_05101","categoria":"Monumento Histórico","tipo_decreto":"Decreto","n_decreto":"370","fecha_decreto":"24-08-2012","decreto_url":"https://www.monumentos.gob.cl/sites/default/files/decretos/MH_01295_2012_D00370.pdf"}},{"type":"Feature","geometry":{"type":"Point","coordinates":[-71.62277,-33.05367]},"properties":{"nombre":"Casa Museo La Sebastiana","region":"Valparaíso","provincia":"Valparaíso","comuna":"Valparaíso","codigo_cmn":"01269_MH_05101","categoria":"Monumento Histórico","tipo_decreto":"Decreto","n_decreto":"360","fecha_decreto":"04-11-2011","decreto_url":"https://www.monumentos.gob.cl/sites/default/files/decretos/MH_01269_2011_D00360.PDF"}},{"type":"Feature","geometry":{"type":"Point","coordinates":[-71.63165,-33.04804]},"properties":{"nombre":"Liceo Pedro Montt","region":"Valparaíso","provincia":"Valparaíso","comuna":"Valparaíso","codigo_cmn":"01292_MH_05101","categoria":"Monumento Histórico","tipo_decreto":"Decreto","n_decreto":"251","fecha_decreto":"27-06-2012","decreto_url":"https://www.monumentos.gob.cl/sites/default/files/decretos/MH_01292_2012_D00251.PDF"}},{"type":"Feature","geometry":{"type":"Point","coordinates":[-71.6254,-33.4989]},"properties":{"nombre":"Casa Labbé","region":"Valparaíso","provincia":"San Antonio","comuna":"El Tabo","codigo_cmn":"01400_MH_05605","categoria":"Monumento Histórico","tipo_decreto":"Decreto","n_decreto":"110","fecha_decreto":"25-03-2015","decreto_url":"https://www.monumentos.gob.cl/sites/default/files/decretos/MH_01400_2015_D00110.pdf"}},{"type":"Feature","geometry":{"type":"Point","coordinates":[-71.56403,-33.0204]},"properties":{"nombre":"Palacio Presidencial de Cerro Castillo","region":"Valparaíso","provincia":"Valparaíso","comuna":"Viña del Mar","codigo_cmn":"00932_MH_05109","categoria":"Monumento Histórico","tipo_decreto":"Decreto Exento","n_decreto":"659","fecha_decreto":"26-05-2005","decreto_url":"https://www.monumentos.gob.cl/sites/default/files/decretos/MH_00932_2005_D00659.PDF"}},{"type":"Feature","geometry":{"type":"Point","coordinates":[-71.70331,-33.19263]},"properties":{"nombre":"Ex ballenera de Quintay","region":"Valparaíso","provincia":"Valparaíso","comuna":"Casablanca","codigo_cmn":"01469_MH_05102","categoria":"Monumento Histórico","tipo_decreto":"Decreto","n_decreto":"321","fecha_decreto":"10-08-2015","decreto_url":"https://www.monumentos.gob.cl/sites/default/files/decretos/MH_01469_2015_D00321.pdf"}},{"type":"Feature","geometry":{"type":"Point","coordinates":[-71.63042,-33.62636]},"properties":{"nombre":"Sitio Histórico ex Centro de Detención en Balneario Popular Rocas de Santo Domingo","region":"Valparaíso","provincia":"San Antonio","comuna":"Santo Domingo","codigo_cmn":"01472_MH_05606","categoria":"Monumento Histórico","tipo_decreto":"Decreto","n_decreto":"337","fecha_decreto":"14-08-2015","decreto_url":"https://www.monumentos.gob.cl/sites/default/files/decretos/MH_01472_2015_D00337.pdf"}},{"type":"Feature","geometry":{"type":"Point","coordinates":[-71.64091,-33.022]},"properties":{"nombre":"Mural Vida Oceánica de María Martner","region":"Valparaíso","provincia":"Valparaíso","comuna":"Valparaíso","codigo_cmn":"01496_MH_05101","categoria":"Monumento Histórico","tipo_decreto":"Decreto","n_decreto":"536","fecha_decreto":"07-12-2015","decreto_url":"https://www.monumentos.gob.cl/sites/default/files/decretos/MH_01492_2015_D00536.pdf"}},{"type":"Feature","geometry":{"type":"Point","coordinates":[-71.62197,-33.04656]},"properties":{"nombre":"Iglesia Union Church","region":"Valparaíso","provincia":"Valparaíso","comuna":"Valparaíso","codigo_cmn":"00868_MH_05101","categoria":"Monumento Histórico","tipo_decreto":"Decreto Exento","n_decreto":"355","fecha_decreto":"20-05-2003","decreto_url":"https://www.monumentos.gob.cl/sites/default/files/decretos/MH_00864_2003_D00355.PDF"}},{"type":"Feature","geometry":{"type":"Point","coordinates":[-71.61553,-33.04843]},"properties":{"nombre":"Iglesia de los Sagrados Corazones","region":"Valparaíso","provincia":"Valparaíso","comuna":"Valparaíso","codigo_cmn":"00869_MH_05101","categoria":"Monumento Histórico","tipo_decreto":"Decreto Exento","n_decreto":"355","fecha_decreto":"20-05-2003","decreto_url":"https://www.monumentos.gob.cl/sites/default/files/decretos/MH_00864_2003_D00355.PDF"}},{"type":"Feature","geometry":{"type":"Point","coordinates":[-71.61128,-33.05177]},"properties":{"nombre":"Capilla del Carmen","region":"Valparaíso","provincia":"Valparaíso","comuna":"Valparaíso","codigo_cmn":"00871_MH_05101","categoria":"Monumento Histórico","tipo_decreto":"Decreto Exento","n_decreto":"355","fecha_decreto":"20-05-2003","decreto_url":"https://www.monumentos.gob.cl/sites/default/files/decretos/MH_00864_2003_D00355.PDF"}},{"type":"Feature","geometry":{"type":"Point","coordinates":[-71.60849,-33.05178]},"properties":{"nombre":"Iglesia del Corazón de María","region":"Valparaíso","provincia":"Valparaíso","comuna":"Valparaíso","codigo_cmn":"00872_MH_05101","categoria":"Monumento Histórico","tipo_decreto":"Decreto Exento","n_decreto":"355","fecha_decreto":"20-05-2003","decreto_url":"https://www.monumentos.gob.cl/sites/default/files/decretos/MH_00864_2003_D00355.PDF"}},{"type":"Feature","geometry":{"type":"Point","coordinates":[-71.60097,-33.05248]},"properties":{"nombre":"Iglesia Asilo del Salvador","region":"Valparaíso","provincia":"Valparaíso","comuna":"Valparaíso","codigo_cmn":"00870_MH_05101","categoria":"Monumento Histórico","tipo_decreto":"Decreto Exento","n_decreto":"355","fecha_decreto":"20-05-2003","decreto_url":"https://www.monumentos.gob.cl/sites/default/files/decretos/MH_00864_2003_D00355.PDF"}},{"type":"Feature","geometry":{"type":"Point","coordinates":[-71.61043,-33.04702]},"properties":{"nombre":"Scuola Italiana Arturo Dell'Oro","region":"Valparaíso","provincia":"Valparaíso","comuna":"Valparaíso","codigo_cmn":"01020_MH_05101","categoria":"Monumento Histórico","tipo_decreto":"Decreto Exento","n_decreto":"385","fecha_decreto":"22-01-2007","decreto_url":"https://www.monumentos.gob.cl/sites/default/files/decretos/MH_01020_2007_D00385.PDF"}},{"type":"Feature","geometry":{"type":"Point","coordinates":[-71.60658,-33.05215]},"properties":{"nombre":"Capilla de la Providencia","region":"Valparaíso","provincia":"Valparaíso","comuna":"Valparaíso","codigo_cmn":"00873_MH_05101","categoria":"Monumento Histórico","tipo_decreto":"Decreto Exento","n_decreto":"355","fecha_decreto":"20-05-2003","decreto_url":"https://www.monumentos.gob.cl/sites/default/files/decretos/MH_00864_2003_D00355.PDF"}},{"type":"Feature","geometry":{"type":"Point","coordinates":[-71.60274,-33.04673]},"properties":{"nombre":"Iglesia La Compañía de Jesús","region":"Valparaíso","provincia":"Valparaíso","comuna":"Valparaíso","codigo_cmn":"00874_MH_05101","categoria":"Monumento Histórico","tipo_decreto":"Decreto Exento","n_decreto":"355","fecha_decreto":"20-05-2003","decreto_url":"https://www.monumentos.gob.cl/sites/default/files/decretos/MH_00864_2003_D00355.PDF"}},{"type":"Feature","geometry":{"type":"Point","coordinates":[-70.72127,-32.59144]},"properties":{"nombre":"Capilla de Lo Vicuña","region":"Valparaíso","provincia":"San Felipe de Aconcagua","comuna":"Putaendo","codigo_cmn":"01058_MH_05705","categoria":"Monumento Histórico","tipo_decreto":"Decreto Exento","n_decreto":"984","fecha_decreto":"11-04-2008","decreto_url":"https://www.monumentos.gob.cl/sites/default/files/decretos/MH_01058_2008_D00984.PDF"}},{"type":"Feature","geometry":{"type":"Point","coordinates":[-71.6088,-33.04828]},"properties":{"nombre":"Escuela Ramón Barros Luco","region":"Valparaíso","provincia":"Valparaíso","comuna":"Valparaíso","codigo_cmn":"00865_MH_05101","categoria":"Monumento Histórico","tipo_decreto":"Decreto Exento","n_decreto":"355","fecha_decreto":"20-05-2003","decreto_url":"https://www.monumentos.gob.cl/sites/default/files/decretos/MH_00864_2003_D00355.PDF"}},{"type":"Feature","geometry":{"type":"Point","coordinates":[-71.60576,-33.04463]},"properties":{"nombre":"Casa Central Universidad Católica de Valparaíso","region":"Valparaíso","provincia":"Valparaíso","comuna":"Valparaíso","codigo_cmn":"00864_MH_05101","categoria":"Monumento Histórico","tipo_decreto":"Decreto Exento","n_decreto":"355","fecha_decreto":"20-05-2003","decreto_url":"https://www.monumentos.gob.cl/sites/default/files/decretos/MH_00864_2003_D00355.PDF"}},{"type":"Feature","geometry":{"type":"Point","coordinates":[-71.60452,-33.04843]},"properties":{"nombre":"Iglesia de los Doce Apóstoles","region":"Valparaíso","provincia":"Valparaíso","comuna":"Valparaíso","codigo_cmn":"00867_MH_05101","categoria":"Monumento Histórico","tipo_decreto":"Decreto Exento","n_decreto":"355","fecha_decreto":"20-05-2003","decreto_url":"https://www.monumentos.gob.cl/sites/default/files/decretos/MH_00864_2003_D00355.PDF"}},{"type":"Feature","geometry":{"type":"Point","coordinates":[-71.61884,-33.0462]},"properties":{"nombre":"Catedral de Valparaíso","region":"Valparaíso","provincia":"Valparaíso","comuna":"Valparaíso","codigo_cmn":"00866_MH_05101","categoria":"Monumento Histórico","tipo_decreto":"Decreto Exento","n_decreto":"355","fecha_decreto":"20-05-2003","decreto_url":"https://www.monumentos.gob.cl/sites/default/files/decretos/MH_00864_2003_D00355.PDF"}},{"type":"Feature","geometry":{"type":"Point","coordinates":[-71.62696,-33.04298]},"properties":{"nombre":"Colegio Alemán","region":"Valparaíso","provincia":"Valparaíso","comuna":"Valparaíso","codigo_cmn":"01512_MH_05101","categoria":"Monumento Histórico","tipo_decreto":"Decreto","n_decreto":"587","fecha_decreto":"29-12-2015","decreto_url":"https://www.monumentos.gob.cl/sites/default/files/decretos/MH_01512_2015_D00587.PDF"}},{"type":"Feature","geometry":{"type":"Point","coordinates":[-71.55771,-33.02631]},"properties":{"nombre":"Casa de Italia","region":"Valparaíso","provincia":"Valparaíso","comuna":"Viña del Mar","codigo_cmn":"01570_MH_05109","categoria":"Monumento Histórico","tipo_decreto":"Decreto","n_decreto":"106","fecha_decreto":"31-05-2017","decreto_url":"https://www.monumentos.gob.cl/sites/default/files/decretos/mh_01570_2017_d106.pdf"}},{"type":"Feature","geometry":{"type":"Point","coordinates":[-71.62965,-33.02995]},"properties":{"nombre":"Sitio de Memoria Centro de Detención Cuartel Silva Palma (Fuerte Bueras Bajo)","region":"Valparaíso","provincia":"Valparaíso","comuna":"Valparaíso","codigo_cmn":"01682_MH_05101","categoria":"Monumento Histórico","tipo_decreto":"Decreto","n_decreto":"14","fecha_decreto":"18-01-2018","decreto_url":"https://www.monumentos.gob.cl/sites/default/files/decretos/mh_01682_2018_d14.pdf"}},{"type":"Feature","geometry":{"type":"Point","coordinates":[-70.58431,-32.49179]},"properties":{"nombre":"Sitio Histórico y Arqueológico Corrales de Chalaco","region":"Valparaíso","provincia":"San Felipe de Aconcagua","comuna":"Putaendo","codigo_cmn":"01687_MH_05705","categoria":"Monumento Histórico","tipo_decreto":"Decreto","n_decreto":"63","fecha_decreto":"16-02-2018","decreto_url":"https://www.monumentos.gob.cl/sites/default/files/decretos/i_1800-18_d_63_16.02_opt.pdf"}},{"type":"Feature","geometry":{"type":"Point","coordinates":[-71.40821,-32.71982]},"properties":{"nombre":"Sitio Balneario Popular y campo de Prisioneros Melinka - Puchuncaví","region":"Valparaíso","provincia":"Valparaíso","comuna":"Puchuncaví","codigo_cmn":"01688_MH_05105","categoria":"Monumento Histórico","tipo_decreto":"Decreto","n_decreto":"38","fecha_decreto":"31-01-2018","decreto_url":"https://www.monumentos.gob.cl/sites/default/files/decretos/mh_01688_2018_d38.pdf"}},{"type":"Feature","geometry":{"type":"Point","coordinates":[-71.62895,-33.04035]},"properties":{"nombre":"Palacio Baburizza","region":"Valparaíso","provincia":"Valparaíso","comuna":"Valparaíso","codigo_cmn":"00237_MH_05101","categoria":"Monumento Histórico","tipo_decreto":"Decreto Supremo","n_decreto":"1876","fecha_decreto":"19-07-1979","decreto_url":"https://www.monumentos.gob.cl/sites/default/files/decretos/MH_00237_2013_D00037.pdf"}},{"type":"Feature","geometry":{"type":"Point","coordinates":[-70.61274,-32.69226]},"properties":{"nombre":"Santuario de Santa Filomena","region":"Valparaíso","provincia":"San Felipe de Aconcagua","comuna":"Santa María","codigo_cmn":"01111_MH_05706","categoria":"Monumento Histórico","tipo_decreto":"Decreto","n_decreto":"17","fecha_decreto":"27-01-2009","decreto_url":"https://www.monumentos.gob.cl/sites/default/files/decretos/MH_01110_2009_D00017.PDF"}},{"type":"Feature","geometry":{"type":"Point","coordinates":[-71.53472,-33.00757]},"properties":{"nombre":"Cementerio Santa Inés","region":"Valparaíso","provincia":"Valparaíso","comuna":"Viña del Mar","codigo_cmn":"01717_MH_05109","categoria":"Monumento Histórico","tipo_decreto":"Decreto","n_decreto":"22","fecha_decreto":"03-04-2019","decreto_url":"https://www.monumentos.gob.cl/sites/default/files/decretos/mh_01717_2019_d22_0.pdf"}},{"type":"Feature","geometry":{"type":"Point","coordinates":[-71.53825,-33.02023]},"properties":{"nombre":"Área histórica del Sporting Club de Valparaíso","region":"Valparaíso","provincia":"Valparaíso","comuna":"Viña del Mar","codigo_cmn":"01719_MH_05109","categoria":"Monumento Histórico","tipo_decreto":"Decreto","n_decreto":"27","fecha_decreto":"06-05-2019","decreto_url":"https://www.monumentos.gob.cl/sites/default/files/decretos/mh_01719_2019_d27_do.pdf"}},{"type":"Feature","geometry":{"type":"Point","coordinates":[-71.53745,-33.0234]},"properties":{"nombre":"La pista de carreras del Valparaíso Sporting Club de Viña del Mar","region":"Valparaíso","provincia":"Valparaíso","comuna":"Viña del Mar","codigo_cmn":"01729_ZT_05109","categoria":"Zona Típica o Pintoresca","tipo_decreto":"Decreto","n_decreto":"27","fecha_decreto":"06-05-2019","decreto_url":"https://www.monumentos.gob.cl/sites/default/files/decretos/mh_01719_2019_d27_do.pdf"}},{"type":"Feature","geometry":{"type":"Point","coordinates":[-71.6921,-33.36861]},"properties":{"nombre":"Sector Canelo - Canelillo","region":"Valparaíso","provincia":"San Antonio","comuna":"Multiterritorial","codigo_cmn":"00793_ZT_MT","categoria":"Zona Típica o Pintoresca","tipo_decreto":"Decreto Exento","n_decreto":"212","fecha_decreto":"14-06-2000","decreto_url":"https://www.monumentos.gob.cl/sites/default/files/decretos/ZT_00793_2000_D00212.PDF"}},{"type":"Feature","geometry":{"type":"Point","coordinates":[-70.21265,-19.59787]},"properties":{"nombre":"Escuela, multicancha deportiva y fosa de Pisagua","region":"Tarapacá","provincia":"Tamarugal","comuna":"Huara","codigo_cmn":"01052_MH_01404","categoria":"Monumento Histórico","tipo_decreto":"Decreto Exento","n_decreto":"466","fecha_decreto":"06-02-2008","decreto_url":"https://www.monumentos.gob.cl/sites/default/files/decretos/MH_01052_2008_D00466.PDF"}},{"type":"Feature","geometry":{"type":"Point","coordinates":[-70.21372,-19.59769]},"properties":{"nombre":"Escuela, multicancha deportiva y fosa de Pisagua","region":"Tarapacá","provincia":"Tamarugal","comuna":"Huara","codigo_cmn":"01053_MH_01404","categoria":"Monumento Histórico","tipo_decreto":"Decreto Exento","n_decreto":"466","fecha_decreto":"06-02-2008","decreto_url":"https://www.monumentos.gob.cl/sites/default/files/decretos/MH_01052_2008_D00466.PDF"}},{"type":"Feature","geometry":{"type":"Point","coordinates":[-69.08413,-20.65767]},"properties":{"nombre":"Quebrada de Chacarillas","region":"Tarapacá","provincia":"Tamarugal","comuna":"Pica","codigo_cmn":"00907_SN_01405","categoria":"Santuario de la Naturaleza","tipo_decreto":"Decreto Exento","n_decreto":"664","fecha_decreto":"23-08-2004","decreto_url":"https://www.monumentos.gob.cl/sites/default/files/decretos/SN_00907_2004_D00664.PDF"}},{"type":"Feature","geometry":{"type":"Point","coordinates":[-69.65541,-20.33639]},"properties":{"nombre":"Pueblo de La Tirana","region":"Tarapacá","provincia":"Tamarugal","comuna":"Pozo Almonte","codigo_cmn":"00068_ZT_01401","categoria":"Zona Típica o Pintoresca","tipo_decreto":"Decreto Supremo","n_decreto":"1752","fecha_decreto":"26-07-1971","decreto_url":"https://www.monumentos.gob.cl/sites/default/files/decretos/ZT_00068_2013_D00511.pdf"}},{"type":"Feature","geometry":{"type":"Point","coordinates":[-69.81199,-20.19588]},"properties":{"nombre":"Entorno de las Oficinas Salitreras Santiago Humberstone y Santa Laura","region":"Tarapacá","provincia":"Tamarugal","comuna":"Pozo Almonte","codigo_cmn":"01707_ZT_01401","categoria":"Zona Típica o Pintoresca","tipo_decreto":"Decreto","n_decreto":"25","fecha_decreto":"28-08-2018","decreto_url":"https://www.monumentos.gob.cl/sites/default/files/decretos/zt_01707_2018_d25.pdf"}},{"type":"Feature","geometry":{"type":"Point","coordinates":[-69.42614,-19.31292]},"properties":{"nombre":"Iglesia de Camiña","region":"Tarapacá","provincia":"Tamarugal","comuna":"Camiña","codigo_cmn":"01101_MH_01402","categoria":"Monumento Histórico","tipo_decreto":"Decreto Exento","n_decreto":"3498","fecha_decreto":"24-11-2008","decreto_url":"https://www.monumentos.gob.cl/sites/default/files/decretos/MH_01101_2008_D03498.PDF"}},{"type":"Feature","geometry":{"type":"Point","coordinates":[-68.80337,-19.24414]},"properties":{"nombre":"Iglesia de Caraguano","region":"Tarapacá","provincia":"Tamarugal","comuna":"Colchane","codigo_cmn":"00970_MH_01403","categoria":"Monumento Histórico","tipo_decreto":"Decreto Exento","n_decreto":"18","fecha_decreto":"11-01-2006","decreto_url":"https://www.monumentos.gob.cl/sites/default/files/decretos/MH_00969_2006_D00018.PDF"}},{"type":"Feature","geometry":{"type":"Point","coordinates":[-68.64481,-19.46881]},"properties":{"nombre":"Iglesia de Cariquima","region":"Tarapacá","provincia":"Tamarugal","comuna":"Colchane","codigo_cmn":"00971_MH_01403","categoria":"Monumento Histórico","tipo_decreto":"Decreto Exento","n_decreto":"18","fecha_decreto":"11-01-2006","decreto_url":"https://www.monumentos.gob.cl/sites/default/files/decretos/MH_00969_2006_D00018.PDF"}},{"type":"Feature","geometry":{"type":"Point","coordinates":[-69.18473,-19.78572]},"properties":{"nombre":"Iglesia San Salvador de Limaxiña","region":"Tarapacá","provincia":"Tamarugal","comuna":"Huara","codigo_cmn":"01105_MH_01404","categoria":"Monumento Histórico","tipo_decreto":"Decreto","n_decreto":"13","fecha_decreto":"27-01-2009","decreto_url":"https://www.monumentos.gob.cl/sites/default/files/decretos/MH_01105_2009_D00013.PDF"}},{"type":"Feature","geometry":{"type":"Point","coordinates":[-69.34653,-19.85816]},"properties":{"nombre":"Capilla de Lozana","region":"Tarapacá","provincia":"Tamarugal","comuna":"Huara","codigo_cmn":"01106_MH_01404","categoria":"Monumento Histórico","tipo_decreto":"Decreto","n_decreto":"13","fecha_decreto":"27-01-2009","decreto_url":"https://www.monumentos.gob.cl/sites/default/files/decretos/MH_01105_2009_D00013.PDF"}},{"type":"Feature","geometry":{"type":"Point","coordinates":[-69.17367,-19.78297]},"properties":{"nombre":"Iglesia de Sibaya","region":"Tarapacá","provincia":"Tamarugal","comuna":"Huara","codigo_cmn":"01107_MH_01404","categoria":"Monumento Histórico","tipo_decreto":"Decreto","n_decreto":"13","fecha_decreto":"27-01-2009","decreto_url":"https://www.monumentos.gob.cl/sites/default/files/decretos/MH_01105_2009_D00013.PDF"}},{"type":"Feature","geometry":{"type":"Point","coordinates":[-70.21336,-19.59758]},"properties":{"nombre":"Cárcel Pública de Pisagua","region":"Tarapacá","provincia":"Tamarugal","comuna":"Huara","codigo_cmn":"00522_MH_01404","categoria":"Monumento Histórico","tipo_decreto":"Decreto Supremo","n_decreto":"780","fecha_decreto":"03-12-1990","decreto_url":"https://www.monumentos.gob.cl/sites/default/files/decretos/MH_01052_2008_D00466.PDF"}},{"type":"Feature","geometry":{"type":"Point","coordinates":[-70.2117,-19.59634]},"properties":{"nombre":"Edificios y bienes que indican del departamento de Pisagua: Teatro Municipal de Pisagua","region":"Tarapacá","provincia":"Tamarugal","comuna":"Huara","codigo_cmn":"00193_MH_01404","categoria":"Monumento Histórico","tipo_decreto":"Decreto Supremo","n_decreto":"746","fecha_decreto":"05-10-1977","decreto_url":"https://www.monumentos.gob.cl/sites/default/files/decretos/MH_01052_2008_D00466.PDF"}},{"type":"Feature","geometry":{"type":"Point","coordinates":[-69.79516,-20.20827]},"properties":{"nombre":"Oficina Salitrera Santa Laura y Humberstone","region":"Tarapacá","provincia":"Tamarugal","comuna":"Pozo Almonte","codigo_cmn":"00060_MH_01401","categoria":"Monumento Histórico","tipo_decreto":"Decreto Supremo","n_decreto":"320","fecha_decreto":"16-01-1970","decreto_url":"https://www.monumentos.gob.cl/sites/default/files/decretos/MH_00060_2008_D00626.pdf"}},{"type":"Feature","geometry":{"type":"Point","coordinates":[-69.41365,-19.18946]},"properties":{"nombre":"Capilla de Nama","region":"Tarapacá","provincia":"Tamarugal","comuna":"Camiña","codigo_cmn":"01103_MH_01402","categoria":"Monumento Histórico","tipo_decreto":"Decreto Exento","n_decreto":"3498","fecha_decreto":"24-11-2008","decreto_url":"https://www.monumentos.gob.cl/sites/default/files/decretos/MH_01101_2008_D03498.PDF"}},{"type":"Feature","geometry":{"type":"Point","coordinates":[-69.41211,-19.18965]},"properties":{"nombre":"Iglesia de Nama","region":"Tarapacá","provincia":"Tamarugal","comuna":"Camiña","codigo_cmn":"01102_MH_01402","categoria":"Monumento Histórico","tipo_decreto":"Decreto Exento","n_decreto":"3498","fecha_decreto":"24-11-2008","decreto_url":"https://www.monumentos.gob.cl/sites/default/files/decretos/MH_01101_2008_D03498.PDF"}},{"type":"Feature","geometry":{"type":"Point","coordinates":[-68.88078,-19.32101]},"properties":{"nombre":"Iglesia de Mauque","region":"Tarapacá","provincia":"Tamarugal","comuna":"Colchane","codigo_cmn":"00972_MH_01403","categoria":"Monumento Histórico","tipo_decreto":"Decreto Exento","n_decreto":"18","fecha_decreto":"11-01-2006","decreto_url":"https://www.monumentos.gob.cl/sites/default/files/decretos/MH_00969_2006_D00018.PDF"}},{"type":"Feature","geometry":{"type":"Point","coordinates":[-68.65079,-19.28425]},"properties":{"nombre":"Iglesia de Cotasaya","region":"Tarapacá","provincia":"Tamarugal","comuna":"Colchane","codigo_cmn":"00973_MH_01403","categoria":"Monumento Histórico","tipo_decreto":"Decreto Exento","n_decreto":"18","fecha_decreto":"11-01-2006","decreto_url":"https://www.monumentos.gob.cl/sites/default/files/decretos/MH_00969_2006_D00018.PDF"}},{"type":"Feature","geometry":{"type":"Point","coordinates":[-70.14224,-20.21687]},"properties":{"nombre":"Parroquia de San Antonio de Padua y Convento Franciscano","region":"Tarapacá","provincia":"Iquique","comuna":"Iquique","codigo_cmn":"00614_MH_01101","categoria":"Monumento Histórico","tipo_decreto":"Decreto Exento","n_decreto":"505","fecha_decreto":"25-10-1994","decreto_url":"https://www.monumentos.gob.cl/sites/default/files/decretos/MH_00613_1994_D00505.PDF"}},{"type":"Feature","geometry":{"type":"Point","coordinates":[-69.21718,-20.07238]},"properties":{"nombre":"Iglesia San Marcos de Mamiña","region":"Tarapacá","provincia":"Tamarugal","comuna":"Pozo Almonte","codigo_cmn":"01573_MH_01401","categoria":"Monumento Histórico","tipo_decreto":"Decreto","n_decreto":"132","fecha_decreto":"28-06-2017","decreto_url":"https://www.monumentos.gob.cl/sites/default/files/decretos/mh_01573_2017_d132.pdf"}},{"type":"Feature","geometry":{"type":"Point","coordinates":[-70.14571,-20.23495]},"properties":{"nombre":"Estadio Municipal de Cavancha","region":"Tarapacá","provincia":"Iquique","comuna":"Iquique","codigo_cmn":"01712_MH_01101","categoria":"Monumento Histórico","tipo_decreto":"Decreto","n_decreto":"9","fecha_decreto":"25-01-2019","decreto_url":"https://www.monumentos.gob.cl/sites/default/files/decretos/mh_01712_2019_d9.pdf"}},{"type":"Feature","geometry":{"type":"Point","coordinates":[-68.62482,-19.28317]},"properties":{"nombre":"Iglesia de Achauta","region":"Tarapacá","provincia":"Tamarugal","comuna":"Colchane","codigo_cmn":"00969_MH_01403","categoria":"Monumento Histórico","tipo_decreto":"Decreto Exento","n_decreto":"18","fecha_decreto":"11-01-2006","decreto_url":"https://www.monumentos.gob.cl/sites/default/files/decretos/MH_00969_2006_D00018.PDF"}},{"type":"Feature","geometry":{"type":"Point","coordinates":[-69.772,-19.99651]},"properties":{"nombre":"Teatro Principal de Huara","region":"Tarapacá","provincia":"Tamarugal","comuna":"Huara","codigo_cmn":"01745_MH_01404","categoria":"Monumento Histórico","tipo_decreto":"Decreto","n_decreto":"26","fecha_decreto":"06-05-2019","decreto_url":"https://www.monumentos.gob.cl/sites/default/files/decretos/mh_01744_2019_d26_do.pdf"}},{"type":"Feature","geometry":{"type":"Point","coordinates":[-69.77282,-19.9969]},"properties":{"nombre":"Liceo de Huara","region":"Tarapacá","provincia":"Tamarugal","comuna":"Huara","codigo_cmn":"01746_MH_01404","categoria":"Monumento Histórico","tipo_decreto":"Decreto","n_decreto":"26","fecha_decreto":"06-05-2019","decreto_url":"https://www.monumentos.gob.cl/sites/default/files/decretos/mh_01744_2019_d26_do.pdf"}},{"type":"Feature","geometry":{"type":"Point","coordinates":[-69.77198,-19.99662]},"properties":{"nombre":"Farmacia y Droguería Libertad de Huara","region":"Tarapacá","provincia":"Tamarugal","comuna":"Huara","codigo_cmn":"01744_MH_01404","categoria":"Monumento Histórico","tipo_decreto":"Decreto","n_decreto":"26","fecha_decreto":"06-05-2019","decreto_url":"https://www.monumentos.gob.cl/sites/default/files/decretos/mh_01744_2019_d26_do.pdf"}},{"type":"Feature","geometry":{"type":"Point","coordinates":[-70.20514,-19.56589]},"properties":{"nombre":"Escuela, multicancha deportiva y fosa de Pisagua","region":"Tarapacá","provincia":"Tamarugal","comuna":"Huara","codigo_cmn":"01054_MH_01404","categoria":"Monumento Histórico","tipo_decreto":"Decreto Exento","n_decreto":"466","fecha_decreto":"06-02-2008","decreto_url":"https://www.monumentos.gob.cl/sites/default/files/decretos/MH_01052_2008_D00466.PDF"}},{"type":"Feature","geometry":{"type":"Point","coordinates":[-69.81237,-20.21172]},"properties":{"nombre":"Oficina Salitrera Humberstone y Santa Laura","region":"Tarapacá","provincia":"Tamarugal","comuna":"Pozo Almonte","codigo_cmn":"00061_MH_01401","categoria":"Monumento Histórico","tipo_decreto":"Decreto Supremo","n_decreto":"320","fecha_decreto":"16-01-1970","decreto_url":"https://www.monumentos.gob.cl/sites/default/files/decretos/MH_00060_2008_D00626.pdf"}},{"type":"Feature","geometry":{"type":"Point","coordinates":[-70.13743,-20.90916]},"properties":{"nombre":"Campamentos Industriales Asociados a la extracción de guano y sal: Pabellón de Pica y Huanillos","region":"Tarapacá","provincia":"Iquique","comuna":"Iquique","codigo_cmn":"01560_MH_01101","categoria":"Monumento Histórico","tipo_decreto":"Decreto","n_decreto":"285","fecha_decreto":"30-06-2014","decreto_url":"https://www.monumentos.gob.cl/monumentos/monumentos-monumentos/campamentos-industriales-asociados-extraccion-guano-sal-pabellon"}},{"type":"Feature","geometry":{"type":"Point","coordinates":[-71.248,-29.90406]},"properties":{"nombre":"Centro Histórico de La Serena","region":"Coquimbo","provincia":"Elqui","comuna":"La Serena","codigo_cmn":"00281_ZT_04101","categoria":"Zona Típica o Pintoresca","tipo_decreto":"Decreto Supremo","n_decreto":"499","fecha_decreto":"12-02-1981","decreto_url":"https://www.monumentos.gob.cl/sites/default/files/decretos/zt_00281_2017_d168.pdf"}},{"type":"Feature","geometry":{"type":"Point","coordinates":[-71.3471,-29.96686]},"properties":{"nombre":"Pueblo de Guayacán","region":"Coquimbo","provincia":"Elqui","comuna":"Coquimbo","codigo_cmn":"00966_ZT_04102","categoria":"Zona Típica o Pintoresca","tipo_decreto":"Decreto Exento","n_decreto":"1880","fecha_decreto":"13-12-2005","decreto_url":"https://www.monumentos.gob.cl/sites/default/files/decretos/ZT_00966_2005_D01880.PDF"}},{"type":"Feature","geometry":{"type":"Point","coordinates":[-70.49451,-30.09425]},"properties":{"nombre":"Sector de Montegrande","region":"Coquimbo","provincia":"Elqui","comuna":"Paiguano","codigo_cmn":"00504_ZT_04105","categoria":"Zona Típica o Pintoresca","tipo_decreto":"Decreto Supremo","n_decreto":"621","fecha_decreto":"31-07-1990","decreto_url":"https://www.monumentos.gob.cl/sites/default/files/decretos/ZT_00504_2013_D00594.pdf"}},{"type":"Feature","geometry":{"type":"Point","coordinates":[-71.48128,-30.65539]},"properties":{"nombre":"Poblado de Barraza","region":"Coquimbo","provincia":"Limarí","comuna":"Ovalle","codigo_cmn":"01258_ZT_04203","categoria":"Zona Típica o Pintoresca","tipo_decreto":"Decreto","n_decreto":"128","fecha_decreto":"23-03-2011","decreto_url":"https://www.monumentos.gob.cl/sites/default/files/decretos/ZT_01258_2011_D00128.PDF"}},{"type":"Feature","geometry":{"type":"Point","coordinates":[-71.49678,-31.87616]},"properties":{"nombre":"Laguna Conchalí","region":"Coquimbo","provincia":"Choapa","comuna":"Los Vilos","codigo_cmn":"00789_SN_04203","categoria":"Santuario de la Naturaleza","tipo_decreto":"Decreto Exento","n_decreto":"41","fecha_decreto":"27-01-2000","decreto_url":"https://www.monumentos.gob.cl/sites/default/files/decretos/SN_00789_2000_D00041.PDF"}},{"type":"Feature","geometry":{"type":"Point","coordinates":[-70.39478,-30.36373]},"properties":{"nombre":"Estero Derecho","region":"Coquimbo","provincia":"Elqui","comuna":"Paiguano","codigo_cmn":"01466_SN_04105","categoria":"Santuario de la Naturaleza","tipo_decreto":"Decreto","n_decreto":"2","fecha_decreto":"15-01-2015","decreto_url":"https://www.monumentos.gob.cl/sites/default/files/decretos/SN_01466_2015_D00002.pdf"}},{"type":"Feature","geometry":{"type":"Point","coordinates":[-70.89774,-31.67816]},"properties":{"nombre":"Raja de Manquehua - Poza Azul","region":"Coquimbo","provincia":"Choapa","comuna":"Salamanca","codigo_cmn":"01706_SN_04204","categoria":"Santuario de la Naturaleza","tipo_decreto":"Decreto","n_decreto":"13","fecha_decreto":"28-02-2018","decreto_url":"https://www.monumentos.gob.cl/sites/default/files/decretos/decreto-13_08-jun-2018.pdf"}},{"type":"Feature","geometry":{"type":"Point","coordinates":[-71.57017,-30.30408]},"properties":{"nombre":"Humedales de Tongoy","region":"Coquimbo","provincia":"Elqui","comuna":"Coquimbo","codigo_cmn":"01710_SN_04102","categoria":"Santuario de la Naturaleza","tipo_decreto":"Decreto","n_decreto":"2","fecha_decreto":"05-01-2018","decreto_url":"https://www.monumentos.gob.cl/sites/default/files/decretos/sn_01709_2018_d2_do.pdf"}},{"type":"Feature","geometry":{"type":"Point","coordinates":[-71.05335,-31.98735]},"properties":{"nombre":"Quebrada Llau LLau","region":"Coquimbo","provincia":"Choapa","comuna":"Los Vilos","codigo_cmn":"01677_SN_04203","categoria":"Santuario de la Naturaleza","tipo_decreto":"Decreto","n_decreto":"47","fecha_decreto":"26-10-2017","decreto_url":"https://www.monumentos.gob.cl/sites/default/files/decretos/sn_01677_2017_dmma47_do.pdf"}},{"type":"Feature","geometry":{"type":"Point","coordinates":[-71.17721,-31.99934]},"properties":{"nombre":"Sitio denominado Monte Aranda","region":"Coquimbo","provincia":"Choapa","comuna":"Los Vilos","codigo_cmn":"01685_SN_04203","categoria":"Santuario de la Naturaleza","tipo_decreto":"Decreto","n_decreto":"46","fecha_decreto":"26-10-2017","decreto_url":"https://www.monumentos.gob.cl/sites/default/files/decretos/d.o_sn_monte_aranda.pdf"}},{"type":"Feature","geometry":{"type":"Point","coordinates":[-70.63657,-30.0225]},"properties":{"nombre":"Pueblo de Diaguitas","region":"Coquimbo","provincia":"Elqui","comuna":"Vicuña","codigo_cmn":"01314_ZT_04106","categoria":"Zona Típica o Pintoresca","tipo_decreto":"Decreto","n_decreto":"500","fecha_decreto":"26-11-2012","decreto_url":"https://www.monumentos.gob.cl/sites/default/files/decretos/ZT_01314_2012_D00500.PDF"}},{"type":"Feature","geometry":{"type":"Point","coordinates":[-71.45733,-31.39833]},"properties":{"nombre":"Casco Histórico de Canela Baja","region":"Coquimbo","provincia":"Choapa","comuna":"Canela","codigo_cmn":"01673_ZT_04202","categoria":"Zona Típica o Pintoresca","tipo_decreto":"Decreto","n_decreto":"383","fecha_decreto":"28-11-2017","decreto_url":"https://www.monumentos.gob.cl/sites/default/files/decretos/zt_01673_2017_d383.pdf"}},{"type":"Feature","geometry":{"type":"Point","coordinates":[-71.15736,-32.04099]},"properties":{"nombre":"Puente Metálico El Ojo","region":"Coquimbo","provincia":"Choapa","comuna":"Los Vilos","codigo_cmn":"01256_MH_04203","categoria":"Monumento Histórico","tipo_decreto":"Decreto","n_decreto":"127","fecha_decreto":"23-03-2011","decreto_url":"https://www.monumentos.gob.cl/sites/default/files/decretos/MH_01249_2011_D00127.PDF"}},{"type":"Feature","geometry":{"type":"Point","coordinates":[-71.16023,-32.14715]},"properties":{"nombre":"Puente de Piedra La Laja","region":"Coquimbo","provincia":"Choapa","comuna":"Los Vilos","codigo_cmn":"01253_MH_04203","categoria":"Monumento Histórico","tipo_decreto":"Decreto","n_decreto":"127","fecha_decreto":"23-03-2011","decreto_url":"https://www.monumentos.gob.cl/sites/default/files/decretos/MH_01249_2011_D00127.PDF"}},{"type":"Feature","geometry":{"type":"Point","coordinates":[-71.16029,-32.07836]},"properties":{"nombre":"Puente Metálico Tilama","region":"Coquimbo","provincia":"Choapa","comuna":"Los Vilos","codigo_cmn":"01257_MH_04203","categoria":"Monumento Histórico","tipo_decreto":"Decreto","n_decreto":"127","fecha_decreto":"23-03-2011","decreto_url":"https://www.monumentos.gob.cl/sites/default/files/decretos/MH_01249_2011_D00127.PDF"}},{"type":"Feature","geometry":{"type":"Point","coordinates":[-71.16992,-32.10135]},"properties":{"nombre":"Puente de Piedra Quelón o La Recta","region":"Coquimbo","provincia":"Choapa","comuna":"Los Vilos","codigo_cmn":"01254_MH_04203","categoria":"Monumento Histórico","tipo_decreto":"Decreto","n_decreto":"127","fecha_decreto":"23-03-2011","decreto_url":"https://www.monumentos.gob.cl/sites/default/files/decretos/MH_01249_2011_D00127.PDF"}},{"type":"Feature","geometry":{"type":"Point","coordinates":[-71.13228,-31.91087]},"properties":{"nombre":"Puente de Piedra Chico","region":"Coquimbo","provincia":"Choapa","comuna":"Los Vilos","codigo_cmn":"01255_MH_04203","categoria":"Monumento Histórico","tipo_decreto":"Decreto","n_decreto":"127","fecha_decreto":"23-03-2011","decreto_url":"https://www.monumentos.gob.cl/sites/default/files/decretos/MH_01249_2011_D00127.PDF"}},{"type":"Feature","geometry":{"type":"Point","coordinates":[-71.14653,-31.89622]},"properties":{"nombre":"Túnel Curvo","region":"Coquimbo","provincia":"Choapa","comuna":"Los Vilos","codigo_cmn":"01251_MH_04203","categoria":"Monumento Histórico","tipo_decreto":"Decreto","n_decreto":"127","fecha_decreto":"23-03-2011","decreto_url":"https://www.monumentos.gob.cl/sites/default/files/decretos/MH_01249_2011_D00127.PDF"}},{"type":"Feature","geometry":{"type":"Point","coordinates":[-71.15724,-31.89387]},"properties":{"nombre":"Túnel Las Astas","region":"Coquimbo","provincia":"Choapa","comuna":"Multiterritorial","codigo_cmn":"01252_MH_MT","categoria":"Monumento Histórico","tipo_decreto":"Decreto","n_decreto":"127","fecha_decreto":"23-03-2011","decreto_url":"https://www.monumentos.gob.cl/sites/default/files/decretos/MH_01249_2011_D00127.PDF"}},{"type":"Feature","geometry":{"type":"Point","coordinates":[-71.15345,-31.90795]},"properties":{"nombre":"Túnel Recto","region":"Coquimbo","provincia":"Choapa","comuna":"Los Vilos","codigo_cmn":"01250_MH_04203","categoria":"Monumento Histórico","tipo_decreto":"Decreto","n_decreto":"127","fecha_decreto":"23-03-2011","decreto_url":"https://www.monumentos.gob.cl/sites/default/files/decretos/MH_01249_2011_D00127.PDF"}},{"type":"Feature","geometry":{"type":"Point","coordinates":[-71.25184,-29.87915]},"properties":{"nombre":"Casa de Gabriela Mistral","region":"Coquimbo","provincia":"Elqui","comuna":"La Serena","codigo_cmn":"01087_MH_04101","categoria":"Monumento Histórico","tipo_decreto":"Decreto Exento","n_decreto":"2752","fecha_decreto":"10-09-2008","decreto_url":"https://www.monumentos.gob.cl/sites/default/files/decretos/MH_01087_2008_D02752.PDF"}},{"type":"Feature","geometry":{"type":"Point","coordinates":[-71.27447,-29.90558]},"properties":{"nombre":"Faro monumental de La Serena","region":"Coquimbo","provincia":"Elqui","comuna":"La Serena","codigo_cmn":"01248_MH_04101","categoria":"Monumento Histórico","tipo_decreto":"Decreto","n_decreto":"42","fecha_decreto":"25-01-2011","decreto_url":"https://www.monumentos.gob.cl/sites/default/files/decretos/MH_01248_2011_D00042.PDF"}},{"type":"Feature","geometry":{"type":"Point","coordinates":[-70.49443,-30.11902]},"properties":{"nombre":"Escuela N°10 Jerónimo Godoy Villanueva de Pisco Elqui","region":"Coquimbo","provincia":"Elqui","comuna":"Paiguano","codigo_cmn":"01387_MH_04105","categoria":"Monumento Histórico","tipo_decreto":"Decreto","n_decreto":"401","fecha_decreto":"10-10-2014","decreto_url":"https://www.monumentos.gob.cl/sites/default/files/decretos/MH_01387_2014_D00401.pdf"}},{"type":"Feature","geometry":{"type":"Point","coordinates":[-70.97022,-31.77568]},"properties":{"nombre":"Estación de FFCC de Salamanca","region":"Coquimbo","provincia":"Choapa","comuna":"Salamanca","codigo_cmn":"00911_MH_04204","categoria":"Monumento Histórico","tipo_decreto":"Decreto Exento","n_decreto":"923","fecha_decreto":"29-10-2004","decreto_url":"https://www.monumentos.gob.cl/sites/default/files/decretos/MH_00911_2004_D00923.PDF"}},{"type":"Feature","geometry":{"type":"Point","coordinates":[-71.24469,-29.90644]},"properties":{"nombre":"Escuela Germán Riesco","region":"Coquimbo","provincia":"Elqui","comuna":"La Serena","codigo_cmn":"00917_MH_04101","categoria":"Monumento Histórico","tipo_decreto":"Decreto Exento","n_decreto":"1096","fecha_decreto":"22-12-2004","decreto_url":"https://www.monumentos.gob.cl/sites/default/files/decretos/MH_00915_2004_D01096.PDF"}},{"type":"Feature","geometry":{"type":"Point","coordinates":[-71.25368,-29.90351]},"properties":{"nombre":"Iglesia de Santo Domingo","region":"Coquimbo","provincia":"Elqui","comuna":"La Serena","codigo_cmn":"00804_MH_04101","categoria":"Monumento Histórico","tipo_decreto":"Decreto Exento","n_decreto":"253","fecha_decreto":"16-05-2001","decreto_url":"https://www.monumentos.gob.cl/sites/default/files/decretos/MH_00804_2001_D00253.PDF"}},{"type":"Feature","geometry":{"type":"Point","coordinates":[-71.2435,-29.90254]},"properties":{"nombre":"Liceo de Hombres Gregorio Cordovez","region":"Coquimbo","provincia":"Elqui","comuna":"La Serena","codigo_cmn":"00915_MH_04101","categoria":"Monumento Histórico","tipo_decreto":"Decreto Exento","n_decreto":"1096","fecha_decreto":"22-12-2004","decreto_url":"https://www.monumentos.gob.cl/sites/default/files/decretos/MH_00915_2004_D01096.PDF"}},{"type":"Feature","geometry":{"type":"Point","coordinates":[-71.2451,-29.90361]},"properties":{"nombre":"Liceo de Niñas Gabriela Mistral","region":"Coquimbo","provincia":"Elqui","comuna":"La Serena","codigo_cmn":"00916_MH_04101","categoria":"Monumento Histórico","tipo_decreto":"Decreto Exento","n_decreto":"1096","fecha_decreto":"22-12-2004","decreto_url":"https://www.monumentos.gob.cl/sites/default/files/decretos/MH_00915_2004_D01096.PDF"}},{"type":"Feature","geometry":{"type":"Point","coordinates":[-71.25602,-29.92509]},"properties":{"nombre":"Ex centro de detención Casa del Buen Pastor","region":"Coquimbo","provincia":"Elqui","comuna":"La Serena","codigo_cmn":"01482_MH_04101","categoria":"Monumento Histórico","tipo_decreto":"Decreto","n_decreto":"467","fecha_decreto":"16-10-2015","decreto_url":"https://www.monumentos.gob.cl/sites/default/files/decretos/MH_01482_2015_D00467.pdf"}},{"type":"Feature","geometry":{"type":"Point","coordinates":[-71.12078,-30.63151]},"properties":{"nombre":"Iglesia del Niño Dios de Sotaquí","region":"Coquimbo","provincia":"Limarí","comuna":"Ovalle","codigo_cmn":"01012_MH_04301","categoria":"Monumento Histórico","tipo_decreto":"Decreto Exento","n_decreto":"1079","fecha_decreto":"28-07-2006","decreto_url":"https://www.monumentos.gob.cl/sites/default/files/decretos/MH_01012_2006_D01079.PDF"}},{"type":"Feature","geometry":{"type":"Point","coordinates":[-71.37723,-30.70422]},"properties":{"nombre":"Valle de El Encanto","region":"Coquimbo","provincia":"Limarí","comuna":"Ovalle","codigo_cmn":"00108_MH_04301","categoria":"Monumento Histórico","tipo_decreto":"Decreto Supremo","n_decreto":"158","fecha_decreto":"05-02-1973","decreto_url":"https://www.monumentos.gob.cl/sites/default/files/decretos/MH_00108_2013_D00113.pdf"}},{"type":"Feature","geometry":{"type":"Point","coordinates":[-71.23501,-29.90812]},"properties":{"nombre":"Sitio de Memoria Cuartel Casa de Piedra de la Central Nacional de Informaciones","region":"Coquimbo","provincia":"Elqui","comuna":"La Serena","codigo_cmn":"01697_MH_04101","categoria":"Monumento Histórico","tipo_decreto":"Decreto","n_decreto":"62","fecha_decreto":"16-02-2018","decreto_url":"https://www.monumentos.gob.cl/sites/default/files/decretos/mh_01697_2018_d62.pdf"}},{"type":"Feature","geometry":{"type":"Point","coordinates":[-69.53393,-18.77528]},"properties":{"nombre":"Iglesia de Tulapalca","region":"Arica y Parinacota","provincia":"Arica","comuna":"Camarones","codigo_cmn":"01093_MH_15102","categoria":"Monumento Histórico","tipo_decreto":"Decreto Exento","n_decreto":"3365","fecha_decreto":"05-11-2008","decreto_url":"https://www.monumentos.gob.cl/sites/default/files/decretos/MH_01091_2008_D03365.PDF"}},{"type":"Feature","geometry":{"type":"Point","coordinates":[-70.32021,-18.48964]},"properties":{"nombre":"Morro de Arica","region":"Arica y Parinacota","provincia":"Arica","comuna":"Arica","codigo_cmn":"00083_MH_15101","categoria":"Monumento Histórico","tipo_decreto":"Decreto Supremo","n_decreto":"2412","fecha_decreto":"06-10-1971","decreto_url":"https://www.monumentos.gob.cl/sites/default/files/decretos/d_212_del_18.07.2016_limites_mh_fuerte_ciudadela_fuerte_del_este_y_morro_de_arica.pdf"}},{"type":"Feature","geometry":{"type":"Point","coordinates":[-70.30806,-18.49198]},"properties":{"nombre":"Fuerte Ciudadela","region":"Arica y Parinacota","provincia":"Arica","comuna":"Arica","codigo_cmn":"00081_MH_15101","categoria":"Monumento Histórico","tipo_decreto":"Decreto Supremo","n_decreto":"2412","fecha_decreto":"06-10-1971","decreto_url":"https://www.monumentos.gob.cl/sites/default/files/decretos/d_212_del_18.07.2016_limites_mh_fuerte_ciudadela_fuerte_del_este_y_morro_de_arica.pdf"}},{"type":"Feature","geometry":{"type":"Point","coordinates":[-70.30991,-18.49578]},"properties":{"nombre":"Fuerte Del Este","region":"Arica y Parinacota","provincia":"Arica","comuna":"Arica","codigo_cmn":"00082_MH_15101","categoria":"Monumento Histórico","tipo_decreto":"Decreto Supremo","n_decreto":"2412","fecha_decreto":"06-10-1971","decreto_url":"https://www.monumentos.gob.cl/sites/default/files/decretos/d_212_del_18.07.2016_limites_mh_fuerte_ciudadela_fuerte_del_este_y_morro_de_arica.pdf"}},{"type":"Feature","geometry":{"type":"Point","coordinates":[-69.55938,-18.19587]},"properties":{"nombre":"Iglesia de San Idelfonso de Putre","region":"Arica y Parinacota","provincia":"Parinacota","comuna":"Putre","codigo_cmn":"01475_MH_15201","categoria":"Monumento Histórico","tipo_decreto":"Decreto","n_decreto":"331","fecha_decreto":"10-08-2015","decreto_url":"https://www.monumentos.gob.cl/sites/default/files/decretos/MH_01475_2015_D00331.pdf"}},{"type":"Feature","geometry":{"type":"Point","coordinates":[-69.68144,-18.82744]},"properties":{"nombre":"Iglesia Virgen del Carmen de Chitita","region":"Arica y Parinacota","provincia":"Arica","comuna":"Camarones","codigo_cmn":"01477_MH_15102","categoria":"Monumento Histórico","tipo_decreto":"Decreto","n_decreto":"331","fecha_decreto":"10-08-2015","decreto_url":"https://www.monumentos.gob.cl/sites/default/files/decretos/MH_01475_2015_D00331.pdf"}},{"type":"Feature","geometry":{"type":"Point","coordinates":[-69.61306,-18.92229]},"properties":{"nombre":"Iglesia San José de Pachica","region":"Arica y Parinacota","provincia":"Arica","comuna":"Camarones","codigo_cmn":"01478_MH_15102","categoria":"Monumento Histórico","tipo_decreto":"Decreto","n_decreto":"331","fecha_decreto":"10-08-2015","decreto_url":"https://www.monumentos.gob.cl/sites/default/files/decretos/MH_01475_2015_D00331.pdf"}},{"type":"Feature","geometry":{"type":"Point","coordinates":[-69.53009,-18.93578]},"properties":{"nombre":"Iglesia San Pedro de Esquiña","region":"Arica y Parinacota","provincia":"Arica","comuna":"Camarones","codigo_cmn":"01479_MH_15102","categoria":"Monumento Histórico","tipo_decreto":"Decreto","n_decreto":"331","fecha_decreto":"10-08-2015","decreto_url":"https://www.monumentos.gob.cl/sites/default/files/decretos/MH_01475_2015_D00331.pdf"}},{"type":"Feature","geometry":{"type":"Point","coordinates":[-70.17879,-18.51715]},"properties":{"nombre":"Iglesia San Miguel de Azapa","region":"Arica y Parinacota","provincia":"Arica","comuna":"Arica","codigo_cmn":"01481_MH_15101","categoria":"Monumento Histórico","tipo_decreto":"Decreto","n_decreto":"331","fecha_decreto":"10-08-2015","decreto_url":"https://www.monumentos.gob.cl/sites/default/files/decretos/MH_01475_2015_D00331.pdf"}},{"type":"Feature","geometry":{"type":"Point","coordinates":[-69.74393,-18.83358]},"properties":{"nombre":"Iglesia San Martín de Tours de Codpa","region":"Arica y Parinacota","provincia":"Arica","comuna":"Camarones","codigo_cmn":"01476_MH_15102","categoria":"Monumento Histórico","tipo_decreto":"Decreto","n_decreto":"331","fecha_decreto":"10-08-2015","decreto_url":"https://www.monumentos.gob.cl/sites/default/files/decretos/MH_01475_2015_D00331.pdf"}},{"type":"Feature","geometry":{"type":"Point","coordinates":[-70.32477,-18.41384]},"properties":{"nombre":"Humedal de la desembocadura del Río Lluta","region":"Arica y Parinacota","provincia":"Arica","comuna":"Arica","codigo_cmn":"01143_SN_15101","categoria":"Santuario de la Naturaleza","tipo_decreto":"Decreto","n_decreto":"106","fecha_decreto":"06-04-2009","decreto_url":"https://www.monumentos.gob.cl/sites/default/files/decretos/SN_01143_2009_D00106.PDF"}},{"type":"Feature","geometry":{"type":"Point","coordinates":[-70.30579,-18.48382]},"properties":{"nombre":"Conjunto Habitacional Lastarria","region":"Arica y Parinacota","provincia":"Arica","comuna":"Arica","codigo_cmn":"01550_ZT_15101","categoria":"Zona Típica o Pintoresca","tipo_decreto":"Decreto","n_decreto":"211","fecha_decreto":"18-07-2016","decreto_url":"https://www.monumentos.gob.cl/sites/default/files/decretos/ZT_01550_2016_D00211.PDF"}},{"type":"Feature","geometry":{"type":"Point","coordinates":[-70.32131,-18.47712]},"properties":{"nombre":"Edificio de la Antigua Aduana de Arica","region":"Arica y Parinacota","provincia":"Arica","comuna":"Arica","codigo_cmn":"00203_MH_15101","categoria":"Monumento Histórico","tipo_decreto":"Decreto Supremo","n_decreto":"929","fecha_decreto":"23-11-1977","decreto_url":"https://www.monumentos.gob.cl/sites/default/files/decretos/MH_00203_2010_D00511.pdf"}},{"type":"Feature","geometry":{"type":"Point","coordinates":[-70.32074,-18.47903]},"properties":{"nombre":"La Iglesia Catedral  San Marcos de Arica","region":"Arica y Parinacota","provincia":"Arica","comuna":"Arica","codigo_cmn":"00381_MH_15101","categoria":"Monumento Histórico","tipo_decreto":"Decreto Supremo","n_decreto":"602","fecha_decreto":"04-10-1984","decreto_url":"https://www.monumentos.gob.cl/sites/default/files/decretos/MH_00381_2008_D03029.pdf"}},{"type":"Feature","geometry":{"type":"Point","coordinates":[-70.32053,-18.47627]},"properties":{"nombre":"La Estación del Ferrocarril de Arica - La Paz y su andén","region":"Arica y Parinacota","provincia":"Arica","comuna":"Arica","codigo_cmn":"00498_MH_15101","categoria":"Monumento Histórico","tipo_decreto":"Decreto Supremo","n_decreto":"21","fecha_decreto":"18-01-1990","decreto_url":"https://www.monumentos.gob.cl/sites/default/files/decretos/MH_00498_2013_D00120.pdf"}},{"type":"Feature","geometry":{"type":"Point","coordinates":[-69.70871,-18.81914]},"properties":{"nombre":"Iglesia de Guañacagua","region":"Arica y Parinacota","provincia":"Arica","comuna":"Camarones","codigo_cmn":"01091_MH_15102","categoria":"Monumento Histórico","tipo_decreto":"Decreto Exento","n_decreto":"3365","fecha_decreto":"05-11-2008","decreto_url":"https://www.monumentos.gob.cl/sites/default/files/decretos/MH_01091_2008_D03365.PDF"}},{"type":"Feature","geometry":{"type":"Point","coordinates":[-69.21289,-18.87817]},"properties":{"nombre":"Iglesia Parcohailla","region":"Arica y Parinacota","provincia":"Arica","comuna":"Camarones","codigo_cmn":"01092_MH_15102","categoria":"Monumento Histórico","tipo_decreto":"Decreto Exento","n_decreto":"3365","fecha_decreto":"05-11-2008","decreto_url":"https://www.monumentos.gob.cl/sites/default/files/decretos/MH_01091_2008_D03365.PDF"}},{"type":"Feature","geometry":{"type":"Point","coordinates":[-69.49532,-18.89611]},"properties":{"nombre":"Iglesia de Saguara","region":"Arica y Parinacota","provincia":"Arica","comuna":"Camarones","codigo_cmn":"01094_MH_15102","categoria":"Monumento Histórico","tipo_decreto":"Decreto Exento","n_decreto":"3365","fecha_decreto":"05-11-2008","decreto_url":"https://www.monumentos.gob.cl/sites/default/files/decretos/MH_01091_2008_D03365.PDF"}},{"type":"Feature","geometry":{"type":"Point","coordinates":[-69.58287,-18.73978]},"properties":{"nombre":"Iglesia de San Isidro Labrador de Cobija","region":"Arica y Parinacota","provincia":"Arica","comuna":"Camarones","codigo_cmn":"01311_MH_15102","categoria":"Monumento Histórico","tipo_decreto":"Decreto","n_decreto":"451","fecha_decreto":"19-10-2012","decreto_url":"https://www.monumentos.gob.cl/sites/default/files/decretos/MH_01305_2012_D00451.PDF"}},{"type":"Feature","geometry":{"type":"Point","coordinates":[-69.15382,-18.49828]},"properties":{"nombre":"Iglesia de la Virgen de la Inmaculada Concepción de Guallatire","region":"Arica y Parinacota","provincia":"Parinacota","comuna":"Putre","codigo_cmn":"01312_MH_15201","categoria":"Monumento Histórico","tipo_decreto":"Decreto","n_decreto":"451","fecha_decreto":"19-10-2012","decreto_url":"https://www.monumentos.gob.cl/sites/default/files/decretos/MH_01305_2012_D00451.PDF"}},{"type":"Feature","geometry":{"type":"Point","coordinates":[-69.5287,-18.4289]},"properties":{"nombre":"Iglesia de San Andrés Apóstol de Pachama","region":"Arica y Parinacota","provincia":"Parinacota","comuna":"Putre","codigo_cmn":"01306_MH_15201","categoria":"Monumento Histórico","tipo_decreto":"Decreto","n_decreto":"451","fecha_decreto":"19-10-2012","decreto_url":"https://www.monumentos.gob.cl/sites/default/files/decretos/MH_01305_2012_D00451.PDF"}},{"type":"Feature","geometry":{"type":"Point","coordinates":[-69.51517,-18.4679]},"properties":{"nombre":"Iglesia de San Santiago de Belén","region":"Arica y Parinacota","provincia":"Parinacota","comuna":"Putre","codigo_cmn":"01307_MH_15201","categoria":"Monumento Histórico","tipo_decreto":"Decreto","n_decreto":"451","fecha_decreto":"19-10-2012","decreto_url":"https://www.monumentos.gob.cl/sites/default/files/decretos/MH_01305_2012_D00451.PDF"}},{"type":"Feature","geometry":{"type":"Point","coordinates":[-69.51442,-18.46777]},"properties":{"nombre":"Iglesia de la Virgen de la Candelaria de Belén","region":"Arica y Parinacota","provincia":"Parinacota","comuna":"Putre","codigo_cmn":"01308_MH_15201","categoria":"Monumento Histórico","tipo_decreto":"Decreto","n_decreto":"451","fecha_decreto":"19-10-2012","decreto_url":"https://www.monumentos.gob.cl/sites/default/files/decretos/MH_01305_2012_D00451.PDF"}},{"type":"Feature","geometry":{"type":"Point","coordinates":[-70.3117,-18.47242]},"properties":{"nombre":"Parte de las instalaciones del Cuartel Nº 1 del Regimiento Reforzado Nº 4 Rancagua de Arica","region":"Arica y Parinacota","provincia":"Arica","comuna":"Arica","codigo_cmn":"00976_MH_15101","categoria":"Monumento Histórico","tipo_decreto":"Decreto Exento","n_decreto":"55","fecha_decreto":"19-01-2006","decreto_url":"https://www.monumentos.gob.cl/sites/default/files/decretos/MH_00976_2006_D00055.PDF"}},{"type":"Feature","geometry":{"type":"Point","coordinates":[-69.60236,-18.26318]},"properties":{"nombre":"Iglesia San Francisco de Asís de Socoroma","region":"Arica y Parinacota","provincia":"Parinacota","comuna":"Putre","codigo_cmn":"00967_MH_15201","categoria":"Monumento Histórico","tipo_decreto":"Decreto Exento","n_decreto":"1902","fecha_decreto":"21-12-2005","decreto_url":"https://www.monumentos.gob.cl/sites/default/files/decretos/MH_00967_2005_D01902.PDF"}},{"type":"Feature","geometry":{"type":"Point","coordinates":[-69.16783,-19.01347]},"properties":{"nombre":"Iglesia de Mulluri","region":"Arica y Parinacota","provincia":"Arica","comuna":"Camarones","codigo_cmn":"00962_MH_15102","categoria":"Monumento Histórico","tipo_decreto":"Decreto Exento","n_decreto":"1778","fecha_decreto":"24-11-2005","decreto_url":"https://www.monumentos.gob.cl/sites/default/files/decretos/MH_00962_2005_D01778.PDF"}},{"type":"Feature","geometry":{"type":"Point","coordinates":[-69.49105,-18.586]},"properties":{"nombre":"Iglesia de la Virgen de la Asunción de Ticnamar","region":"Arica y Parinacota","provincia":"Parinacota","comuna":"Putre","codigo_cmn":"01309_MH_15201","categoria":"Monumento Histórico","tipo_decreto":"Decreto","n_decreto":"451","fecha_decreto":"19-10-2012","decreto_url":"https://www.monumentos.gob.cl/sites/default/files/decretos/MH_01305_2012_D00451.PDF"}},{"type":"Feature","geometry":{"type":"Point","coordinates":[-69.46251,-18.80295]},"properties":{"nombre":"Iglesia de San Antonio de Padua de Aico","region":"Arica y Parinacota","provincia":"Arica","comuna":"Camarones","codigo_cmn":"01310_MH_15102","categoria":"Monumento Histórico","tipo_decreto":"Decreto","n_decreto":"451","fecha_decreto":"19-10-2012","decreto_url":"https://www.monumentos.gob.cl/sites/default/files/decretos/MH_01305_2012_D00451.PDF"}},{"type":"Feature","geometry":{"type":"Point","coordinates":[-69.34561,-17.75918]},"properties":{"nombre":"Iglesia Santa Rosa de Lima de Guacollo","region":"Arica y Parinacota","provincia":"Parinacota","comuna":"General Lagos","codigo_cmn":"01519_MH_15202","categoria":"Monumento Histórico","tipo_decreto":"Decreto","n_decreto":"166","fecha_decreto":"10-06-2016","decreto_url":"https://www.monumentos.gob.cl/sites/default/files/decretos/MH_01519_2016_D00166.pdf"}},{"type":"Feature","geometry":{"type":"Point","coordinates":[-69.54077,-17.72585]},"properties":{"nombre":"Iglesia de la Virgen Inmaculada Concepción de Putani","region":"Arica y Parinacota","provincia":"Parinacota","comuna":"General Lagos","codigo_cmn":"01520_MH_15202","categoria":"Monumento Histórico","tipo_decreto":"Decreto","n_decreto":"166","fecha_decreto":"10-06-2016","decreto_url":"https://www.monumentos.gob.cl/sites/default/files/decretos/MH_01519_2016_D00166.pdf"}},{"type":"Feature","geometry":{"type":"Point","coordinates":[-69.65737,-17.71055]},"properties":{"nombre":"Iglesia de San Santiago Apóstol de Airo","region":"Arica y Parinacota","provincia":"Parinacota","comuna":"General Lagos","codigo_cmn":"01539_MH_15202","categoria":"Monumento Histórico","tipo_decreto":"Decreto","n_decreto":"294","fecha_decreto":"07-11-2016","decreto_url":"https://www.monumentos.gob.cl/sites/default/files/decretos/MH_01539_2016_D00294.PDF"}},{"type":"Feature","geometry":{"type":"Point","coordinates":[-69.72497,-17.77218]},"properties":{"nombre":"Iglesia Virgen del Carmen de Tacora","region":"Arica y Parinacota","provincia":"Parinacota","comuna":"General Lagos","codigo_cmn":"01541_MH_15202","categoria":"Monumento Histórico","tipo_decreto":"Decreto","n_decreto":"294","fecha_decreto":"07-11-2016","decreto_url":"https://www.monumentos.gob.cl/sites/default/files/decretos/MH_01539_2016_D00294.PDF"}},{"type":"Feature","geometry":{"type":"Point","coordinates":[-69.41268,-17.76753]},"properties":{"nombre":"Iglesia Virgen del Rosario de Cosapilla","region":"Arica y Parinacota","provincia":"Parinacota","comuna":"General Lagos","codigo_cmn":"01540_MH_15202","categoria":"Monumento Histórico","tipo_decreto":"Decreto","n_decreto":"294","fecha_decreto":"07-11-2016","decreto_url":"https://www.monumentos.gob.cl/sites/default/files/decretos/MH_01539_2016_D00294.PDF"}},{"type":"Feature","geometry":{"type":"Point","coordinates":[-69.20049,-18.05507]},"properties":{"nombre":"Iglesia Santa Rosa de Lima de Caquena","region":"Arica y Parinacota","provincia":"Parinacota","comuna":"Putre","codigo_cmn":"01544_MH_15201","categoria":"Monumento Histórico","tipo_decreto":"Decreto","n_decreto":"294","fecha_decreto":"07-11-2016","decreto_url":"https://www.monumentos.gob.cl/sites/default/files/decretos/MH_01539_2016_D00294.PDF"}},{"type":"Feature","geometry":{"type":"Point","coordinates":[-69.44369,-18.84365]},"properties":{"nombre":"Iglesia San Antonio de Padua de Sucuna","region":"Arica y Parinacota","provincia":"Arica","comuna":"Camarones","codigo_cmn":"01542_MH_15102","categoria":"Monumento Histórico","tipo_decreto":"Decreto","n_decreto":"294","fecha_decreto":"07-11-2016","decreto_url":"https://www.monumentos.gob.cl/sites/default/files/decretos/MH_01539_2016_D00294.PDF"}},{"type":"Feature","geometry":{"type":"Point","coordinates":[-69.41651,-18.68106]},"properties":{"nombre":"Iglesia Virgen de los remedios de Timalchaca","region":"Arica y Parinacota","provincia":"Parinacota","comuna":"Putre","codigo_cmn":"01543_MH_15201","categoria":"Monumento Histórico","tipo_decreto":"Decreto","n_decreto":"294","fecha_decreto":"07-11-2016","decreto_url":"https://www.monumentos.gob.cl/sites/default/files/decretos/MH_01539_2016_D00294.PDF"}},{"type":"Feature","geometry":{"type":"Point","coordinates":[-69.6911,-18.74998]},"properties":{"nombre":"Iglesia de San Juan Bautista de Timar","region":"Arica y Parinacota","provincia":"Arica","comuna":"Camarones","codigo_cmn":"01568_MH_15102","categoria":"Monumento Histórico","tipo_decreto":"Decreto","n_decreto":"77","fecha_decreto":"13-04-2017","decreto_url":"https://www.monumentos.gob.cl/sites/default/files/decretos/mh_01568_2017_d00077.pdf"}},{"type":"Feature","geometry":{"type":"Point","coordinates":[-69.26565,-18.31225]},"properties":{"nombre":"Iglesia Virgen Asunta de Choquelimpie","region":"Arica y Parinacota","provincia":"Parinacota","comuna":"Putre","codigo_cmn":"01566_MH_15201","categoria":"Monumento Histórico","tipo_decreto":"Decreto","n_decreto":"74","fecha_decreto":"13-04-2017","decreto_url":"https://www.monumentos.gob.cl/sites/default/files/decretos/mh_01566_2017_d74.pdf"}},{"type":"Feature","geometry":{"type":"Point","coordinates":[-69.56567,-17.71339]},"properties":{"nombre":"Iglesia San Martín de Tours de Chapoco","region":"Arica y Parinacota","provincia":"Parinacota","comuna":"General Lagos","codigo_cmn":"01567_MH_15202","categoria":"Monumento Histórico","tipo_decreto":"Decreto","n_decreto":"76","fecha_decreto":"13-04-2017","decreto_url":"https://www.monumentos.gob.cl/sites/default/files/decretos/mh_01567_2017_d76_2017.pdf"}},{"type":"Feature","geometry":{"type":"Point","coordinates":[-69.70983,-17.78227]},"properties":{"nombre":"Ruinas del Complejo Industrial Azufrero de Tacora","region":"Arica y Parinacota","provincia":"Parinacota","comuna":"General Lagos","codigo_cmn":"01485_MH_15202","categoria":"Monumento Histórico","tipo_decreto":"Decreto","n_decreto":"514","fecha_decreto":"17-11-2015","decreto_url":"https://www.monumentos.gob.cl/sites/default/files/decretos/MH_01485_2015_D00514.pdf"}},{"type":"Feature","geometry":{"type":"Point","coordinates":[-70.06584,-18.45322]},"properties":{"nombre":"Iglesia San Jerónimo de Poconchile","region":"Arica y Parinacota","provincia":"Arica","comuna":"Arica","codigo_cmn":"01480_MH_15101","categoria":"Monumento Histórico","tipo_decreto":"Decreto","n_decreto":"331","fecha_decreto":"10-08-2015","decreto_url":"https://www.monumentos.gob.cl/sites/default/files/decretos/MH_01475_2015_D00331.pdf"}},{"type":"Feature","geometry":{"type":"Point","coordinates":[-69.70546,-18.49867]},"properties":{"nombre":"Iglesia San Bartolomé de Livilcar","region":"Arica y Parinacota","provincia":"Arica","comuna":"Arica","codigo_cmn":"01305_MH_15101","categoria":"Monumento Histórico","tipo_decreto":"Decreto","n_decreto":"451","fecha_decreto":"19-10-2012","decreto_url":"https://www.monumentos.gob.cl/sites/default/files/decretos/MH_01305_2012_D00451.PDF"}},{"type":"Feature","geometry":{"type":"Point","coordinates":[-69.64187,-18.39318]},"properties":{"nombre":"Pucará de Copaquilla","region":"Arica y Parinacota","provincia":"Parinacota","comuna":"Putre","codigo_cmn":"00321_MH_15201","categoria":"Monumento Histórico","tipo_decreto":"Decreto Supremo","n_decreto":"83","fecha_decreto":"19-01-1983","decreto_url":"https://www.monumentos.gob.cl/sites/default/files/decretos/MH_00321_2016_D00151.pdf"}},{"type":"Feature","geometry":{"type":"Point","coordinates":[-72.98916,-41.31857]},"properties":{"nombre":"Sector de Puerto Varas","region":"Los Lagos","provincia":"Llanquihue","comuna":"Puerto Varas","codigo_cmn":"00573_ZT_10109","categoria":"Zona Típica o Pintoresca","tipo_decreto":"Decreto Supremo","n_decreto":"290","fecha_decreto":"04-06-1992","decreto_url":"https://www.monumentos.gob.cl/sites/default/files/decretos/ZT_00573_2014_D00419.pdf"}},{"type":"Feature","geometry":{"type":"Point","coordinates":[-73.78477,-42.50134]},"properties":{"nombre":"Entorno de la Iglesia Nuestra Señora de Gracia de Nercón","region":"Los Lagos","provincia":"Chiloé","comuna":"Castro","codigo_cmn":"01357_ZT_10201","categoria":"Zona Típica o Pintoresca","tipo_decreto":"Decreto","n_decreto":"72","fecha_decreto":"28-01-2014","decreto_url":"https://www.monumentos.gob.cl/sites/default/files/decretos/ZT_01357_2014_D00072.pdf"}},{"type":"Feature","geometry":{"type":"Point","coordinates":[-73.40137,-42.25876]},"properties":{"nombre":"Entorno de la Iglesia San Antonio de Colo","region":"Los Lagos","provincia":"Chiloé","comuna":"Quemchi","codigo_cmn":"01355_ZT_10209","categoria":"Zona Típica o Pintoresca","tipo_decreto":"Decreto","n_decreto":"609","fecha_decreto":"18-12-2013","decreto_url":"https://www.monumentos.gob.cl/sites/default/files/decretos/ZT_01355_2013_D00609.pdf"}},{"type":"Feature","geometry":{"type":"Point","coordinates":[-73.72848,-42.61483]},"properties":{"nombre":"Entorno del Monumento Histórico Iglesia Natividad de María Ichuac","region":"Los Lagos","provincia":"Chiloé","comuna":"Puqueldón","codigo_cmn":"01467_ZT_10206","categoria":"Zona Típica o Pintoresca","tipo_decreto":"Decreto","n_decreto":"315","fecha_decreto":"04-08-2015","decreto_url":"https://www.monumentos.gob.cl/sites/default/files/decretos/ZT_01467_2015_D00315.pdf"}},{"type":"Feature","geometry":{"type":"Point","coordinates":[-73.55685,-42.68579]},"properties":{"nombre":"Entorno del Monumento Histórico de la Iglesia Santiago Apóstol de Detif","region":"Los Lagos","provincia":"Chiloé","comuna":"Puqueldón","codigo_cmn":"01468_ZT_10206","categoria":"Zona Típica o Pintoresca","tipo_decreto":"Decreto","n_decreto":"316","fecha_decreto":"04-08-2015","decreto_url":"https://www.monumentos.gob.cl/sites/default/files/decretos/ZT_01468_2015_D00316.pdf"}},{"type":"Feature","geometry":{"type":"Point","coordinates":[-73.78756,-42.60586]},"properties":{"nombre":"Entorno del Monumento Histórico de la Iglesia de San Antonio de Vilupulli","region":"Los Lagos","provincia":"Chiloé","comuna":"Chonchi","codigo_cmn":"01536_ZT_10203","categoria":"Zona Típica o Pintoresca","tipo_decreto":"Decreto","n_decreto":"264","fecha_decreto":"15-09-2016","decreto_url":"https://www.monumentos.gob.cl/sites/default/files/decretos/ZT_01536_2016_D00264.PDF"}},{"type":"Feature","geometry":{"type":"Point","coordinates":[-73.7793,-42.62619]},"properties":{"nombre":"Calle Centenario","region":"Los Lagos","provincia":"Chiloé","comuna":"Chonchi","codigo_cmn":"00791_ZT_10203","categoria":"Zona Típica o Pintoresca","tipo_decreto":"Decreto Exento","n_decreto":"153","fecha_decreto":"18-05-2000","decreto_url":"https://www.monumentos.gob.cl/sites/default/files/decretos/ZT_00791_2000_D00153.PDF"}},{"type":"Feature","geometry":{"type":"Point","coordinates":[-73.42645,-42.53606]},"properties":{"nombre":"Pueblo de Quinchao","region":"Los Lagos","provincia":"Chiloé","comuna":"Quinchao","codigo_cmn":"01331_ZT_10210","categoria":"Zona Típica o Pintoresca","tipo_decreto":"Decreto","n_decreto":"268","fecha_decreto":"18-04-2013","decreto_url":"https://www.monumentos.gob.cl/sites/default/files/decretos/ZT_01331_2013_D00268.pdf"}},{"type":"Feature","geometry":{"type":"Point","coordinates":[-70.90779,-53.16263]},"properties":{"nombre":"Plaza Muñoz Gamero y edificios que la acotan","region":"Magallanes y de la Antártica Chilena","provincia":"Magallanes","comuna":"Punta Arenas","codigo_cmn":"00526_ZT_12101","categoria":"Zona Típica o Pintoresca","tipo_decreto":"Decreto Supremo","n_decreto":"67","fecha_decreto":"22-02-1991","decreto_url":"https://www.monumentos.gob.cl/sites/default/files/decretos/ZT_00526_2015_D00330.pdf"}},{"type":"Feature","geometry":{"type":"Point","coordinates":[-72.02623,-45.57351]},"properties":{"nombre":"Las Construcciones de la Sociedad Industrial de Aisén","region":"Aysén del General Carlos Ibáñez del Campo","provincia":"Coihaique","comuna":"Coihaique","codigo_cmn":"01178_MH_11101","categoria":"Monumento Histórico","tipo_decreto":"Decreto","n_decreto":"413","fecha_decreto":"03-11-2009","decreto_url":"https://www.monumentos.gob.cl/sites/default/files/decretos/MH_01178_2009_D00413.PDF"}},{"type":"Feature","geometry":{"type":"Point","coordinates":[-70.46817,-53.70347]},"properties":{"nombre":"Campo de Prisioneros en Río Chico, la capilla de San Rafael, la Chimenea y antiguos hornos del aserradero de Puerto Harris en Isla Dawson","region":"Magallanes y de la Antártica Chilena","provincia":"Magallanes","comuna":"Punta Arenas","codigo_cmn":"01231_MH_12101","categoria":"Monumento Histórico","tipo_decreto":"Decreto","n_decreto":"132","fecha_decreto":"10-03-2010","decreto_url":"https://www.monumentos.gob.cl/sites/default/files/decretos/MH_01231_2010_D00132.PDF"}},{"type":"Feature","geometry":{"type":"Point","coordinates":[-71.23951,-28.72853]},"properties":{"nombre":"Las Chimeneas de Labrar","region":"Atacama","provincia":"Huasco","comuna":"Freirina","codigo_cmn":"00258_MH_03303","categoria":"Monumento Histórico","tipo_decreto":"Decreto Supremo","n_decreto":"8377","fecha_decreto":"02-10-1980","decreto_url":"https://www.monumentos.gob.cl/sites/default/files/decretos/MH_00258_2008_D00659.pdf"}},{"type":"Feature","geometry":{"type":"Point","coordinates":[-57.89934,-63.32093]},"properties":{"nombre":"Base militar Antártica Capitán General Bernardo O'Higgins Riquelme","region":"Magallanes y de la Antártica Chilena","provincia":"Antártica Chilena","comuna":"Antártica","codigo_cmn":"01298_MH_12202","categoria":"Monumento Histórico","tipo_decreto":"Decreto","n_decreto":"406","fecha_decreto":"24-09-2012","decreto_url":"https://www.monumentos.gob.cl/sites/default/files/decretos/MH_01298_2012_D00406.PDF"}},{"type":"Feature","geometry":{"type":"Point","coordinates":[-70.0026,-27.97962]},"properties":{"nombre":"Acueducto de Amolanas","region":"Atacama","provincia":"Copiapó","comuna":"Tierra Amarilla","codigo_cmn":"00326_MH_03103","categoria":"Monumento Histórico","tipo_decreto":"Decreto Supremo","n_decreto":"80","fecha_decreto":"19-01-1983","decreto_url":"https://www.monumentos.gob.cl/sites/default/files/decretos/MH_00326_2013_D00031.pdf"}},{"type":"Feature","geometry":{"type":"Point","coordinates":[-69.29101,-52.77572]},"properties":{"nombre":"Equipamiento de Cerro Sombrero","region":"Magallanes y de la Antártica Chilena","provincia":"Tierra del Fuego","comuna":"Primavera","codigo_cmn":"01390_MH_12302","categoria":"Monumento Histórico","tipo_decreto":"Decreto","n_decreto":"421","fecha_decreto":"20-10-2014","decreto_url":"https://www.monumentos.gob.cl/sites/default/files/decretos/MH_01390_2014_D00421.pdf"}},{"type":"Feature","geometry":{"type":"Point","coordinates":[-69.29075,-52.77562]},"properties":{"nombre":"Campamento Cerro Sombrero","region":"Magallanes y de la Antártica Chilena","provincia":"Tierra del Fuego","comuna":"Primavera","codigo_cmn":"01389_ZT_12302","categoria":"Zona Típica o Pintoresca","tipo_decreto":"Decreto","n_decreto":"421","fecha_decreto":"20-10-2014","decreto_url":"https://www.monumentos.gob.cl/sites/default/files/decretos/MH_01390_2014_D00421.pdf"}},{"type":"Feature","geometry":{"type":"Point","coordinates":[-73.28726,-41.81099]},"properties":{"nombre":"Isla Kaikué-Lagartija","region":"Los Lagos","provincia":"Llanquihue","comuna":"Calbuco","codigo_cmn":"01667_SN_10102","categoria":"Santuario de la Naturaleza","tipo_decreto":"Decreto","n_decreto":"33","fecha_decreto":"10-08-2017","decreto_url":"https://www.monumentos.gob.cl/sites/default/files/decretos/sn_01667_2017_dmma33.pdf"}},{"type":"Feature","geometry":{"type":"Point","coordinates":[-72.88353,-40.97578]},"properties":{"nombre":"Sector de Puerto Octay","region":"Los Lagos","provincia":"Osorno","comuna":"Puerto Octay","codigo_cmn":"01246_ZT_10302","categoria":"Zona Típica o Pintoresca","tipo_decreto":"Decreto","n_decreto":"512","fecha_decreto":"17-12-2010","decreto_url":"https://www.monumentos.gob.cl/sites/default/files/decretos/ZT_01246_2010_D00512.PDF"}},{"type":"Feature","geometry":{"type":"Point","coordinates":[-73.54362,-47.79948]},"properties":{"nombre":"Pueblo de Caleta Tortel","region":"Aysén del General Carlos Ibáñez del Campo","provincia":"Capitán Prat","comuna":"Tortel","codigo_cmn":"00806_ZT_11303","categoria":"Zona Típica o Pintoresca","tipo_decreto":"Decreto Exento","n_decreto":"282","fecha_decreto":"23-05-2001","decreto_url":"https://www.monumentos.gob.cl/sites/default/files/decretos/ZT_00806_2001_D00282.PDF"}},{"type":"Feature","geometry":{"type":"Point","coordinates":[-73.18775,-41.79488]},"properties":{"nombre":"Capilla y Cementerio Indígena de Caicaén","region":"Los Lagos","provincia":"Llanquihue","comuna":"Calbuco","codigo_cmn":"00801_ZT_10102","categoria":"Zona Típica o Pintoresca","tipo_decreto":"Decreto Exento","n_decreto":"116","fecha_decreto":"23-03-2001","decreto_url":"https://www.monumentos.gob.cl/sites/default/files/decretos/ZT_00801_2001_D00116.PDF"}},{"type":"Feature","geometry":{"type":"Point","coordinates":[-73.82663,-41.86535]},"properties":{"nombre":"Entorno a la primera Comisaría de Ancud","region":"Los Lagos","provincia":"Chiloé","comuna":"Ancud","codigo_cmn":"01491_ZT_10202","categoria":"Zona Típica o Pintoresca","tipo_decreto":"Decreto","n_decreto":"535","fecha_decreto":"07-12-2015","decreto_url":"https://www.monumentos.gob.cl/sites/default/files/decretos/MH_01490_2015_D00535.pdf"}},{"type":"Feature","geometry":{"type":"Point","coordinates":[-73.8266,-41.86536]},"properties":{"nombre":"Primera Comisaría de Ancud","region":"Los Lagos","provincia":"Chiloé","comuna":"Ancud","codigo_cmn":"01490_MH_10202","categoria":"Monumento Histórico","tipo_decreto":"Decreto","n_decreto":"535","fecha_decreto":"07-12-2015","decreto_url":"https://www.monumentos.gob.cl/sites/default/files/decretos/MH_01490_2015_D00535.pdf"}},{"type":"Feature","geometry":{"type":"Point","coordinates":[-73.02671,-41.13687]},"properties":{"nombre":"Frutillar Bajo","region":"Los Lagos","provincia":"Llanquihue","comuna":"Frutillar","codigo_cmn":"01339_ZT_10105","categoria":"Zona Típica o Pintoresca","tipo_decreto":"Decreto","n_decreto":"126","fecha_decreto":"02-04-2013","decreto_url":"https://www.monumentos.gob.cl/sites/default/files/decretos/zt_01339_2017_d187.pdf"}},{"type":"Feature","geometry":{"type":"Point","coordinates":[-72.95218,-41.47675]},"properties":{"nombre":"El Barrio Puerto","region":"Los Lagos","provincia":"Llanquihue","comuna":"Puerto Montt","codigo_cmn":"01716_ZT_10101","categoria":"Zona Típica o Pintoresca","tipo_decreto":"Decreto","n_decreto":"21","fecha_decreto":"03-04-2019","decreto_url":"https://www.monumentos.gob.cl/sites/default/files/decretos/zt_01716_2019_d21.pdf"}},{"type":"Feature","geometry":{"type":"Point","coordinates":[-70.33907,-27.36294]},"properties":{"nombre":"Casa Maldini Tornini","region":"Atacama","provincia":"Copiapó","comuna":"Copiapó","codigo_cmn":"01072_MH_03101","categoria":"Monumento Histórico","tipo_decreto":"Decreto Exento","n_decreto":"2656","fecha_decreto":"28-08-2008","decreto_url":"https://www.monumentos.gob.cl/sites/default/files/decretos/MH_01072_2008_D02656.PDF"}},{"type":"Feature","geometry":{"type":"Point","coordinates":[-73.82751,-41.86187]},"properties":{"nombre":"Fuerte San Carlos y Polvorín","region":"Los Lagos","provincia":"Chiloé","comuna":"Ancud","codigo_cmn":"01109_MH_10202","categoria":"Monumento Histórico","tipo_decreto":"Decreto","n_decreto":"16","fecha_decreto":"27-01-2009","decreto_url":"https://www.monumentos.gob.cl/sites/default/files/decretos/MH_01109_2009_D00016.PDF"}},{"type":"Feature","geometry":{"type":"Point","coordinates":[-73.02598,-41.14029]},"properties":{"nombre":"Templo Luterano de Frutillar","region":"Los Lagos","provincia":"Llanquihue","comuna":"Frutillar","codigo_cmn":"01338_MH_10105","categoria":"Monumento Histórico","tipo_decreto":"Decreto","n_decreto":"126","fecha_decreto":"02-04-2013","decreto_url":"https://www.monumentos.gob.cl/sites/default/files/decretos/MH_01338_2013_D00126.pdf"}},{"type":"Feature","geometry":{"type":"Point","coordinates":[-73.70743,-41.74934]},"properties":{"nombre":"Iglesia de Carelmapu","region":"Los Lagos","provincia":"Llanquihue","comuna":"Maullín","codigo_cmn":"00586_MH_10108","categoria":"Monumento Histórico","tipo_decreto":"Decreto Supremo","n_decreto":"78","fecha_decreto":"11-02-1993","decreto_url":"https://www.monumentos.gob.cl/sites/default/files/decretos/MH_00586_2014_D00518.pdf"}},{"type":"Feature","geometry":{"type":"Point","coordinates":[-73.3228,-40.56719]},"properties":{"nombre":"Cementerio de Forrahue","region":"Los Lagos","provincia":"Osorno","comuna":"Osorno","codigo_cmn":"01358_MH_10301","categoria":"Monumento Histórico","tipo_decreto":"Decreto","n_decreto":"125","fecha_decreto":"27-02-2014","decreto_url":"https://www.monumentos.gob.cl/sites/default/files/decretos/MH_01358_2014_D00125.pdf"}},{"type":"Feature","geometry":{"type":"Point","coordinates":[-72.94085,-41.47083]},"properties":{"nombre":"Casa Pauly","region":"Los Lagos","provincia":"Llanquihue","comuna":"Puerto Montt","codigo_cmn":"01148_MH_10101","categoria":"Monumento Histórico","tipo_decreto":"Decreto","n_decreto":"166","fecha_decreto":"14-05-2009","decreto_url":"https://www.monumentos.gob.cl/sites/default/files/decretos/MH_01148_2009_D00166.PDF"}},{"type":"Feature","geometry":{"type":"Point","coordinates":[-73.72665,-42.85678]},"properties":{"nombre":"Corrales de Pesca y Conchales Arqueológicos ubicados en la Isla Chala","region":"Los Lagos","provincia":"Chiloé","comuna":"Quellón","codigo_cmn":"01118_MH_10208","categoria":"Monumento Histórico","tipo_decreto":"Decreto","n_decreto":"40","fecha_decreto":"04-02-2009","decreto_url":"https://www.monumentos.gob.cl/sites/default/files/decretos/MH_01118_2009_D00040.PDF"}},{"type":"Feature","geometry":{"type":"Point","coordinates":[-73.2651,-42.51162]},"properties":{"nombre":"Iglesia de Caguach","region":"Los Lagos","provincia":"Chiloé","comuna":"Quinchao","codigo_cmn":"00798_MH_10210","categoria":"Monumento Histórico","tipo_decreto":"Decreto Exento","n_decreto":"508","fecha_decreto":"13-11-2000","decreto_url":"https://www.monumentos.gob.cl/sites/default/files/decretos/MH_00797_2000_D00508.PDF"}},{"type":"Feature","geometry":{"type":"Point","coordinates":[-72.69717,-45.40579]},"properties":{"nombre":"Oficina de Tierras y Colonización de Puerto Aisén","region":"Aysén del General Carlos Ibáñez del Campo","provincia":"Aisén","comuna":"Aisén","codigo_cmn":"01117_MH_11201","categoria":"Monumento Histórico","tipo_decreto":"Decreto","n_decreto":"36","fecha_decreto":"30-01-2009","decreto_url":"https://www.monumentos.gob.cl/sites/default/files/decretos/MH_01116_2009_D00036.PDF"}},{"type":"Feature","geometry":{"type":"Point","coordinates":[-72.68448,-45.40459]},"properties":{"nombre":"Puente Presidente Ibáñez","region":"Aysén del General Carlos Ibáñez del Campo","provincia":"Aisén","comuna":"Aisén","codigo_cmn":"00818_MH_11201","categoria":"Monumento Histórico","tipo_decreto":"Decreto Exento","n_decreto":"138","fecha_decreto":"26-02-2002","decreto_url":"https://www.monumentos.gob.cl/sites/default/files/decretos/MH_00818_2002_D00138.PDF"}},{"type":"Feature","geometry":{"type":"Point","coordinates":[-71.31394,-44.49538]},"properties":{"nombre":"Casona Fundacional Estancia Alto Río Cisnes","region":"Aysén del General Carlos Ibáñez del Campo","provincia":"Coihaique","comuna":"Lago Verde","codigo_cmn":"01183_MH_11102","categoria":"Monumento Histórico","tipo_decreto":"Decreto","n_decreto":"413","fecha_decreto":"03-11-2009","decreto_url":"https://www.monumentos.gob.cl/sites/default/files/decretos/MH_01178_2009_D00413.PDF"}},{"type":"Feature","geometry":{"type":"Point","coordinates":[-71.93441,-46.29553]},"properties":{"nombre":"Bodegas Portuarias del Río Ibáñez","region":"Aysén del General Carlos Ibáñez del Campo","provincia":"General Carrera","comuna":"Río Ibáñez","codigo_cmn":"01116_MH_11402","categoria":"Monumento Histórico","tipo_decreto":"Decreto","n_decreto":"36","fecha_decreto":"30-01-2009","decreto_url":"https://www.monumentos.gob.cl/sites/default/files/decretos/MH_01116_2009_D00036.PDF"}},{"type":"Feature","geometry":{"type":"Point","coordinates":[-70.89763,-53.15284]},"properties":{"nombre":"Cementerio Municipal de Punta Arenas Sara Braun","region":"Magallanes y de la Antártica Chilena","provincia":"Magallanes","comuna":"Punta Arenas","codigo_cmn":"01313_MH_12101","categoria":"Monumento Histórico","tipo_decreto":"Decreto","n_decreto":"499","fecha_decreto":"26-11-2012","decreto_url":"https://www.monumentos.gob.cl/sites/default/files/decretos/MH_01313_2012_D00499.PDF"}},{"type":"Feature","geometry":{"type":"Point","coordinates":[-70.90981,-53.16157]},"properties":{"nombre":"Edificio de la Dirección Regional de Gendarmería de Punta Arenas","region":"Magallanes y de la Antártica Chilena","provincia":"Magallanes","comuna":"Punta Arenas","codigo_cmn":"01175_MH_12101","categoria":"Monumento Histórico","tipo_decreto":"Decreto","n_decreto":"409","fecha_decreto":"28-10-2009","decreto_url":"https://www.monumentos.gob.cl/sites/default/files/decretos/MH_01175_2009_D00409.PDF"}},{"type":"Feature","geometry":{"type":"Point","coordinates":[-70.90977,-53.1618]},"properties":{"nombre":"Penitenciaría local de Punta Arenas","region":"Magallanes y de la Antártica Chilena","provincia":"Magallanes","comuna":"Punta Arenas","codigo_cmn":"01177_MH_12101","categoria":"Monumento Histórico","tipo_decreto":"Decreto","n_decreto":"409","fecha_decreto":"28-10-2009","decreto_url":"https://www.monumentos.gob.cl/sites/default/files/decretos/MH_01175_2009_D00409.PDF"}},{"type":"Feature","geometry":{"type":"Point","coordinates":[-70.90928,-53.16188]},"properties":{"nombre":"Prefectura de Carabineros de Punta Arenas","region":"Magallanes y de la Antártica Chilena","provincia":"Magallanes","comuna":"Punta Arenas","codigo_cmn":"01176_MH_12101","categoria":"Monumento Histórico","tipo_decreto":"Decreto","n_decreto":"409","fecha_decreto":"28-10-2009","decreto_url":"https://www.monumentos.gob.cl/sites/default/files/decretos/MH_01175_2009_D00409.PDF"}},{"type":"Feature","geometry":{"type":"Point","coordinates":[-72.61413,-40.06948]},"properties":{"nombre":"Casa del Fundo El Llolly","region":"Los Ríos","provincia":"Valdivia","comuna":"Paillaco","codigo_cmn":"01319_MH_14107","categoria":"Monumento Histórico","tipo_decreto":"Decreto","n_decreto":"26","fecha_decreto":"18-01-2013","decreto_url":"https://www.monumentos.gob.cl/sites/default/files/decretos/MH_01319_2013_D00026.PDF"}},{"type":"Feature","geometry":{"type":"Point","coordinates":[-73.1501,-39.60413]},"properties":{"nombre":"Castillo San Luis del Alba de Cruces","region":"Los Ríos","provincia":"Valdivia","comuna":"Mariquina","codigo_cmn":"01108_MH_14106","categoria":"Monumento Histórico","tipo_decreto":"Decreto","n_decreto":"14","fecha_decreto":"27-01-2009","decreto_url":"https://www.monumentos.gob.cl/sites/default/files/decretos/MH_01108_2009_D00014.PDF"}},{"type":"Feature","geometry":{"type":"Point","coordinates":[-72.42483,-46.57012]},"properties":{"nombre":"Campamento Minero Puerto Cristal","region":"Aysén del General Carlos Ibáñez del Campo","provincia":"General Carrera","comuna":"Río Ibáñez","codigo_cmn":"01069_MH_11402","categoria":"Monumento Histórico","tipo_decreto":"Decreto Exento","n_decreto":"2507","fecha_decreto":"05-08-2008","decreto_url":"https://www.monumentos.gob.cl/sites/default/files/decretos/MH_01069_2008_D02507.PDF"}},{"type":"Feature","geometry":{"type":"Point","coordinates":[-72.55468,-44.32614]},"properties":{"nombre":"Casa Ludwig","region":"Aysén del General Carlos Ibáñez del Campo","provincia":"Aisén","comuna":"Cisnes","codigo_cmn":"01267_MH_11202","categoria":"Monumento Histórico","tipo_decreto":"Decreto","n_decreto":"314","fecha_decreto":"06-08-2011","decreto_url":"https://www.monumentos.gob.cl/sites/default/files/decretos/MH_01267_2011_D00314.PDF"}},{"type":"Feature","geometry":{"type":"Point","coordinates":[-72.07134,-45.57049]},"properties":{"nombre":"Escuela Pedro Quintana Mansilla","region":"Aysén del General Carlos Ibáñez del Campo","provincia":"Coihaique","comuna":"Coihaique","codigo_cmn":"00927_MH_11101","categoria":"Monumento Histórico","tipo_decreto":"Decreto Exento","n_decreto":"432","fecha_decreto":"19-04-2005","decreto_url":"https://www.monumentos.gob.cl/sites/default/files/decretos/MH_00927_2005_D00432.PDF"}},{"type":"Feature","geometry":{"type":"Point","coordinates":[-72.15121,-46.14073]},"properties":{"nombre":"Escuela antigua de cerro Castillo","region":"Aysén del General Carlos Ibáñez del Campo","provincia":"General Carrera","comuna":"Río Ibáñez","codigo_cmn":"01051_MH_11402","categoria":"Monumento Histórico","tipo_decreto":"Decreto Exento","n_decreto":"454","fecha_decreto":"05-02-2008","decreto_url":"https://www.monumentos.gob.cl/sites/default/files/decretos/MH_01051_2008_D00454.PDF"}},{"type":"Feature","geometry":{"type":"Point","coordinates":[-67.60413,-54.93498]},"properties":{"nombre":"Casa Stirling","region":"Magallanes y de la Antártica Chilena","provincia":"Antártica Chilena","comuna":"Cabo de Hornos","codigo_cmn":"00862_MH_12201","categoria":"Monumento Histórico","tipo_decreto":"Decreto Exento","n_decreto":"121","fecha_decreto":"27-02-2003","decreto_url":"https://www.monumentos.gob.cl/sites/default/files/decretos/MH_00862_2003_D00121.PDF"}},{"type":"Feature","geometry":{"type":"Point","coordinates":[-67.61042,-54.93399]},"properties":{"nombre":"Casa Naval N° 1","region":"Magallanes y de la Antártica Chilena","provincia":"Antártica Chilena","comuna":"Cabo de Hornos","codigo_cmn":"01260_MH_12201","categoria":"Monumento Histórico","tipo_decreto":"Decreto","n_decreto":"203","fecha_decreto":"01-06-2011","decreto_url":"https://www.monumentos.gob.cl/sites/default/files/decretos/MH_01259_2011_D00203.PDF"}},{"type":"Feature","geometry":{"type":"Point","coordinates":[-75.09076,-52.38684]},"properties":{"nombre":"Faro Evangelistas","region":"Magallanes y de la Antártica Chilena","provincia":"Última Esperanza","comuna":"Natales","codigo_cmn":"01153_MH_12401","categoria":"Monumento Histórico","tipo_decreto":"Decreto","n_decreto":"199","fecha_decreto":"01-06-2009","decreto_url":"https://www.monumentos.gob.cl/sites/default/files/decretos/MH_01151_2009_D00199.PDF"}},{"type":"Feature","geometry":{"type":"Point","coordinates":[-70.97477,-53.78511]},"properties":{"nombre":"Faro San Isidro","region":"Magallanes y de la Antártica Chilena","provincia":"Magallanes","comuna":"Punta Arenas","codigo_cmn":"01151_MH_12101","categoria":"Monumento Histórico","tipo_decreto":"Decreto","n_decreto":"199","fecha_decreto":"01-06-2009","decreto_url":"https://www.monumentos.gob.cl/sites/default/files/decretos/MH_01151_2009_D00199.PDF"}},{"type":"Feature","geometry":{"type":"Point","coordinates":[-68.43139,-52.39489]},"properties":{"nombre":"Faro Dungeness","region":"Magallanes y de la Antártica Chilena","provincia":"Magallanes","comuna":"San Gregorio","codigo_cmn":"01154_MH_12104","categoria":"Monumento Histórico","tipo_decreto":"Decreto","n_decreto":"199","fecha_decreto":"01-06-2009","decreto_url":"https://www.monumentos.gob.cl/sites/default/files/decretos/MH_01151_2009_D00199.PDF"}},{"type":"Feature","geometry":{"type":"Point","coordinates":[-69.54665,-52.45609]},"properties":{"nombre":"Faro Punta Delgada","region":"Magallanes y de la Antártica Chilena","provincia":"Magallanes","comuna":"San Gregorio","codigo_cmn":"01155_MH_12104","categoria":"Monumento Histórico","tipo_decreto":"Decreto","n_decreto":"199","fecha_decreto":"01-06-2009","decreto_url":"https://www.monumentos.gob.cl/sites/default/files/decretos/MH_01151_2009_D00199.PDF"}},{"type":"Feature","geometry":{"type":"Point","coordinates":[-70.90691,-53.15925]},"properties":{"nombre":"Casa de los Derechos Humanos- Residencia Beaulier","region":"Magallanes y de la Antártica Chilena","provincia":"Magallanes","comuna":"Punta Arenas","codigo_cmn":"01513_MH_12101","categoria":"Monumento Histórico","tipo_decreto":"Decreto","n_decreto":"95","fecha_decreto":"11-04-2016","decreto_url":"https://www.monumentos.gob.cl/sites/default/files/decretos/MH_01513_2016_D00095.PDF"}},{"type":"Feature","geometry":{"type":"Point","coordinates":[-72.90528,-39.80908]},"properties":{"nombre":"Ruinas de la Carbonífera de Pupunahue","region":"Los Ríos","provincia":"Valdivia","comuna":"Multiterritorial","codigo_cmn":"01562_MH_MT","categoria":"Monumento Histórico","tipo_decreto":"Decreto","n_decreto":"41","fecha_decreto":"17-02-2017","decreto_url":"https://www.monumentos.gob.cl/sites/default/files/decretos/mh_01562_2017_d00041.pdf"}},{"type":"Feature","geometry":{"type":"Point","coordinates":[-71.81358,-38.04187]},"properties":{"nombre":"Sitio Histórico Matanza de Mulchén: Fundo Carmen y Maitenes","region":"Multiterritorial","provincia":"Multiterritorial","comuna":"Multiterritorial","codigo_cmn":"01622_MH_MT","categoria":"Monumento Histórico","tipo_decreto":"Decreto","n_decreto":"186","fecha_decreto":"18-08-2017","decreto_url":"https://www.monumentos.gob.cl/sites/default/files/decretos/mh_01622_2017_d186.pdf"}},{"type":"Feature","geometry":{"type":"Point","coordinates":[-72.97343,-40.33231]},"properties":{"nombre":"Puente contra N°1","region":"Los Ríos","provincia":"Ranco","comuna":"Río Bueno","codigo_cmn":"01669_MH_14204","categoria":"Monumento Histórico","tipo_decreto":"Decreto","n_decreto":"366","fecha_decreto":"15-11-2017","decreto_url":"https://www.monumentos.gob.cl/sites/default/files/decretos/mh_01669_2017_d366.pdf"}},{"type":"Feature","geometry":{"type":"Point","coordinates":[-72.65758,-40.5593]},"properties":{"nombre":"Puente Chirre","region":"Los Ríos","provincia":"Ranco","comuna":"Río Bueno","codigo_cmn":"01672_MH_14204","categoria":"Monumento Histórico","tipo_decreto":"Decreto","n_decreto":"371","fecha_decreto":"23-11-2017","decreto_url":"https://www.monumentos.gob.cl/sites/default/files/decretos/mh_01672_2017_d371.pdf"}},{"type":"Feature","geometry":{"type":"Point","coordinates":[-73.26331,-39.81303]},"properties":{"nombre":"Sitio de Memoria Complejo Penitenciario ex Cárcel de Isla Teja","region":"Los Ríos","provincia":"Valdivia","comuna":"Valdivia","codigo_cmn":"01701_MH_14101","categoria":"Monumento Histórico","tipo_decreto":"Decreto","n_decreto":"97","fecha_decreto":"28-02-2018","decreto_url":"https://www.monumentos.gob.cl/sites/default/files/decretos/mh_01701_2018_d97.pdf"}},{"type":"Feature","geometry":{"type":"Point","coordinates":[-67.61351,-54.93454]},"properties":{"nombre":"Ex Comandancia del Distrito Naval Beagle","region":"Magallanes y de la Antártica Chilena","provincia":"Antártica Chilena","comuna":"Cabo de Hornos","codigo_cmn":"01259_MH_12201","categoria":"Monumento Histórico","tipo_decreto":"Decreto","n_decreto":"203","fecha_decreto":"01-06-2011","decreto_url":"https://www.monumentos.gob.cl/sites/default/files/decretos/MH_01259_2011_D00203.PDF"}},{"type":"Feature","geometry":{"type":"Point","coordinates":[-71.93985,-39.84627]},"properties":{"nombre":"Conjunto de Bienes Pertenecientes al Desarrollo del Complejo Forestal y Maderero Panguipulli","region":"Los Ríos","provincia":"Valdivia","comuna":"Panguipulli","codigo_cmn":"01730_MH_14108","categoria":"Monumento Histórico","tipo_decreto":"Decreto","n_decreto":"32","fecha_decreto":"07-06-2019","decreto_url":"https://www.monumentos.gob.cl/sites/default/files/decretos/mh_01730_2019_d32_do.pdf"}},{"type":"Feature","geometry":{"type":"Point","coordinates":[-71.94484,-39.84796]},"properties":{"nombre":"Conjunto de Bienes Pertenecientes al Desarrollo del Complejo Forestal y Maderero Panguipulli","region":"Los Ríos","provincia":"Valdivia","comuna":"Panguipulli","codigo_cmn":"01731_MH_14108","categoria":"Monumento Histórico","tipo_decreto":"Decreto","n_decreto":"32","fecha_decreto":"07-06-2019","decreto_url":"https://www.monumentos.gob.cl/sites/default/files/decretos/mh_01730_2019_d32_do.pdf"}},{"type":"Feature","geometry":{"type":"Point","coordinates":[-71.94049,-39.84868]},"properties":{"nombre":"Conjunto de Bienes Pertenecientes al Desarrollo del Complejo Forestal y Maderero Panguipulli","region":"Los Ríos","provincia":"Valdivia","comuna":"Panguipulli","codigo_cmn":"01732_MH_14108","categoria":"Monumento Histórico","tipo_decreto":"Decreto","n_decreto":"32","fecha_decreto":"07-06-2019","decreto_url":"https://www.monumentos.gob.cl/sites/default/files/decretos/mh_01730_2019_d32_do.pdf"}},{"type":"Feature","geometry":{"type":"Point","coordinates":[-71.94621,-39.84903]},"properties":{"nombre":"Conjunto de Bienes Pertenecientes al Desarrollo del Complejo Forestal y Maderero Panguipulli","region":"Los Ríos","provincia":"Valdivia","comuna":"Panguipulli","codigo_cmn":"01733_MH_14108","categoria":"Monumento Histórico","tipo_decreto":"Decreto","n_decreto":"32","fecha_decreto":"07-06-2019","decreto_url":"https://www.monumentos.gob.cl/sites/default/files/decretos/mh_01730_2019_d32_do.pdf"}},{"type":"Feature","geometry":{"type":"Point","coordinates":[-73.2129,-40.79502]},"properties":{"nombre":"Casa Salazar Alcázar","region":"Los Lagos","provincia":"Osorno","comuna":"Río Negro","codigo_cmn":"01304_MH_10305","categoria":"Monumento Histórico","tipo_decreto":"Decreto","n_decreto":"418","fecha_decreto":"28-09-2012","decreto_url":"https://www.monumentos.gob.cl/sites/default/files/decretos/MH_01304_2012_D00418.pdf"}},{"type":"Feature","geometry":{"type":"Point","coordinates":[-71.94598,-39.84842]},"properties":{"nombre":"Conjunto de Bienes Pertenecientes al Desarrollo del Complejo Forestal y Maderero Panguipulli","region":"Los Ríos","provincia":"Valdivia","comuna":"Panguipulli","codigo_cmn":"01736_MH_14108","categoria":"Monumento Histórico","tipo_decreto":"Decreto","n_decreto":"32","fecha_decreto":"07-06-2019","decreto_url":"https://www.monumentos.gob.cl/sites/default/files/decretos/mh_01730_2019_d32_do.pdf"}},{"type":"Feature","geometry":{"type":"Point","coordinates":[-71.92502,-39.81614]},"properties":{"nombre":"Conjunto de Bienes Pertenecientes al Desarrollo del Complejo Forestal y Maderero Panguipulli","region":"Los Ríos","provincia":"Valdivia","comuna":"Panguipulli","codigo_cmn":"01737_MH_14108","categoria":"Monumento Histórico","tipo_decreto":"Decreto","n_decreto":"32","fecha_decreto":"07-06-2019","decreto_url":"https://www.monumentos.gob.cl/sites/default/files/decretos/mh_01730_2019_d32_do.pdf"}},{"type":"Feature","geometry":{"type":"Point","coordinates":[-71.93833,-39.82735]},"properties":{"nombre":"Conjunto de Bienes Pertenecientes al Desarrollo del Complejo Forestal y Maderero Panguipulli","region":"Los Ríos","provincia":"Valdivia","comuna":"Panguipulli","codigo_cmn":"01738_MH_14108","categoria":"Monumento Histórico","tipo_decreto":"Decreto","n_decreto":"32","fecha_decreto":"07-06-2019","decreto_url":"https://www.monumentos.gob.cl/sites/default/files/decretos/mh_01730_2019_d32_do.pdf"}},{"type":"Feature","geometry":{"type":"Point","coordinates":[-71.96416,-39.83873]},"properties":{"nombre":"Conjunto de Bienes Pertenecientes al Desarrollo del Complejo Forestal y Maderero Panguipulli","region":"Los Ríos","provincia":"Valdivia","comuna":"Panguipulli","codigo_cmn":"01739_MH_14108","categoria":"Monumento Histórico","tipo_decreto":"Decreto","n_decreto":"32","fecha_decreto":"07-06-2019","decreto_url":"https://www.monumentos.gob.cl/sites/default/files/decretos/mh_01730_2019_d32_do.pdf"}},{"type":"Feature","geometry":{"type":"Point","coordinates":[-71.94839,-39.8513]},"properties":{"nombre":"Conjunto de Bienes Pertenecientes al Desarrollo del Complejo Forestal y Maderero Panguipulli","region":"Los Ríos","provincia":"Valdivia","comuna":"Panguipulli","codigo_cmn":"01742_MH_14108","categoria":"Monumento Histórico","tipo_decreto":"Decreto","n_decreto":"32","fecha_decreto":"07-06-2019","decreto_url":"https://www.monumentos.gob.cl/sites/default/files/decretos/mh_01730_2019_d32_do.pdf"}},{"type":"Feature","geometry":{"type":"Point","coordinates":[-71.84326,-39.80913]},"properties":{"nombre":"Conjunto de Bienes Pertenecientes al Desarrollo del Complejo Forestal y Maderero Panguipulli","region":"Los Ríos","provincia":"Valdivia","comuna":"Panguipulli","codigo_cmn":"01743_MH_14108","categoria":"Monumento Histórico","tipo_decreto":"Decreto","n_decreto":"32","fecha_decreto":"07-06-2019","decreto_url":"https://www.monumentos.gob.cl/sites/default/files/decretos/mh_01730_2019_d32_do.pdf"}},{"type":"Feature","geometry":{"type":"Point","coordinates":[-72.38336,-42.5614]},"properties":{"nombre":"Parque Pumalín","region":"Los Lagos","provincia":"Multiterritorial","comuna":"Multiterritorial","codigo_cmn":"00957_SN_MT","categoria":"Santuario de la Naturaleza","tipo_decreto":"Decreto Exento","n_decreto":"1137","fecha_decreto":"19-08-2005","decreto_url":"https://www.monumentos.gob.cl/sites/default/files/decretos/SN_00957_2005_D01137.PDF"}},{"type":"Feature","geometry":{"type":"Point","coordinates":[-73.42582,-39.88891]},"properties":{"nombre":"Castillo San Sebastián de la Cruz","region":"Los Ríos","provincia":"Valdivia","comuna":"Corral","codigo_cmn":"00015_MH_14102","categoria":"Monumento Histórico","tipo_decreto":"Decreto Supremo","n_decreto":"3869","fecha_decreto":"14-06-1950","decreto_url":"https://www.monumentos.gob.cl/sites/default/files/decretos/ZT_01245_2010_D00467.PDF"}},{"type":"Feature","geometry":{"type":"Point","coordinates":[-73.51621,-42.60274]},"properties":{"nombre":"Entorno del Monumento Histórico de la Iglesia Nuestra Señora del Rosario de Chelín","region":"Los Lagos","provincia":"Chiloé","comuna":"Castro","codigo_cmn":"01538_ZT_10201","categoria":"Zona Típica o Pintoresca","tipo_decreto":"Decreto","n_decreto":"278","fecha_decreto":"03-10-2016","decreto_url":"https://www.monumentos.gob.cl/sites/default/files/decretos/ZT_01538_2016_D00278.PDF"}},{"type":"Feature","geometry":{"type":"Point","coordinates":[-73.51609,-42.60146]},"properties":{"nombre":"Iglesia de Chelín","region":"Los Lagos","provincia":"Chiloé","comuna":"Castro","codigo_cmn":"00797_MH_10201","categoria":"Monumento Histórico","tipo_decreto":"Decreto Exento","n_decreto":"508","fecha_decreto":"13-11-2000","decreto_url":"https://www.monumentos.gob.cl/sites/default/files/decretos/MH_00797_2000_D00508.PDF"}},{"type":"Feature","geometry":{"type":"Point","coordinates":[-73.42555,-39.88876]},"properties":{"nombre":"Entorno Castillo San Sebastián de la Cruz","region":"Los Ríos","provincia":"Valdivia","comuna":"Corral","codigo_cmn":"01245_ZT_14101","categoria":"Zona Típica o Pintoresca","tipo_decreto":"Decreto","n_decreto":"467","fecha_decreto":"25-11-2010","decreto_url":"https://www.monumentos.gob.cl/sites/default/files/decretos/ZT_01245_2010_D00467.PDF"}},{"type":"Feature","geometry":{"type":"Point","coordinates":[-73.56234,-47.78072]},"properties":{"nombre":"Isla de Los Muertos","region":"Aysén del General Carlos Ibáñez del Campo","provincia":"Capitán Prat","comuna":"Tortel","codigo_cmn":"00805_MH_11303","categoria":"Monumento Histórico","tipo_decreto":"Decreto Exento","n_decreto":"281","fecha_decreto":"23-05-2001","decreto_url":"https://www.monumentos.gob.cl/sites/default/files/decretos/MH_00805_2001_D00281.PDF"}},{"type":"Feature","geometry":{"type":"Point","coordinates":[-72.79342,-40.47682]},"properties":{"nombre":"Complejo religioso y ceremonial indígena mapuche de Nolgyehue ó Nolguehue, Eltuwe (cementerio) y Menoko","region":"Los Ríos","provincia":"Ranco","comuna":"Río Bueno","codigo_cmn":"00896_MH_14204","categoria":"Monumento Histórico","tipo_decreto":"Decreto Exento","n_decreto":"65","fecha_decreto":"02-02-2004","decreto_url":"https://www.monumentos.gob.cl/sites/default/files/decretos/MH_00894_2004_D00065.PDF"}},{"type":"Feature","geometry":{"type":"Point","coordinates":[-73.37441,-42.33202]},"properties":{"nombre":"Pueblo de Tenaún","region":"Los Lagos","provincia":"Chiloé","comuna":"Dalcahue","codigo_cmn":"00912_ZT_10205","categoria":"Zona Típica o Pintoresca","tipo_decreto":"Decreto Exento","n_decreto":"944","fecha_decreto":"05-11-2004","decreto_url":"https://www.monumentos.gob.cl/sites/default/files/decretos/ZT_00912_2004_D00944.PDF"}},{"type":"Feature","geometry":{"type":"Point","coordinates":[-73.20434,-41.50471]},"properties":{"nombre":"Sector Predio Monte Verde","region":"Los Lagos","provincia":"Llanquihue","comuna":"Puerto Montt","codigo_cmn":"01049_MH_10101","categoria":"Monumento Histórico","tipo_decreto":"Decreto Exento","n_decreto":"425","fecha_decreto":"25-01-2008","decreto_url":"https://www.monumentos.gob.cl/sites/default/files/decretos/MH_01049_2008_D00425.PDF"}},{"type":"Feature","geometry":{"type":"Point","coordinates":[-74.12989,-52.94773]},"properties":{"nombre":"Faro Bahía Félix","region":"Magallanes y de la Antártica Chilena","provincia":"Magallanes","comuna":"Punta Arenas","codigo_cmn":"01152_MH_12101","categoria":"Monumento Histórico","tipo_decreto":"Decreto","n_decreto":"199","fecha_decreto":"01-06-2009","decreto_url":"https://www.monumentos.gob.cl/sites/default/files/decretos/MH_01151_2009_D00199.PDF"}},{"type":"Feature","geometry":{"type":"Point","coordinates":[-73.24805,-39.81294]},"properties":{"nombre":"Feria Fluvial de Valdivia y su entorno","region":"Los Ríos","provincia":"Valdivia","comuna":"Valdivia","codigo_cmn":"01184_ZT_14101","categoria":"Zona Típica o Pintoresca","tipo_decreto":"Decreto","n_decreto":"414","fecha_decreto":"04-11-2009","decreto_url":"https://www.monumentos.gob.cl/sites/default/files/decretos/ZT_01184_2009_D00414.PDF"}},{"type":"Feature","geometry":{"type":"Point","coordinates":[-73.24667,-39.81733]},"properties":{"nombre":"Casa de la Memoria de los Derechos Humanos de Valdivia","region":"Los Ríos","provincia":"Valdivia","comuna":"Valdivia","codigo_cmn":"01572_MH_14101","categoria":"Monumento Histórico","tipo_decreto":"Decreto","n_decreto":"120","fecha_decreto":"15-06-2017","decreto_url":"https://www.monumentos.gob.cl/sites/default/files/decretos/mh_01572_2017_d120.pdf"}},{"type":"Feature","geometry":{"type":"Point","coordinates":[-72.95574,-40.33349]},"properties":{"nombre":"Casa Furniel","region":"Los Ríos","provincia":"Ranco","comuna":"Río Bueno","codigo_cmn":"01297_MH_14201","categoria":"Monumento Histórico","tipo_decreto":"Decreto","n_decreto":"404","fecha_decreto":"24-09-2012","decreto_url":"https://www.monumentos.gob.cl/sites/default/files/decretos/MH_01297_2012_D00404.PDF"}},{"type":"Feature","geometry":{"type":"Point","coordinates":[-72.95423,-40.33165]},"properties":{"nombre":"Casa Peters","region":"Los Ríos","provincia":"Ranco","comuna":"Río Bueno","codigo_cmn":"01399_MH_14204","categoria":"Monumento Histórico","tipo_decreto":"Decreto","n_decreto":"36","fecha_decreto":"29-01-2015","decreto_url":"https://www.monumentos.gob.cl/sites/default/files/decretos/MH_01399_2015_D00036.pdf"}},{"type":"Feature","geometry":{"type":"Point","coordinates":[-72.95646,-40.33787]},"properties":{"nombre":"Casa Machmar","region":"Los Ríos","provincia":"Ranco","comuna":"Río Bueno","codigo_cmn":"01315_MH_14204","categoria":"Monumento Histórico","tipo_decreto":"Decreto","n_decreto":"527","fecha_decreto":"07-12-2012","decreto_url":"https://www.monumentos.gob.cl/sites/default/files/decretos/MH_01315_2012_D00527.PDF"}},{"type":"Feature","geometry":{"type":"Point","coordinates":[-72.77526,-39.45279]},"properties":{"nombre":"Teatro Galia","region":"Los Ríos","provincia":"Valdivia","comuna":"Lanco","codigo_cmn":"01317_MH_14103","categoria":"Monumento Histórico","tipo_decreto":"Decreto","n_decreto":"45","fecha_decreto":"23-01-2013","decreto_url":"https://www.monumentos.gob.cl/sites/default/files/decretos/MH_01317_2013_D00045.PDF"}},{"type":"Feature","geometry":{"type":"Point","coordinates":[-72.9488,-39.66501]},"properties":{"nombre":"Casa de la Cultura de Máfil, ex Casa Fehlandt","region":"Los Ríos","provincia":"Valdivia","comuna":"Máfil","codigo_cmn":"01398_MH_14105","categoria":"Monumento Histórico","tipo_decreto":"Decreto","n_decreto":"490","fecha_decreto":"05-12-2014","decreto_url":"https://www.monumentos.gob.cl/sites/default/files/decretos/MH_01398_2014_D00490.pdf"}},{"type":"Feature","geometry":{"type":"Point","coordinates":[-72.9496,-39.66529]},"properties":{"nombre":"Estación Ferroviaria de Máfil","region":"Los Ríos","provincia":"Valdivia","comuna":"Máfil","codigo_cmn":"01671_MH_14105","categoria":"Monumento Histórico","tipo_decreto":"Decreto","n_decreto":"344","fecha_decreto":"31-10-2017"}},{"type":"Feature","geometry":{"type":"Point","coordinates":[-72.81204,-39.86298]},"properties":{"nombre":"Conjunto Ferroviario de Collilelfu","region":"Los Ríos","provincia":"Valdivia","comuna":"Los Lagos","codigo_cmn":"01350_ZT_14104","categoria":"Zona Típica o Pintoresca","tipo_decreto":"Decreto","n_decreto":"333","fecha_decreto":"06-06-2013","decreto_url":"https://www.monumentos.gob.cl/sites/default/files/decretos/MH_01348_2013_D00333.pdf"}},{"type":"Feature","geometry":{"type":"Point","coordinates":[-72.81109,-39.86271]},"properties":{"nombre":"Estación de Collilelfu","region":"Los Ríos","provincia":"Valdivia","comuna":"Los Lagos","codigo_cmn":"01348_MH_14104","categoria":"Monumento Histórico","tipo_decreto":"Decreto","n_decreto":"333","fecha_decreto":"06-06-2013","decreto_url":"https://www.monumentos.gob.cl/sites/default/files/decretos/MH_01348_2013_D00333.pdf"}},{"type":"Feature","geometry":{"type":"Point","coordinates":[-72.81361,-39.86419]},"properties":{"nombre":"Puente Collilelfu","region":"Los Ríos","provincia":"Valdivia","comuna":"Los Lagos","codigo_cmn":"01349_MH_14104","categoria":"Monumento Histórico","tipo_decreto":"Decreto","n_decreto":"333","fecha_decreto":"06-06-2013","decreto_url":"https://www.monumentos.gob.cl/sites/default/files/decretos/MH_01348_2013_D00333.pdf"}},{"type":"Feature","geometry":{"type":"Point","coordinates":[-73.50427,-42.3332]},"properties":{"nombre":"Entorno de la Iglesia de San Juan Bautista de San Juan","region":"Los Lagos","provincia":"Chiloé","comuna":"Dalcahue","codigo_cmn":"01354_ZT_10205","categoria":"Zona Típica o Pintoresca","tipo_decreto":"Decreto","n_decreto":"603","fecha_decreto":"13-12-2013","decreto_url":"https://www.monumentos.gob.cl/sites/default/files/decretos/ZT_01354_2013_D00603.pdf"}},{"type":"Feature","geometry":{"type":"Point","coordinates":[-72.83312,-39.99069]},"properties":{"nombre":"Iglesia Nuestra Señora de Lourdes de Reumén","region":"Los Ríos","provincia":"Valdivia","comuna":"Paillaco","codigo_cmn":"01686_MH_14107","categoria":"Monumento Histórico","tipo_decreto":"Decreto","n_decreto":"57","fecha_decreto":"16-02-2018","decreto_url":"https://www.monumentos.gob.cl/sites/default/files/decretos/i_1799-18_d_57_16.02._2018_opt.pdf"}},{"type":"Feature","geometry":{"type":"Point","coordinates":[-73.04481,-47.52766]},"properties":{"nombre":"Paso San Carlos","region":"Aysén del General Carlos Ibáñez del Campo","provincia":"Capitán Prat","comuna":"Cochrane","codigo_cmn":"01378_MH_11301","categoria":"Monumento Histórico","tipo_decreto":"Decreto","n_decreto":"290","fecha_decreto":"02-07-2014","decreto_url":"https://www.monumentos.gob.cl/sites/default/files/decretos/MH_01378_2014_D00290.pdf"}},{"type":"Feature","geometry":{"type":"Point","coordinates":[-72.78608,-41.84387]},"properties":{"nombre":"Iglesia de San Nicolás de Tolentino","region":"Los Lagos","provincia":"Palena","comuna":"Hualaihué","codigo_cmn":"01620_MH_10403","categoria":"Monumento Histórico","tipo_decreto":"Decreto","n_decreto":"172","fecha_decreto":"08-08-2017","decreto_url":"https://www.monumentos.gob.cl/sites/default/files/decretos/d172_mh_iglesia_de_san_nicolas_de_tolentino.pdf"}},{"type":"Feature","geometry":{"type":"Point","coordinates":[-69.08621,-52.57851]},"properties":{"nombre":"Bahía Lomas","region":"Magallanes y de la Antártica Chilena","provincia":"Tierra del Fuego","comuna":"Primavera","codigo_cmn":"01752_SN_12302","categoria":"Santuario de la Naturaleza","tipo_decreto":"Decreto Supremo","n_decreto":"16","fecha_decreto":"11-06-2019","decreto_url":"https://www.monumentos.gob.cl/sites/default/files/decretos/sn_bahia_lomas.pdf"}},{"type":"Feature","geometry":{"type":"Point","coordinates":[-70.57623,-32.62207]},"properties":{"nombre":"El Zaino - Laguna El Copín","region":"Valparaíso","provincia":"San Felipe de Aconcagua","comuna":"Santa María","codigo_cmn":"01748_SN_05706","categoria":"Santuario de la Naturaleza","tipo_decreto":"Decreto","n_decreto":"10","fecha_decreto":"04-06-2019","decreto_url":"https://www.monumentos.gob.cl/sites/default/files/decretos/sn_el_zaino_laguna_el_copin.pdf"}},{"type":"Feature","geometry":{"type":"Point","coordinates":[-71.62656,-33.62154]},"properties":{"nombre":"Humedal Río Maipo","region":"Valparaíso","provincia":"San Antonio","comuna":"Multiterritorial","codigo_cmn":"01754_SN_MT","categoria":"Santuario de la Naturaleza","tipo_decreto":"Decreto Supremo","n_decreto":"1","fecha_decreto":"27-01-2020","decreto_url":"https://www.monumentos.gob.cl/sites/default/files/decretos/ds_mma_sn_humedal_rio_maipo.pdf"}},{"type":"Feature","geometry":{"type":"Point","coordinates":[-71.48909,-32.16868]},"properties":{"nombre":"Cerro Santa Inés","region":"Multiterritorial","provincia":"Multiterritorial","comuna":"Multiterritorial","codigo_cmn":"01753_SN_MT","categoria":"Santuario de la Naturaleza","tipo_decreto":"Decreto Supremo","n_decreto":"9","fecha_decreto":"04-06-2019","decreto_url":"https://www.monumentos.gob.cl/sites/default/files/decretos/ds_mma_sn_cerro_santa_ines.pdf"}},{"type":"Feature","geometry":{"type":"Point","coordinates":[-71.81657,-34.44498]},"properties":{"nombre":"Túnel El Árbol del Ramal de Ferrocarriles de San Fernando-Pichilemu","region":"Libertador General Bernardo O'Higgins","provincia":"Cardenal Caro","comuna":"Multiterritorial","codigo_cmn":"00589_MH_MT","categoria":"Monumento Histórico","tipo_decreto":"Decreto Supremo","n_decreto":"192","fecha_decreto":"13-04-1993","decreto_url":"https://www.monumentos.gob.cl/sites/default/files/decretos/MH_00587_1993_D00192.PDF"}},{"type":"Feature","geometry":{"type":"Point","coordinates":[-71.65018,-35.43414]},"properties":{"nombre":"Ramal ferroviario Talca - Constitución, Tornamesa de Talca","region":"Maule","provincia":"Talca","comuna":"Talca","codigo_cmn":"01411_MH_07101","categoria":"Monumento Histórico","tipo_decreto":"Decreto Exento","n_decreto":"1030","fecha_decreto":"25-05-2007","decreto_url":"https://www.monumentos.gob.cl/sites/default/files/decretos/MH_01027_2007_D01030.PDF"}},{"type":"Feature","geometry":{"type":"Point","coordinates":[-71.65008,-35.43638]},"properties":{"nombre":"Ramal ferroviario Talca - Constitución, Paso Superior Moya","region":"Maule","provincia":"Talca","comuna":"Talca","codigo_cmn":"01412_MH_07101","categoria":"Monumento Histórico","tipo_decreto":"Decreto Exento","n_decreto":"1030","fecha_decreto":"25-05-2007","decreto_url":"https://www.monumentos.gob.cl/sites/default/files/decretos/MH_01027_2007_D01030.PDF"}},{"type":"Feature","geometry":{"type":"Point","coordinates":[-71.65058,-35.44028]},"properties":{"nombre":"Ramal ferroviario Talca - Constitución, Puente Estero Piduco","region":"Maule","provincia":"Talca","comuna":"Talca","codigo_cmn":"01413_MH_07101","categoria":"Monumento Histórico","tipo_decreto":"Decreto Exento","n_decreto":"1030","fecha_decreto":"25-05-2007","decreto_url":"https://www.monumentos.gob.cl/sites/default/files/decretos/MH_01027_2007_D01030.PDF"}},{"type":"Feature","geometry":{"type":"Point","coordinates":[-71.65187,-35.44986]},"properties":{"nombre":"Ramal ferroviario Talca - Constitución, Puente Canal El Molino","region":"Maule","provincia":"Talca","comuna":"Talca","codigo_cmn":"01414_MH_07101","categoria":"Monumento Histórico","tipo_decreto":"Decreto Exento","n_decreto":"1030","fecha_decreto":"25-05-2007","decreto_url":"https://www.monumentos.gob.cl/sites/default/files/decretos/MH_01027_2007_D01030.PDF"}},{"type":"Feature","geometry":{"type":"Point","coordinates":[-71.64961,-35.42955]},"properties":{"nombre":"Ramal ferroviario Talca - Constitución, Estación Ferrocarriles de Talca","region":"Maule","provincia":"Talca","comuna":"Talca","codigo_cmn":"01410_MH_07101","categoria":"Monumento Histórico","tipo_decreto":"Decreto Exento","n_decreto":"1030","fecha_decreto":"25-05-2007","decreto_url":"https://www.monumentos.gob.cl/sites/default/files/decretos/MH_01027_2007_D01030.PDF"}},{"type":"Feature","geometry":{"type":"Point","coordinates":[-71.65237,-35.45483]},"properties":{"nombre":"Ramal ferroviario Talca - Constitución, Puente El Parrón 1","region":"Maule","provincia":"Talca","comuna":"Talca","codigo_cmn":"01415_MH_07101","categoria":"Monumento Histórico","tipo_decreto":"Decreto Exento","n_decreto":"1030","fecha_decreto":"25-05-2007","decreto_url":"https://www.monumentos.gob.cl/sites/default/files/decretos/MH_01027_2007_D01030.PDF"}},{"type":"Feature","geometry":{"type":"Point","coordinates":[-72.69569,-36.48005]},"properties":{"nombre":"Puente viejo sobre el Río Itata","region":"Ñuble","provincia":"Itata","comuna":"Multiterritorial","codigo_cmn":"00594_MH_MT","categoria":"Monumento Histórico","tipo_decreto":"Decreto Supremo","n_decreto":"634","fecha_decreto":"10-09-1993","decreto_url":"https://www.monumentos.gob.cl/sites/default/files/decretos/MH_00594_2013_D00536.pdf"}},{"type":"Feature","geometry":{"type":"Point","coordinates":[-70.6324,-33.42203]},"properties":{"nombre":"Segunda Cumbre del Parque Metropolitano de Santiago","region":"Metropolitana de Santiago","provincia":"Santiago","comuna":"Recoleta","codigo_cmn":"01277_MH_13127","categoria":"Monumento Histórico","tipo_decreto":"Decreto","n_decreto":"352","fecha_decreto":"03-09-2010","decreto_url":"https://www.monumentos.gob.cl/sites/default/files/decretos/MH_01239_2010_D00352.PDF"}},{"type":"Feature","geometry":{"type":"Point","coordinates":[-70.6236,-33.41585]},"properties":{"nombre":"Entorno del Mural obra de María Martner y de Juan O'Gorman del Balneario Tupahue","region":"Metropolitana de Santiago","provincia":"Santiago","comuna":"Multiterritorial","codigo_cmn":"01493_ZT_MT","categoria":"Zona Típica o Pintoresca","tipo_decreto":"Decreto","n_decreto":"536","fecha_decreto":"07-12-2015","decreto_url":"https://www.monumentos.gob.cl/sites/default/files/decretos/MH_01492_2015_D00536.pdf"}},{"type":"Feature","geometry":{"type":"Point","coordinates":[-70.64982,-33.41554]},"properties":{"nombre":"Casco Histórico del Cementerio General","region":"Metropolitana de Santiago","provincia":"Santiago","comuna":"Multiterritorial","codigo_cmn":"01228_MH_MT","categoria":"Monumento Histórico","tipo_decreto":"Decreto","n_decreto":"72","fecha_decreto":"29-01-2010","decreto_url":"https://www.monumentos.gob.cl/sites/default/files/decretos/MH_01228_2010_D00072.PDF"}},{"type":"Feature","geometry":{"type":"Point","coordinates":[-71.68957,-33.43844]},"properties":{"nombre":"Sector costero de Isla Negra","region":"Valparaíso","provincia":"San Antonio","comuna":"Multiterritorial","codigo_cmn":"00687_ZT_MT","categoria":"Zona Típica o Pintoresca","tipo_decreto":"Decreto Exento","n_decreto":"1187","fecha_decreto":"15-12-1997","decreto_url":"https://www.monumentos.gob.cl/sites/default/files/decretos/ZT_00687_2012_D00364.pdf"}},{"type":"Feature","geometry":{"type":"Point","coordinates":[-71.15509,-32.16058]},"properties":{"nombre":"Túnel Las Palmas","region":"Multiterritorial","provincia":"Multiterritorial","comuna":"Multiterritorial","codigo_cmn":"01249_MH_MT","categoria":"Monumento Histórico","tipo_decreto":"Decreto","n_decreto":"127","fecha_decreto":"23-03-2011","decreto_url":"https://www.monumentos.gob.cl/sites/default/files/decretos/MH_01249_2011_D00127.PDF"}},{"type":"Feature","geometry":{"type":"Point","coordinates":[-73.19208,-39.70374]},"properties":{"nombre":"Río Cruces y Chorocomayo, zona húmeda de los alrededores de la ciudad de Valdivia","region":"Los Ríos","provincia":"Valdivia","comuna":"Multiterritorial","codigo_cmn":"00287_SN_MT","categoria":"Santuario de la Naturaleza","tipo_decreto":"Decreto Supremo","n_decreto":"2734","fecha_decreto":"03-06-1981","decreto_url":"https://www.monumentos.gob.cl/sites/default/files/decretos/SN_00287_1981_D02734.PDF"}},{"type":"Feature","geometry":{"type":"Point","coordinates":[-72.9536,-40.32819]},"properties":{"nombre":"Puente Carlos Ibáñez del Campo","region":"Los Ríos","provincia":"Ranco","comuna":"Multiterritorial","codigo_cmn":"01670_MH_MT","categoria":"Monumento Histórico","tipo_decreto":"Decreto","n_decreto":"367","fecha_decreto":"15-11-2017","decreto_url":"https://www.monumentos.gob.cl/sites/default/files/decretos/mh_01670_2017_d367.pdf"}},{"type":"Feature","geometry":{"type":"Point","coordinates":[-73.28072,-37.89776]},"properties":{"nombre":"El Natri","region":"Biobío","provincia":"Arauco","comuna":"Contulmo","codigo_cmn":"01751_SN_08204","categoria":"Santuario de la Naturaleza","tipo_decreto":"Decreto Supremo","n_decreto":"29","fecha_decreto":"23-09-2019","decreto_url":"https://www.monumentos.gob.cl/sites/default/files/decretos/ds_mma_sn_el_natri.pdf"}},{"type":"Feature","geometry":{"type":"Point","coordinates":[-73.82289,-41.87138]},"properties":{"nombre":"Iglesia San Francisco de Ancud","region":"Los Lagos","provincia":"Chiloé","comuna":"Ancud","codigo_cmn":"01747_MH_10202","categoria":"Monumento Histórico","tipo_decreto":"Decreto","n_decreto":"48","fecha_decreto":"21-08-2019","decreto_url":"https://www.monumentos.gob.cl/sites/default/files/decretos/decreto-iglesia-de-ancud.pdf"}},{"type":"Feature","geometry":{"type":"Point","coordinates":[-71.14085,-28.08915]},"properties":{"nombre":"Humedal Costero Carrizal Bajo","region":"Atacama","provincia":"Huasco","comuna":"Huasco","codigo_cmn":"01755_SN_03304","categoria":"Santuario de la Naturaleza","tipo_decreto":"Decreto Exento","n_decreto":"39","fecha_decreto":"20-11-2019","decreto_url":"https://www.monumentos.gob.cl/sites/default/files/decretos/sn_humedal_costero_carrizal_bajo.pdf"}},{"type":"Feature","geometry":{"type":"Point","coordinates":[-73.92797,-42.09371]},"properties":{"nombre":"Humedales de la Cuenca de Chepu","region":"Los Lagos","provincia":"Chiloé","comuna":"Multiterritorial","codigo_cmn":"01756_SN_MT","categoria":"Santuario de la Naturaleza","tipo_decreto":"Decreto Exento","n_decreto":"3","fecha_decreto":"27-01-2020","decreto_url":"https://www.monumentos.gob.cl/sites/default/files/decretos/sn_humedales_de_la_cuenca_chepu_1.pdf"}},{"type":"Feature","geometry":{"type":"Point","coordinates":[-70.06412,-20.22225]},"properties":{"nombre":"El Asentamiento Minero San Agustín de Huantajaya","region":"Tarapacá","provincia":"Iquique","comuna":"Alto Hospicio","codigo_cmn":"01757_MH_01107","categoria":"Monumento Histórico","tipo_decreto":"Decreto Supremo","n_decreto":"25","fecha_decreto":"23-12-2020","decreto_url":"https://www.monumentos.gob.cl/sites/default/files/decretos/mh_01757_2020_d00025.pdf"}},{"type":"Feature","geometry":{"type":"Point","coordinates":[-71.41538,-32.37161]},"properties":{"nombre":"Humedal Salinas de Pullally - Dunas de Longotoma","region":"Valparaíso","provincia":"Petorca","comuna":"Multiterritorial","codigo_cmn":"01758_SN_MT","categoria":"Santuario de la Naturaleza","tipo_decreto":"Decreto Supremo","n_decreto":"4","fecha_decreto":"27-01-2020","decreto_url":"https://www.monumentos.gob.cl/sites/default/files/decretos/decreto-4_10-feb-2021_longotoma.pdf"}},{"type":"Feature","geometry":{"type":"Point","coordinates":[-73.54991,-42.33519]},"properties":{"nombre":"Iglesia Nuestra Señora del Carmen de Quetalco","region":"Los Lagos","provincia":"Chiloé","comuna":"Dalcahue","codigo_cmn":"01759_MH_10205","categoria":"Monumento Histórico","tipo_decreto":"Decreto Supremo","n_decreto":"4","fecha_decreto":"09-02-2021","decreto_url":"https://www.monumentos.gob.cl/sites/default/files/decretos/d4_feb_2021_mh_iglesia_de_quetalco.pd_.pdf"}},{"type":"Feature","geometry":{"type":"Point","coordinates":[-73.76786,-42.43628]},"properties":{"nombre":"Iglesia Nuestra Señora de Lourdes de Llau Llao","region":"Los Lagos","provincia":"Chiloé","comuna":"Castro","codigo_cmn":"01760_MH_10201","categoria":"Monumento Histórico","tipo_decreto":"Decreto Supremo","n_decreto":"10","fecha_decreto":"02-06-2021","decreto_url":"https://www.monumentos.gob.cl/sites/default/files/decretos/ds_mh_iglesia_nuestra_senorade_llau_llao.pdf"}},{"type":"Feature","geometry":{"type":"Point","coordinates":[-71.12967,-35.30337]},"properties":{"nombre":"Los Maitenes del Río Claro","region":"Maule","provincia":"Multiterritorial","comuna":"Multiterritorial","codigo_cmn":"01761_SN_MT","categoria":"Santuario de la Naturaleza","tipo_decreto":"Decreto Supremo","n_decreto":"8","fecha_decreto":"17-04-2020","decreto_url":"https://www.monumentos.gob.cl/sites/default/files/decretos/do_ds_sn_los_maitenes_del_rio_claro.pdf"}},{"type":"Feature","geometry":{"type":"Point","coordinates":[-73.07136,-36.81912]},"properties":{"nombre":"El Mausoleo Familiar de don Pedro del Río Zañartu","region":"Biobío","provincia":"Concepción","comuna":"Concepción","codigo_cmn":"01762_MH_08101","categoria":"Monumento Histórico","tipo_decreto":"Decreto Supremo","n_decreto":"2","fecha_decreto":"20-01-2021"}},{"type":"Feature","geometry":{"type":"Point","coordinates":[-70.64382,-33.44234]},"properties":{"nombre":"Mural Paso Bajo Nivel Santa Lucía","region":"Metropolitana de Santiago","provincia":"Santiago","comuna":"Santiago","codigo_cmn":"01763_MH_13101","categoria":"Monumento Histórico","tipo_decreto":"Decreto Supremo","n_decreto":"11","fecha_decreto":"25-06-2021"}},{"type":"Feature","geometry":{"type":"Point","coordinates":[-70.39999,-23.56386]},"properties":{"nombre":"Aguada La Chimba","region":"Antofagasta","provincia":"Antofagasta","comuna":"Antofagasta","codigo_cmn":"01765_SN_02101","categoria":"Santuario de la Naturaleza","tipo_decreto":"Decreto Supremo","n_decreto":"14","fecha_decreto":"01-04-2021","decreto_url":"https://www.monumentos.gob.cl/sites/default/files/decretos/decreto-14_12-ago-2021.pdf"}},{"type":"Feature","geometry":{"type":"Point","coordinates":[-71.99125,-34.10458]},"properties":{"nombre":"Piedra del Viento y Topocalma","region":"Libertador General Bernardo O'Higgins","provincia":"Cardenal Caro","comuna":"Litueche","codigo_cmn":"01767_SN_06203","categoria":"Santuario de la Naturaleza","tipo_decreto":"Decreto Supremo","n_decreto":"10","fecha_decreto":"02-03-2021","decreto_url":"https://www.monumentos.gob.cl/sites/default/files/decretos/decreto-10_06-sep-2021_0.pdf"}},{"type":"Feature","geometry":{"type":"Point","coordinates":[-72.75162,-41.52069]},"properties":{"nombre":"Parque Katalapi","region":"Los Lagos","provincia":"Llanquihue","comuna":"Puerto Montt","codigo_cmn":"01766_SN_10101","categoria":"Santuario de la Naturaleza","tipo_decreto":"Decreto Supremo","n_decreto":"37","fecha_decreto":"22-12-2020","decreto_url":"https://www.monumentos.gob.cl/sites/default/files/decretos/sn_01766_2020_d37_do.pdf"}},{"type":"Feature","geometry":{"type":"Point","coordinates":[-72.54004,-36.59789]},"properties":{"nombre":"Puente Ñipas","region":"Ñuble","provincia":"Itata","comuna":"Multiterritorial","codigo_cmn":"01768_MH_MT","categoria":"Monumento Histórico","tipo_decreto":"Decreto Supremo","n_decreto":"24","fecha_decreto":"25-08-2021"}},{"type":"Feature","geometry":{"type":"Point","coordinates":[-71.06849,-27.83374]},"properties":{"nombre":"Humedal Costero de Totoral","region":"Atacama","provincia":"Copiapó","comuna":"Copiapó","codigo_cmn":"01769_SN_03101","categoria":"Santuario de la Naturaleza","tipo_decreto":"Decreto Supremo","n_decreto":"13","fecha_decreto":"01-04-2021"}},{"type":"Feature","geometry":{"type":"Point","coordinates":[-71.30827,-29.3157]},"properties":{"nombre":"Humedal La Boca","region":"Coquimbo","provincia":"Elqui","comuna":"La Higuera","codigo_cmn":"01771_SN_04104","categoria":"Santuario de la Naturaleza","tipo_decreto":"Decreto Supremo","n_decreto":"27","fecha_decreto":"02-07-2021","decreto_url":"https://www.monumentos.gob.cl/sites/default/files/decretos/decreto-27_17-nov-2021.pdf"}},{"type":"Feature","geometry":{"type":"Point","coordinates":[-70.83066,-33.20744]},"properties":{"nombre":"Laguna de Batuco","region":"Metropolitana de Santiago","provincia":"Chacabuco","comuna":"Lampa","codigo_cmn":"01770_SN_13302","categoria":"Santuario de la Naturaleza","tipo_decreto":"Decreto Supremo","n_decreto":"20","fecha_decreto":"25-05-2021","decreto_url":"https://www.monumentos.gob.cl/sites/default/files/decretos/sn_01770_2021_d20_do.pdf"}},{"type":"Feature","geometry":{"type":"Point","coordinates":[-70.61298,-33.42259]},"properties":{"nombre":"Teatro Oriente","region":"Metropolitana de Santiago","provincia":"Santiago","comuna":"Providencia","codigo_cmn":"01773_MH_13123","categoria":"Monumento Histórico","tipo_decreto":"Decreto Supremo","n_decreto":"34","fecha_decreto":"11-11-2021","decreto_url":"https://www.monumentos.gob.cl/sites/default/files/decretos/mh_01773_2021_d34.pdf"}},{"type":"Feature","geometry":{"type":"Point","coordinates":[-73.82462,-41.86685]},"properties":{"nombre":"Ex Estación de Ancud","region":"Los Lagos","provincia":"Chiloé","comuna":"Ancud","codigo_cmn":"01774_MH_10202","categoria":"Monumento Histórico","tipo_decreto":"Decreto Supremo","n_decreto":"3","fecha_decreto":"07-01-2022","decreto_url":"https://www.monumentos.gob.cl/sites/default/files/decretos/mh_bienes_ffcc_chiloe.pdf"}},{"type":"Feature","geometry":{"type":"Point","coordinates":[-73.76197,-42.23446]},"properties":{"nombre":"Puente Ferroviario sobre el río Butalcura","region":"Los Lagos","provincia":"Chiloé","comuna":"Multiterritorial","codigo_cmn":"01775_MH_MT","categoria":"Monumento Histórico","tipo_decreto":"Decreto Supremo","n_decreto":"3","fecha_decreto":"07-01-2022","decreto_url":"https://www.monumentos.gob.cl/sites/default/files/decretos/mh_bienes_ffcc_chiloe.pdf"}},{"type":"Feature","geometry":{"type":"Point","coordinates":[-73.0715,-36.81902]},"properties":{"nombre":"El Mausoleo de la Familia Castellón","region":"Biobío","provincia":"Concepción","comuna":"Concepción","codigo_cmn":"01777_MH_08101","categoria":"Monumento Histórico","tipo_decreto":"Decreto Supremo","n_decreto":"4","fecha_decreto":"07-01-2022","decreto_url":"https://www.monumentos.gob.cl/sites/default/files/decretos/mh_mausoleo_fmlia_castellon_do_2022.pdf"}},{"type":"Feature","geometry":{"type":"Point","coordinates":[-73.61267,-42.58446]},"properties":{"nombre":"Entorno del Monumento Histórico Iglesia de Aldachildo","region":"Los Lagos","provincia":"Chiloé","comuna":"Puqueldón","codigo_cmn":"01778_ZT_10206","categoria":"Zona Típica o Pintoresca","tipo_decreto":"Decreto Supremo","n_decreto":"9","fecha_decreto":"28-01-2022","decreto_url":"https://www.monumentos.gob.cl/sites/default/files/decretos/zt_01778_2022_d9_do.pdf"}},{"type":"Feature","geometry":{"type":"Point","coordinates":[-73.16171,-39.8914]},"properties":{"nombre":"Humedales de Angachilla","region":"Los Ríos","provincia":"Valdivia","comuna":"Valdivia","codigo_cmn":"01779_SN_14101","categoria":"Santuario de la Naturaleza","tipo_decreto":"Decreto Supremo","n_decreto":"28","fecha_decreto":"02-07-2021","decreto_url":"https://www.monumentos.gob.cl/sites/default/files/decretos/decreto-42_03-mar-2022.pdf"}},{"type":"Feature","geometry":{"type":"Point","coordinates":[-73.10624,-36.85197]},"properties":{"nombre":"Laguna Grande - Humedal Los Batros","region":"Biobío","provincia":"Concepción","comuna":"San Pedro de la Paz","codigo_cmn":"01780_SN_08108","categoria":"Santuario de la Naturaleza","tipo_decreto":"Decreto Supremo","n_decreto":"42","fecha_decreto":"06-10-2021","decreto_url":"https://www.monumentos.gob.cl/sites/default/files/decretos/decreto-42_03-mar-2022.pdf"}},{"type":"Feature","geometry":{"type":"Point","coordinates":[-73.52974,-42.17499]},"properties":{"nombre":"Turberas de Aucar","region":"Los Lagos","provincia":"Chiloé","comuna":"Quemchi","codigo_cmn":"01781_SN_10209","categoria":"Santuario de la Naturaleza","tipo_decreto":"Decreto Supremo","n_decreto":"32","fecha_decreto":"06-09-2021","decreto_url":"https://www.monumentos.gob.cl/sites/default/files/decretos/do_sn_turbera_aucar.pdf"}},{"type":"Feature","geometry":{"type":"Point","coordinates":[-73.62813,-43.13655]},"properties":{"nombre":"Turberas de Punta Lapa","region":"Los Lagos","provincia":"Chiloé","comuna":"Quellón","codigo_cmn":"01782_SN_10208","categoria":"Santuario de la Naturaleza","tipo_decreto":"Decreto Supremo","n_decreto":"33","fecha_decreto":"06-09-2021","decreto_url":"https://www.monumentos.gob.cl/sites/default/files/decretos/do_sn_punta_lapa.pdf"}},{"type":"Feature","geometry":{"type":"Point","coordinates":[-73.83025,-42.75535]},"properties":{"nombre":"Turberas de Púlpito","region":"Los Lagos","provincia":"Chiloé","comuna":"Chonchi","codigo_cmn":"01783_SN_10203","categoria":"Santuario de la Naturaleza","tipo_decreto":"Decreto Supremo","n_decreto":"34","fecha_decreto":"06-09-2021","decreto_url":"https://www.monumentos.gob.cl/sites/default/files/decretos/do_sn_pulpito.pdf"}},{"type":"Feature","geometry":{"type":"Point","coordinates":[-72.78524,-35.97315]},"properties":{"nombre":"Arcos de Calán","region":"Maule","provincia":"Cauquenes","comuna":"Pelluhue","codigo_cmn":"01784_SN_07203","categoria":"Santuario de la Naturaleza","tipo_decreto":"Decreto Supremo","n_decreto":"54","fecha_decreto":"30-11-2021","decreto_url":"https://www.monumentos.gob.cl/sites/default/files/decretos/sn_01784_2022_d54_do.pdf"}},{"type":"Feature","geometry":{"type":"Point","coordinates":[-70.2579,-30.33308]},"properties":{"nombre":"Río Cochiguaz","region":"Coquimbo","provincia":"Elqui","comuna":"Paiguano","codigo_cmn":"01785_SN_04105","categoria":"Santuario de la Naturaleza","tipo_decreto":"Decreto Supremo","n_decreto":"55","fecha_decreto":"21-12-2021","decreto_url":"https://www.monumentos.gob.cl/sites/default/files/decretos/decreto-55_30-mar-2022.pdf"}},{"type":"Feature","geometry":{"type":"Point","coordinates":[-72.95258,-45.17139]},"properties":{"nombre":"Meullín-Puye","region":"Aysén del General Carlos Ibáñez del Campo","provincia":"Aisén","comuna":"Aisén","codigo_cmn":"01786_SN_11201","categoria":"Santuario de la Naturaleza","tipo_decreto":"Decreto Supremo","n_decreto":"30","fecha_decreto":"10-11-2020","decreto_url":"https://www.monumentos.gob.cl/sites/default/files/decretos/sn_01786_2020_d30_do_1.pdf"}},{"type":"Feature","geometry":{"type":"Point","coordinates":[-71.65461,-33.28634]},"properties":{"nombre":"Playa Tunquén-Quebrada Seca","region":"Valparaíso","provincia":"Multiterritorial","comuna":"Multiterritorial","codigo_cmn":"01787_SN_MT","categoria":"Santuario de la Naturaleza","tipo_decreto":"Decreto Supremo","n_decreto":"43","fecha_decreto":"12-10-2021","decreto_url":"https://www.monumentos.gob.cl/sites/default/files/decretos/decreto-43_21-abr-2022.pdf"}},{"type":"Feature","geometry":{"type":"Point","coordinates":[-73.36842,-41.51908]},"properties":{"nombre":"Humedales del Río Maullín","region":"Los Lagos","provincia":"Llanquihue","comuna":"Multiterritorial","codigo_cmn":"01788_SN_MT","categoria":"Santuario de la Naturaleza","tipo_decreto":"Decreto Supremo","n_decreto":"2","fecha_decreto":"06-01-2022","decreto_url":"https://www.monumentos.gob.cl/sites/default/files/decretos/decreto-2_21-abr-2022.pdf"}},{"type":"Feature","geometry":{"type":"Point","coordinates":[-73.33961,-39.83028]},"properties":{"nombre":"Humedal de Cutipay","region":"Los Ríos","provincia":"Valdivia","comuna":"Valdivia","codigo_cmn":"01790_SN_14101","categoria":"Santuario de la Naturaleza","tipo_decreto":"Decreto Supremo","n_decreto":"10","fecha_decreto":"25-01-2022","decreto_url":"https://www.monumentos.gob.cl/sites/default/files/decretos/decreto-10_21-abr-2022.pdf"}},{"type":"Feature","geometry":{"type":"Point","coordinates":[-72.85513,-36.38802]},"properties":{"nombre":"Humedal Desembocadura del Río Itata","region":"Ñuble","provincia":"Itata","comuna":"Multiterritorial","codigo_cmn":"01789_SN_MT","categoria":"Santuario de la Naturaleza","tipo_decreto":"Decreto Supremo","n_decreto":"8","fecha_decreto":"13-01-2022","decreto_url":"https://www.monumentos.gob.cl/sites/default/files/decretos/decreto-8_21-abr-2022.pdf"}},{"type":"Feature","geometry":{"type":"Point","coordinates":[-71.67356,-30.72966]},"properties":{"nombre":"Desembocadura Río Limarí","region":"Coquimbo","provincia":"Limarí","comuna":"Ovalle","codigo_cmn":"01791_SN_04301","categoria":"Santuario de la Naturaleza","tipo_decreto":"Decreto Supremo","n_decreto":"56","fecha_decreto":"21-12-2021","decreto_url":"https://www.monumentos.gob.cl/sites/default/files/decretos/decreto-56_22-abr-2022.pdf"}},{"type":"Feature","geometry":{"type":"Point","coordinates":[-73.29036,-37.23391]},"properties":{"nombre":"Humedal Arauco-Desembocadura Río Carampangue","region":"Biobío","provincia":"Arauco","comuna":"Arauco","codigo_cmn":"01821_SN_08202","categoria":"Santuario de la Naturaleza","tipo_decreto":"Decreto Supremo","n_decreto":"31","fecha_decreto":"10-11-2020","decreto_url":"https://www.monumentos.gob.cl/sites/default/files/decretos/decreto-31_13-may-2022.pdf"}},{"type":"Feature","geometry":{"type":"Point","coordinates":[-70.9188,-27.32088]},"properties":{"nombre":"Desembocadura Río Copiapó","region":"Atacama","provincia":"Copiapó","comuna":"Caldera","codigo_cmn":"01823_SN_03102","categoria":"Santuario de la Naturaleza","tipo_decreto":"Decreto Supremo","n_decreto":"12","fecha_decreto":"27-01-2022","decreto_url":"https://www.monumentos.gob.cl/sites/default/files/decretos/decreto-12_16-may-2022.pdf"}},{"type":"Feature","geometry":{"type":"Point","coordinates":[-73.13802,-39.83876]},"properties":{"nombre":"Llancahue","region":"Los Ríos","provincia":"Valdivia","comuna":"Valdivia","codigo_cmn":"01822_SN_14101","categoria":"Santuario de la Naturaleza","tipo_decreto":"Decreto Supremo","n_decreto":"29","fecha_decreto":"02-07-2021","decreto_url":"https://www.monumentos.gob.cl/sites/default/files/decretos/decreto-29_16-may-2022.pdf"}},{"type":"Feature","geometry":{"type":"Point","coordinates":[-70.31815,-18.47994]},"properties":{"nombre":"Ruinas del Hospital y Convento San Juan de Dios","region":"Arica y Parinacota","provincia":"Arica","comuna":"Arica","codigo_cmn":"01824_MH_15101","categoria":"Monumento Histórico","tipo_decreto":"Decreto Supremo","n_decreto":"31","fecha_decreto":"13-05-2022","decreto_url":"https://www.monumentos.gob.cl/sites/default/files/decretos/decreto_mh_ruinas_del_hospital_y_convento_san_juan_de_dios_do.pdf"}},{"type":"Feature","geometry":{"type":"Point","coordinates":[-72.43529,-38.52893]},"properties":{"nombre":"Casa del Poeta Jorge Teillier","region":"La Araucanía","provincia":"Cautín","comuna":"Lautaro","codigo_cmn":"01825_MH_09108","categoria":"Monumento Histórico","tipo_decreto":"Decreto Supremo","n_decreto":"30","fecha_decreto":"13-05-2022"}},{"type":"Feature","geometry":{"type":"Point","coordinates":[-71.17499,-35.56464]},"properties":{"nombre":"Iglesia San Luis de Gonzaga de Vilches","region":"Maule","provincia":"Talca","comuna":"San Clemente","codigo_cmn":"01826_MH_07109","categoria":"Monumento Histórico","tipo_decreto":"Decreto Supremo","n_decreto":"15","fecha_decreto":"08-03-2022"}},{"type":"Feature","geometry":{"type":"Point","coordinates":[-72.62309,-38.83332]},"properties":{"nombre":"Santuario de la Virgen del Tránsito de Metrenco","region":"La Araucanía","provincia":"Cautín","comuna":"Padre Las Casas","codigo_cmn":"01827_MH_09112","categoria":"Monumento Histórico","tipo_decreto":"Decreto Supremo","n_decreto":"16","fecha_decreto":"08-03-2022"}},{"type":"Feature","geometry":{"type":"Point","coordinates":[-70.66506,-33.43733]},"properties":{"nombre":"Iglesia Corpus Domini","region":"Metropolitana de Santiago","provincia":"Santiago","comuna":"Santiago","codigo_cmn":"01828_MH_13101","categoria":"Monumento Histórico","tipo_decreto":"Decreto Supremo","n_decreto":"17","fecha_decreto":"08-03-2022"}},{"type":"Feature","geometry":{"type":"Point","coordinates":[-70.60475,-33.41911]},"properties":{"nombre":"Sitio de Memoria Centro Clandestino de Detención Subterráneo del ex Hospital Militar de Santiago","region":"Metropolitana de Santiago","provincia":"Santiago","comuna":"Providencia","codigo_cmn":"01829_MH_13123","categoria":"Monumento Histórico","tipo_decreto":"Decreto Supremo","n_decreto":"20","fecha_decreto":"09-03-2022"}},{"type":"Feature","geometry":{"type":"Point","coordinates":[-73.60932,-42.43856]},"properties":{"nombre":"Humedal Bahía Curaco de Vélez","region":"Los Lagos","provincia":"Chiloé","comuna":"Curaco de Vélez","codigo_cmn":"01833_SN_10204","categoria":"Santuario de la Naturaleza","tipo_decreto":"Decreto Supremo","n_decreto":"22","fecha_decreto":"17-06-2021","decreto_url":"https://www.monumentos.gob.cl/sites/default/files/decretos/decreto-22_26-jul-2022_1.pdf"}},{"type":"Feature","geometry":{"type":"Point","coordinates":[-73.41905,-42.54799]},"properties":{"nombre":"Humedal Bahía de Quinchao","region":"Los Lagos","provincia":"Chiloé","comuna":"Quinchao","codigo_cmn":"01834_SN_10210","categoria":"Santuario de la Naturaleza","tipo_decreto":"Decreto Supremo","n_decreto":"23","fecha_decreto":"17-06-2021","decreto_url":"https://www.monumentos.gob.cl/sites/default/files/decretos/decreto-23_26-jul-2022.pdf"}},{"type":"Feature","geometry":{"type":"Point","coordinates":[-73.73918,-42.43112]},"properties":{"nombre":"Humedal Costero de Putemún","region":"Los Lagos","provincia":"Chiloé","comuna":"Castro","codigo_cmn":"01835_SN_10201","categoria":"Santuario de la Naturaleza","tipo_decreto":"Decreto Supremo","n_decreto":"14","fecha_decreto":"01-03-2022","decreto_url":"https://www.monumentos.gob.cl/sites/default/files/decretos/decreto-14_26-jul-2022.pdf"}},{"type":"Feature","geometry":{"type":"Point","coordinates":[-73.98891,-42.66741]},"properties":{"nombre":"Lagos Huillinco y Cucao","region":"Los Lagos","provincia":"Chiloé","comuna":"Chonchi","codigo_cmn":"01836_SN_10203","categoria":"Santuario de la Naturaleza","tipo_decreto":"Decreto Supremo","n_decreto":"24","fecha_decreto":"17-06-2021","decreto_url":"https://www.monumentos.gob.cl/sites/default/files/decretos/2165041.pdf"}},{"type":"Feature","geometry":{"type":"Point","coordinates":[-73.97218,-41.87507]},"properties":{"nombre":"Humedal costero y Laguna Quilo","region":"Los Lagos","provincia":"Chiloé","comuna":"Ancud","codigo_cmn":"01837_SN_10202","categoria":"Santuario de la Naturaleza","tipo_decreto":"Decreto Supremo","n_decreto":"21","fecha_decreto":"17-06-2021","decreto_url":"https://www.monumentos.gob.cl/sites/default/files/decretos/decreto-21_16-ago-2022.pdf"}},{"type":"Feature","geometry":{"type":"Point","coordinates":[-72.99717,-40.38388]},"properties":{"nombre":"Sitio de Memoria y Memorial Puente Pilmaiquén","region":"Multiterritorial","provincia":"Multiterritorial","comuna":"Multiterritorial","codigo_cmn":"01839_MH_MT","categoria":"Monumento Histórico","tipo_decreto":"Decreto Supremo","n_decreto":"38","fecha_decreto":"19-07-2022","decreto_url":"https://www.monumentos.gob.cl/sites/default/files/decretos/mh_01840_2022_d40_do.pdf"}},{"type":"Feature","geometry":{"type":"Point","coordinates":[-70.29748,-22.83325]},"properties":{"nombre":"Itata Gualaguala","region":"Antofagasta","provincia":"Antofagasta","comuna":"Mejillones","codigo_cmn":"01838_SN_02102","categoria":"Santuario de la Naturaleza","tipo_decreto":"Decreto Supremo","n_decreto":"43","fecha_decreto":"09-04-2022","decreto_url":"https://www.monumentos.gob.cl/sites/default/files/decretos/decreto-43_16-ago-2022.pdf"}},{"type":"Feature","geometry":{"type":"Point","coordinates":[-73.76349,-42.48208]},"properties":{"nombre":"Casco Histórico de la ciudad de Castro","region":"Los Lagos","provincia":"Chiloé","comuna":"Castro","codigo_cmn":"01832_ZT_10201","categoria":"Zona Típica o Pintoresca","tipo_decreto":"Decreto Supremo","n_decreto":"33","fecha_decreto":"18-05-2022","decreto_url":"https://www.monumentos.gob.cl/sites/default/files/decretos/zt_01832_2022_d33_do.pdf"}},{"type":"Feature","geometry":{"type":"Point","coordinates":[-70.38932,-23.64035]},"properties":{"nombre":"Conjunto Patio Sur del Ferrocarril Antofagasta Bolivia","region":"Antofagasta","provincia":"Antofagasta","comuna":"Antofagasta","codigo_cmn":"01841_ZT_02101","categoria":"Zona Típica o Pintoresca","tipo_decreto":"Decreto","n_decreto":"40","fecha_decreto":"17-08-2022","decreto_url":"https://www.monumentos.gob.cl/sites/default/files/decretos/mh_01840_2022_d40_do.pdf"}},{"type":"Feature","geometry":{"type":"Point","coordinates":[-70.38939,-23.64205]},"properties":{"nombre":"Estación Valdivia del Ferrocarril Antofagasta Bolivia","region":"Antofagasta","provincia":"Antofagasta","comuna":"Antofagasta","codigo_cmn":"01840_MH_02101","categoria":"Monumento Histórico","tipo_decreto":"Decreto","n_decreto":"40","fecha_decreto":"17-08-2022","decreto_url":"https://www.monumentos.gob.cl/sites/default/files/decretos/mh_01840_2022_d40_do.pdf"}},{"type":"Feature","geometry":{"type":"Point","coordinates":[-71.82445,-36.13991]},"properties":{"nombre":"Sitio de Memoria Cuartel de la Brigada de Inteligencia Regional Sur de la Dirección de Inteligencia Nacional (DINA)","region":"Maule","provincia":"Linares","comuna":"Parral","codigo_cmn":"01842_MH_07404","categoria":"Monumento Histórico","tipo_decreto":"Decreto Supremo","n_decreto":"41","fecha_decreto":"19-08-2022"}},{"type":"Feature","geometry":{"type":"Point","coordinates":[-70.62913,-33.4434]},"properties":{"nombre":"Casa de Elena Caffarena Morice","region":"Metropolitana de Santiago","provincia":"Santiago","comuna":"Providencia","codigo_cmn":"01843_MH_13123","categoria":"Monumento Histórico","tipo_decreto":"Decreto","n_decreto":"73","fecha_decreto":"07-12-2022","decreto_url":"https://www.monumentos.gob.cl/sites/default/files/decretos/decreto_73-2022_subsecretaria_de_las_culturas_y_las_artes.pdf"}},{"type":"Feature","geometry":{"type":"Point","coordinates":[-70.58716,-33.53722]},"properties":{"nombre":"Sitio de Memoria ex Centro Clandestino de Detención y Tortura Nido 18","region":"Metropolitana de Santiago","provincia":"Santiago","comuna":"La Florida","codigo_cmn":"01844_MH_13110","categoria":"Monumento Histórico","tipo_decreto":"Decreto Supremo","n_decreto":"6","fecha_decreto":"26-01-2023"}},{"type":"Feature","geometry":{"type":"Point","coordinates":[-72.70118,-45.4109]},"properties":{"nombre":"Sitio de Memoria Cuartel N°2 de Carabineros de Puerto Aysén","region":"Aysén del General Carlos Ibáñez del Campo","provincia":"Aisén","comuna":"Aisén","codigo_cmn":"01845_MH_11201","categoria":"Monumento Histórico","tipo_decreto":"Decreto Supremo","n_decreto":"35","fecha_decreto":"03-06-2022"}},{"type":"Feature","geometry":{"type":"Point","coordinates":[-72.93551,-41.47238]},"properties":{"nombre":"Sitio de Memoria ex Cuartel de la Policía de Investigaciones Egaña 60","region":"Los Lagos","provincia":"Llanquihue","comuna":"Puerto Montt","codigo_cmn":"01851_MH_10101","categoria":"Monumento Histórico","tipo_decreto":"Decreto Supremo","n_decreto":"1","fecha_decreto":"10-01-2023"}},{"type":"Feature","geometry":{"type":"Point","coordinates":[-70.64718,-33.51201]},"properties":{"nombre":"Sitio de Memoria Casa Santa Fe 725","region":"Metropolitana de Santiago","provincia":"Santiago","comuna":"San Miguel","codigo_cmn":"01849_MH_13130","categoria":"Monumento Histórico","tipo_decreto":"Decreto Supremo","n_decreto":"7","fecha_decreto":"02-03-2023"}},{"type":"Feature","geometry":{"type":"Point","coordinates":[-71.03761,-34.70144]},"properties":{"nombre":"Hospital de Mercedes de Chimbarongo","region":"Libertador General Bernardo O'Higgins","provincia":"Colchagua","comuna":"Chimbarongo","codigo_cmn":"01850_MH_06303","categoria":"Monumento Histórico","tipo_decreto":"Decreto Supremo","n_decreto":"9","fecha_decreto":"09-03-2023"}},{"type":"Feature","geometry":{"type":"Point","coordinates":[-71.27449,-32.98642]},"properties":{"nombre":"Avenida Urmeneta y el Parque Brasil de Limache","region":"Valparaíso","provincia":"Marga Marga","comuna":"Limache","codigo_cmn":"01852_ZT_05802","categoria":"Zona Típica o Pintoresca","tipo_decreto":"Decreto Supremo","n_decreto":"20","fecha_decreto":"22-05-2023","decreto_url":"https://www.monumentos.gob.cl/sites/default/files/decretos/i_3317-23_decreto_mincap_ndeg_20-23_opt-1.pdf"}},{"type":"Feature","geometry":{"type":"Point","coordinates":[-70.14963,-20.3673]},"properties":{"nombre":"Oasis de Niebla Punta Gruesa","region":"Tarapacá","provincia":"Iquique","comuna":"Iquique","codigo_cmn":"01853_SN_01101","categoria":"Santuario de la Naturaleza","tipo_decreto":"Decreto Supremo","n_decreto":"2","fecha_decreto":"18-01-2023","decreto_url":"https://www.monumentos.gob.cl/sites/default/files/decretos/ds_sn_oasis_de_niebla_punta_gruesa.pdf"}},{"type":"Feature","geometry":{"type":"Point","coordinates":[-70.3203,-18.48172]},"properties":{"nombre":"Sitio de Memoria ex Cárcel de Arica","region":"Arica y Parinacota","provincia":"Arica","comuna":"Arica","codigo_cmn":"01854_MH_15101","categoria":"Monumento Histórico","tipo_decreto":"Decreto Supremo","n_decreto":"27","fecha_decreto":"10-08-2023"}},{"type":"Feature","geometry":{"type":"Point","coordinates":[-70.20974,-19.59395]},"properties":{"nombre":"Sitio de Memoria ex Campo de Prisioneros de Pisagua","region":"Tarapacá","provincia":"Tamarugal","comuna":"Huara","codigo_cmn":"01856_MH_01404","categoria":"Monumento Histórico","tipo_decreto":"Decreto Supremo","n_decreto":"32","fecha_decreto":"24-08-2023"}},{"type":"Feature","geometry":{"type":"Point","coordinates":[-70.31844,-27.37325]},"properties":{"nombre":"Sitio de Memoria Regimiento Militar de Infantería Motorizada Nº 23, ex Recinto Nº1 de Ingenieros","region":"Atacama","provincia":"Copiapó","comuna":"Copiapó","codigo_cmn":"01860_MH_03101","categoria":"Monumento Histórico","tipo_decreto":"Decreto Supremo","n_decreto":"37","fecha_decreto":"14-09-2023"}},{"type":"Feature","geometry":{"type":"Point","coordinates":[-71.22819,-29.90898]},"properties":{"nombre":"Sitio de Memoria Fosa Cementerio General de La Serena","region":"Coquimbo","provincia":"Elqui","comuna":"La Serena","codigo_cmn":"01858_MH_04101","categoria":"Monumento Histórico","tipo_decreto":"Decreto Supremo","n_decreto":"34","fecha_decreto":"24-08-2023"}},{"type":"Feature","geometry":{"type":"Point","coordinates":[-70.633,-33.51262]},"properties":{"nombre":"Sitio de Memoria Casa Varas Mena N°417","region":"Metropolitana de Santiago","provincia":"Santiago","comuna":"San Joaquín","codigo_cmn":"01861_MH_13129","categoria":"Monumento Histórico","tipo_decreto":"Decreto Supremo","n_decreto":"38","fecha_decreto":"07-09-2023"}},{"type":"Feature","geometry":{"type":"Point","coordinates":[-71.13482,-33.40508]},"properties":{"nombre":"Sitio de Memoria ex Retén de Carabineros de Curacaví","region":"Metropolitana de Santiago","provincia":"Melipilla","comuna":"Curacaví","codigo_cmn":"01857_MH_13503","categoria":"Monumento Histórico","tipo_decreto":"Decreto Supremo","n_decreto":"33","fecha_decreto":"24-08-2023"}},{"type":"Feature","geometry":{"type":"Point","coordinates":[-72.21633,-36.57489]},"properties":{"nombre":"Sitio de Memoria Memorial Puente El Ala","region":"Ñuble","provincia":"Punilla","comuna":"San Nicolás","codigo_cmn":"01859_MH_16305","categoria":"Monumento Histórico","tipo_decreto":"Decreto Supremo","n_decreto":"35","fecha_decreto":"24-08-2023"}},{"type":"Feature","geometry":{"type":"Point","coordinates":[-71.6605,-35.42312]},"properties":{"nombre":"Sitio de Memoria ex Recinto Dina - CNI, 4 Oriente 1470, Talca","region":"Maule","provincia":"Talca","comuna":"Talca","codigo_cmn":"01855_MH_07101","categoria":"Monumento Histórico","tipo_decreto":"Decreto Supremo","n_decreto":"31","fecha_decreto":"24-08-2023"}},{"type":"Feature","geometry":{"type":"Point","coordinates":[-70.8859,-53.14173]},"properties":{"nombre":"Sitio de Memoria Estadio Fiscal de Punta Arenas","region":"Magallanes y de la Antártica Chilena","provincia":"Magallanes","comuna":"Punta Arenas","codigo_cmn":"01862_MH_12101","categoria":"Monumento Histórico","tipo_decreto":"Decreto Supremo","n_decreto":"42","fecha_decreto":"20-09-2023"}},{"type":"Feature","geometry":{"type":"Point","coordinates":[-71.66288,-33.35973]},"properties":{"nombre":"Iglesia de La Candelaria","region":"Valparaíso","provincia":"San Antonio","comuna":"Algarrobo","codigo_cmn":"00410_MH_05602","categoria":"Monumento Histórico","tipo_decreto":"Decreto Supremo","n_decreto":"79","fecha_decreto":"25-02-1986","decreto_url":"https://www.monumentos.gob.cl/sites/default/files/decretos/MH_00410_1986_D00079.PDF"}},{"type":"Feature","geometry":{"type":"Point","coordinates":[-71.66354,-33.36024]},"properties":{"nombre":"Sector de Algarrobo ubicado en el Entorno de La Parroquia la Candelaria","region":"Valparaíso","provincia":"San Antonio","comuna":"Algarrobo","codigo_cmn":"00502_ZT_05602","categoria":"Zona Típica o Pintoresca","tipo_decreto":"Decreto Supremo","n_decreto":"568","fecha_decreto":"07-06-1990","decreto_url":"https://www.monumentos.gob.cl/sites/default/files/decretos/ZT_00502_1990_D00568.PDF"}},{"type":"Feature","geometry":{"type":"Point","coordinates":[-73.1101,-36.8162]},"properties":{"nombre":"Humedal Desembocadura río Biobío","region":"Biobío","provincia":"Multiterritorial","comuna":"Multiterritorial","codigo_cmn":"01867_SN_MT","categoria":"Santuario de la Naturaleza","tipo_decreto":"Decreto Supremo","n_decreto":"33","fecha_decreto":"18-12-2023"}},{"type":"Feature","geometry":{"type":"Point","coordinates":[-71.30422,-29.47343]},"properties":{"nombre":"Cruz Grande","region":"Coquimbo","provincia":"Elqui","comuna":"La Higuera","codigo_cmn":"01869_SN_04104","categoria":"Santuario de la Naturaleza","tipo_decreto":"Decreto Supremo","n_decreto":"33","fecha_decreto":"29-01-2024"}},{"type":"Feature","geometry":{"type":"Point","coordinates":[-72.09621,-41.38054]},"properties":{"nombre":"Valle de Cochamó","region":"Los Lagos","provincia":"Llanquihue","comuna":"Cochamó","codigo_cmn":"01868_SN_10103","categoria":"Santuario de la Naturaleza","tipo_decreto":"Decreto Supremo","n_decreto":"29","fecha_decreto":"29-01-2024"}},{"type":"Feature","geometry":{"type":"Point","coordinates":[-70.34595,-30.80638]},"properties":{"nombre":"Río Sasso","region":"Coquimbo","provincia":"Limarí","comuna":"Monte Patria","codigo_cmn":"01866_SN_04303","categoria":"Santuario de la Naturaleza","tipo_decreto":"Decreto Supremo","n_decreto":"3","fecha_decreto":"01-12-2023"}},{"type":"Feature","geometry":{"type":"Point","coordinates":[-71.46947,-32.55174]},"properties":{"nombre":"Cerro La Cruz","region":"Valparaíso","provincia":"Petorca","comuna":"Zapallar","codigo_cmn":"01864_SN_05405","categoria":"Santuario de la Naturaleza","tipo_decreto":"Decreto Supremo","n_decreto":"32","fecha_decreto":"30-11-2023"}},{"type":"Feature","geometry":{"type":"Point","coordinates":[-69.94254,-34.14719]},"properties":{"nombre":"Cruz de Piedra","region":"Metropolitana de Santiago","provincia":"Cordillera","comuna":"San José de Maipo","codigo_cmn":"01865_SN_1320","categoria":"Santuario de la Naturaleza","tipo_decreto":"Decreto Supremo","n_decreto":"34","fecha_decreto":"30-11-2023"}},{"type":"Feature","geometry":{"type":"Point","coordinates":[-71.61317,-33.0459]},"properties":{"nombre":"Ex Fábrica Hucke","region":"Valparaíso","provincia":"Valparaíso","comuna":"Valparaíso","codigo_cmn":"01874_MH_05101","categoria":"Monumento Histórico","tipo_decreto":"Decreto Supremo","n_decreto":"5","fecha_decreto":"19-02-2024"}},{"type":"Feature","geometry":{"type":"Point","coordinates":[-71.65176,-33.29125]},"properties":{"nombre":"Playa sur de Tunquén","region":"Valparaíso","provincia":"San Antonio","comuna":"Algarrobo","codigo_cmn":"01870_SN_05602","categoria":"Santuario de la Naturaleza","tipo_decreto":"Decreto","n_decreto":"35","fecha_decreto":"04-09-2023"}},{"type":"Feature","geometry":{"type":"Point","coordinates":[-71.64014,-33.48119]},"properties":{"nombre":"Dunas de la Chépica-Gota de Leche","region":"Valparaíso","provincia":"San Antonio","comuna":"El Tabo","codigo_cmn":"01871_SN_05605","categoria":"Santuario de la Naturaleza","tipo_decreto":"Decreto Supremo","n_decreto":"36","fecha_decreto":"04-09-2023"}},{"type":"Feature","geometry":{"type":"Point","coordinates":[-73.59526,-41.61607]},"properties":{"nombre":"Iglesia Nuestra Señora del Rosario de Maullín","region":"Los Lagos","provincia":"Llanquihue","comuna":"Maullín","codigo_cmn":"01873_MH_10108","categoria":"Monumento Histórico","tipo_decreto":"Decreto Supremo","n_decreto":"2","fecha_decreto":"13-02-2024"}},{"type":"Feature","geometry":{"type":"Point","coordinates":[-70.66505,-33.45187]},"properties":{"nombre":"Teatro Manuel Rodríguez","region":"Metropolitana de Santiago","provincia":"Santiago","comuna":"Santiago","codigo_cmn":"01872_MH_13101","categoria":"Monumento Histórico","tipo_decreto":"Decreto Supremo","n_decreto":"3","fecha_decreto":"19-02-2024"}},{"type":"Feature","geometry":{"type":"Point","coordinates":[-70.65265,-33.43325]},"properties":{"nombre":"Conjunto de Edificios Aillavilú","region":"Metropolitana de Santiago","provincia":"Santiago","comuna":"Santiago","codigo_cmn":"01875_MH_13101","categoria":"Monumento Histórico","tipo_decreto":"Decreto Supremo","n_decreto":"8","fecha_decreto":"20-02-2024"}},{"type":"Feature","geometry":{"type":"Point","coordinates":[-70.70072,-33.60476]},"properties":{"nombre":"Población Obrero Ferroviaria de San Bernardo","region":"Metropolitana de Santiago","provincia":"Maipo","comuna":"San Bernardo","codigo_cmn":"01879_ZT_13401","categoria":"Zona Típica o Pintoresca","tipo_decreto":"Decreto Supremo","n_decreto":"13","fecha_decreto":"19-04-2024"}},{"type":"Feature","geometry":{"type":"Point","coordinates":[-70.74733,-34.17478]},"properties":{"nombre":"Pasaje Trénova","region":"Libertador General Bernardo O'Higgins","provincia":"Cachapoal","comuna":"Rancagua","codigo_cmn":"01878_ZT_06101","categoria":"Zona Típica o Pintoresca","tipo_decreto":"Decreto Supremo","n_decreto":"21","fecha_decreto":"31-05-204"}},{"type":"Feature","geometry":{"type":"Point","coordinates":[-70.15139,-20.21194]},"properties":{"nombre":"Inmueble de calle Patricio Lynch Nº 297, conocido como Cuartel de la Bomba Española Nº 1 de Iquique","region":"Tarapacá","provincia":"Iquique","comuna":"Iquique","codigo_cmn":"01877_MH_01101","categoria":"Monumento Histórico","tipo_decreto":"Decreto Supremo","n_decreto":"10","fecha_decreto":"14-05-204"}},{"type":"Feature","geometry":{"type":"Point","coordinates":[-72.7244,-37.26585]},"properties":{"nombre":"Complejo Ferroviario de San Rosendo","region":"Biobío","provincia":"Biobío","comuna":"San Rosendo","codigo_cmn":"01881_MH_08310","categoria":"Monumento Histórico","tipo_decreto":"Decreto Supremo","n_decreto":"17","fecha_decreto":"22-05-2024"}},{"type":"Feature","geometry":{"type":"Point","coordinates":[-73.00753,-41.25539]},"properties":{"nombre":"Casa Werner Raddatz","region":"Los Lagos","provincia":"Llanquihue","comuna":"Llanquihue","codigo_cmn":"01880_MH_10107","categoria":"Monumento Histórico","tipo_decreto":"Decreto Supremo","n_decreto":"15","fecha_decreto":"03-05-2024"}},{"type":"Feature","geometry":{"type":"Point","coordinates":[-70.66906,-33.43149]},"properties":{"nombre":"Casa de la Memoria Sola Sierra","region":"Metropolitana de Santiago","provincia":"Santiago","comuna":"Santiago","codigo_cmn":"01882_MH_13101","categoria":"Monumento Histórico","tipo_decreto":"Decreto Supremo","n_decreto":"20","fecha_decreto":"27-05-2024"}},{"type":"Feature","geometry":{"type":"Point","coordinates":[-70.30491,-18.47299]},"properties":{"nombre":"Terminal Rodoviario de Arica","region":"Arica y Parinacota","provincia":"Arica","comuna":"Arica","codigo_cmn":"01885_MH_15101","categoria":"Monumento Histórico","tipo_decreto":"Decreto Supremo","n_decreto":"25","fecha_decreto":"24-07-2024"}},{"type":"Feature","geometry":{"type":"Point","coordinates":[-71.07516,-28.5092]},"properties":{"nombre":"Hospital Agustín Edwards Ossandón","region":"Atacama","provincia":"Huasco","comuna":"Freirina","codigo_cmn":"01886_MH_03303","categoria":"Monumento Histórico","tipo_decreto":"Decreto Supremo","n_decreto":"27","fecha_decreto":"26-07-2024"}},{"type":"Feature","geometry":{"type":"Point","coordinates":[-72.09619,-36.61008]},"properties":{"nombre":"Casa de Gonzalo Rojas e Hilda May","region":"Ñuble","provincia":"Diguillín","comuna":"Chillán","codigo_cmn":"01887_MH_16101","categoria":"Monumento Histórico","tipo_decreto":"Decreto Supremo","n_decreto":"31","fecha_decreto":"09-09-2024"}},{"type":"Feature","geometry":{"type":"Point","coordinates":[-73.44322,-37.24158]},"properties":{"nombre":"Humedal Tubul-Raqui","region":"Biobío","provincia":"Arauco","comuna":"Arauco","codigo_cmn":"01884_SN_08202","categoria":"Santuario de la Naturaleza","tipo_decreto":"Decreto Supremo","n_decreto":"52","fecha_decreto":"29-08-2022"}},{"type":"Feature","geometry":{"type":"Point","coordinates":[-70.04099,-21.43158]},"properties":{"nombre":"Desembocadura río Loa","region":"Multiterritorial","provincia":"Multiterritorial","comuna":"Multiterritorial","codigo_cmn":"01883_SN_MT","categoria":"Santuario de la Naturaleza","tipo_decreto":"Decreto Supremo","n_decreto":"7","fecha_decreto":"13-01-2022"}},{"type":"Feature","geometry":{"type":"Point","coordinates":[-70.31006,-18.46907]},"properties":{"nombre":"Cuartel San José de Arica, ex Instalaciones de la Compañía Chilena de la Fundición de Estaño, Comuna de Arica, Región de Arica y Parinacota","region":"Arica y Parinacota","provincia":"Arica","comuna":"Arica","codigo_cmn":"01888_MH_15101","categoria":"Monumento Histórico","tipo_decreto":"Decreto","n_decreto":"34","fecha_decreto":"30-05-2022"}},{"type":"Feature","geometry":{"type":"Point","coordinates":[-73.48018,-42.16364]},"properties":{"nombre":"Isla Aucar y su entorno","region":"Los Lagos","provincia":"Chiloé","comuna":"Quemchi","codigo_cmn":"01889_ZT_10209","categoria":"Zona Típica o Pintoresca","tipo_decreto":"Decreto","n_decreto":"33","fecha_decreto":"01-10-2024"}},{"type":"Feature","geometry":{"type":"Point","coordinates":[-70.30212,-18.46058]},"properties":{"nombre":"Piscina Olímpica de Arica","region":"Arica y Parinacota","provincia":"Arica","comuna":"Arica","codigo_cmn":"01890_MH_15101","categoria":"Monumento Histórico","tipo_decreto":"Decreto","n_decreto":"32","fecha_decreto":"24-09-2024"}},{"type":"Feature","geometry":{"type":"Point","coordinates":[-72.58998,-38.73441]},"properties":{"nombre":"Sitio de Memoria ex Cuartel de la Central Nacional de Informaciones de calle Miraflores N° 724","region":"La Araucanía","provincia":"Cautín","comuna":"Temuco","codigo_cmn":"01891_MH_09101","categoria":"Monumento Histórico","tipo_decreto":"Decreto","n_decreto":"39","fecha_decreto":"16-10-2024"}},{"type":"Feature","geometry":{"type":"Point","coordinates":[-70.67143,-33.42666]},"properties":{"nombre":"Sitio de Memoria Puente Bulnes","region":"Metropolitana de Santiago","provincia":"Santiago","comuna":"Santiago","codigo_cmn":"01892_MH_13101","categoria":"Monumento Histórico","tipo_decreto":"Decreto","n_decreto":"41","fecha_decreto":"16-10-2024"}},{"type":"Feature","geometry":{"type":"Point","coordinates":[-69.02139,-22.48483]},"properties":{"nombre":"Quebrada Ojo de Opache","region":"Antofagasta","provincia":"El Loa","comuna":"Calama","codigo_cmn":"01893_SN_02201","categoria":"Santuario de la Naturaleza","tipo_decreto":"Decreto","n_decreto":"11","fecha_decreto":"27-01-2021"}},{"type":"Feature","geometry":{"type":"Point","coordinates":[-70.64456,-33.41272]},"properties":{"nombre":"Memorial Ejecutados Políticos y Detenidos Desaparecidos del Cementerio General","region":"Metropolitana de Santiago","provincia":"Santiago","comuna":"Recoleta","codigo_cmn":"01894_MH_13127","categoria":"Monumento Histórico","tipo_decreto":"Decreto","n_decreto":"30","fecha_decreto":"09-09-2024"}},{"type":"Feature","geometry":{"type":"Point","coordinates":[-70.65477,-33.44558]},"properties":{"nombre":"Palacio Espínola Pereira","region":"Metropolitana de Santiago","provincia":"Santiago","comuna":"Santiago","codigo_cmn":"01895_MH_13101","categoria":"Monumento Histórico","tipo_decreto":"Decreto","n_decreto":"37","fecha_decreto":"11-11-2024"}},{"type":"Feature","geometry":{"type":"Point","coordinates":[-72.66867,-38.25189]},"properties":{"nombre":"Casa Lorenzo Tapia","region":"La Araucanía","provincia":"Malleco","comuna":"Traiguén","codigo_cmn":"01901_MH_09210","categoria":"Monumento Histórico","tipo_decreto":"Decreto","n_decreto":"52","fecha_decreto":"19-11-2024"}},{"type":"Feature","geometry":{"type":"Point","coordinates":[-70.65091,-33.41899]},"properties":{"nombre":"Edificio del Servicio Médico Legal","region":"Metropolitana de Santiago","provincia":"Santiago","comuna":"Independencia","codigo_cmn":"01902_MH_13108","categoria":"Monumento Histórico","tipo_decreto":"Decreto","n_decreto":"56","fecha_decreto":"19-11-2024"}},{"type":"Feature","geometry":{"type":"Point","coordinates":[-70.64183,-33.39738]},"properties":{"nombre":"Sitio de Memoria casa Pedro Donoso N° 582-A, Matanza de Corpus Christi","region":"Metropolitana de Santiago","provincia":"Santiago","comuna":"Recoleta","codigo_cmn":"01903_MH_13127","categoria":"Monumento Histórico","tipo_decreto":"Decreto","n_decreto":"58","fecha_decreto":"19-11-2024"}},{"type":"Feature","geometry":{"type":"Point","coordinates":[-73.07063,-36.81866]},"properties":{"nombre":"Mausoleo de Herminio González del Cementerio General de Concepción","region":"Biobío","provincia":"Concepción","comuna":"Concepción","codigo_cmn":"01904_MH_08101","categoria":"Monumento Histórico","tipo_decreto":"Decreto","n_decreto":"62","fecha_decreto":"21-11-2024"}},{"type":"Feature","geometry":{"type":"Point","coordinates":[-70.68258,-33.43736]},"properties":{"nombre":"Internado Nacional Barros Arana","region":"Metropolitana de Santiago","provincia":"Santiago","comuna":"Santiago","codigo_cmn":"01905_MH_13101","categoria":"Monumento Histórico","tipo_decreto":"Decreto","n_decreto":"64","fecha_decreto":"28-11-2024"}},{"type":"Feature","geometry":{"type":"Point","coordinates":[-69.48731,-26.42924]},"properties":{"nombre":"Escuela Americana de Potrerillos","region":"Atacama","provincia":"Chañaral","comuna":"Diego de Almagro","codigo_cmn":"01918_MH_03202","categoria":"Monumento Histórico","tipo_decreto":"Decreto","n_decreto":"14","fecha_decreto":"05-06-2025"}},{"type":"Feature","geometry":{"type":"Point","coordinates":[-69.48735,-26.42969]},"properties":{"nombre":"Campamento Americano del Asentamiento Minero de Potrerillos","region":"Atacama","provincia":"Chañaral","comuna":"Diego de Almagro","codigo_cmn":"01911_ZT_03202","categoria":"Zona Típica o Pintoresca","tipo_decreto":"Decreto","n_decreto":"14","fecha_decreto":"05-06-2025"}},{"type":"Feature","geometry":{"type":"Point","coordinates":[-69.48697,-26.43489]},"properties":{"nombre":"Teatro Andes","region":"Atacama","provincia":"Chañaral","comuna":"Diego de Almagro","codigo_cmn":"01913_MH_03202","categoria":"Monumento Histórico","tipo_decreto":"Decreto","n_decreto":"14","fecha_decreto":"05-06-2025"}},{"type":"Feature","geometry":{"type":"Point","coordinates":[-69.48487,-26.43546]},"properties":{"nombre":"Centro Histórico del Asentamiento Minero de Potrerillos","region":"Atacama","provincia":"Chañaral","comuna":"Diego de Almagro","codigo_cmn":"01910_ZT_03202","categoria":"Zona Típica o Pintoresca","tipo_decreto":"Decreto","n_decreto":"14","fecha_decreto":"05-06-2025"}},{"type":"Feature","geometry":{"type":"Point","coordinates":[-69.48356,-26.43521]},"properties":{"nombre":"Club social de Empleados","region":"Atacama","provincia":"Chañaral","comuna":"Diego de Almagro","codigo_cmn":"01914_MH_03202","categoria":"Monumento Histórico","tipo_decreto":"Decreto","n_decreto":"14","fecha_decreto":"05-06-2025"}},{"type":"Feature","geometry":{"type":"Point","coordinates":[-69.48295,-26.43635]},"properties":{"nombre":"Escuela Chilena de Potrerillos","region":"Atacama","provincia":"Chañaral","comuna":"Diego de Almagro","codigo_cmn":"01915_MH_03202","categoria":"Monumento Histórico","tipo_decreto":"Decreto","n_decreto":"14","fecha_decreto":"05-06-2025"}},{"type":"Feature","geometry":{"type":"Point","coordinates":[-69.48245,-26.43645]},"properties":{"nombre":"Iglesia de Potrerillos","region":"Atacama","provincia":"Chañaral","comuna":"Diego de Almagro","codigo_cmn":"01916_MH_03202","categoria":"Monumento Histórico","tipo_decreto":"Decreto","n_decreto":"14","fecha_decreto":"05-06-2025"}},{"type":"Feature","geometry":{"type":"Point","coordinates":[-69.48497,-26.43785]},"properties":{"nombre":"Campamento de Obreros del Asentamiento Minero de Potrerillos","region":"Atacama","provincia":"Chañaral","comuna":"Diego de Almagro","codigo_cmn":"01912_ZT_03202","categoria":"Zona Típica o Pintoresca","tipo_decreto":"Decreto","n_decreto":"14","fecha_decreto":"05-06-2025"}},{"type":"Feature","geometry":{"type":"Point","coordinates":[-69.49278,-26.44396]},"properties":{"nombre":"Cementerio del Asentamiento Minero de Potrerillos","region":"Atacama","provincia":"Chañaral","comuna":"Diego de Almagro","codigo_cmn":"01919_MH_03202","categoria":"Monumento Histórico","tipo_decreto":"Decreto","n_decreto":"14","fecha_decreto":"05-06-2025"}},{"type":"Feature","geometry":{"type":"Point","coordinates":[-72.10433,-36.60603]},"properties":{"nombre":"Murales Principio y Fin de Julio Escámez","region":"Ñuble","provincia":"Diguillín","comuna":"Chillán","codigo_cmn":"01920_MH_16101","categoria":"Monumento Histórico","tipo_decreto":"Decreto","n_decreto":"21","fecha_decreto":"20-08-2025"}},{"type":"Feature","geometry":{"type":"Point","coordinates":[-70.65935,-33.41691]},"properties":{"nombre":"Casa y Archivo del Movimiento Pro Emancipación de la Mujer Chilena (MEMCH)","region":"Metropolitana de Santiago","provincia":"Santiago","comuna":"Independencia","codigo_cmn":"01921_MH_13108","categoria":"Monumento Histórico","tipo_decreto":"Decreto","n_decreto":"24","fecha_decreto":"22-08-2025"}},{"type":"Feature","geometry":{"type":"Point","coordinates":[-70.44467,-23.76444]},"properties":{"nombre":"Sitio de Memoria Quebrada El Way, Caravana de la Muerte Antofagasta","region":"Antofagasta","provincia":"Antofagasta","comuna":"Antofagasta","codigo_cmn":"01922_MH_02101","categoria":"Monumento Histórico","tipo_decreto":"Decreto","n_decreto":"30","fecha_decreto":"16-10-2025"}},{"type":"Feature","geometry":{"type":"Point","coordinates":[-70.6218,-26.34797]},"properties":{"nombre":"Casa contigua a la Iglesia Católica","region":"Atacama","provincia":"Chañaral","comuna":"Chañaral","codigo_cmn":"01908_MH_03201","categoria":"Monumento Histórico","tipo_decreto":"Decreto","n_decreto":"727","fecha_decreto":"14-10-1985"}},{"type":"Feature","geometry":{"type":"Point","coordinates":[-71.59966,-33.55594]},"properties":{"nombre":"Sector de la Casa, Parque y Tumba de Vicente Huidobro","region":"Valparaíso","provincia":"San Antonio","comuna":"Cartagena","codigo_cmn":"01909_ZT_05603","categoria":"Zona Típica o Pintoresca","tipo_decreto":"Decreto","n_decreto":"401","fecha_decreto":"23-11-1999"}},{"type":"Feature","geometry":{"type":"Point","coordinates":[-69.488,-26.4281]},"properties":{"nombre":"Casa del Subgerente de Potrerillos","region":"Atacama","provincia":"Chañaral","comuna":"Diego de Almagro","codigo_cmn":"01917_MH_03202","categoria":"Monumento Histórico","tipo_decreto":"Decreto","n_decreto":"14","fecha_decreto":"05-06-2025"}},{"type":"Feature","geometry":{"type":"Point","coordinates":[-70.73818,-34.17399]},"properties":{"nombre":"Sitio de Memoria ex centro de detención CNI de Rancagua","region":"Libertador General Bernardo O'Higgins","provincia":"Cachapoal","comuna":"Rancagua","codigo_cmn":"01924_MH_06101","categoria":"Monumento Histórico","tipo_decreto":"Decreto","n_decreto":"38","fecha_decreto":"18-12-2025"}},{"type":"Feature","geometry":{"type":"Point","coordinates":[-71.60137,-33.03901]},"properties":{"nombre":"Sitio de Memoria Ex Comisaría N° 3 Valparaíso Norte","region":"Valparaíso","provincia":"Valparaíso","comuna":"Valparaíso","codigo_cmn":"01925_MH_05101","categoria":"Monumento Histórico","tipo_decreto":"Decreto","n_decreto":"39","fecha_decreto":"18-12-2025"}}]}